Data,Mandante,Visitante,Gols_Mandante,Gols_Visitante,Resultado,Alvo,Total_Gols,Media_Gols_Mandante,Media_Gols_Visitante
2012-05-19,Palmeiras,Portuguesa,1.0,1.0,D,0.0,2.0,1.0,1.0
2012-05-19,Sport Recife,Flamengo RJ,1.0,1.0,D,0.0,2.0,1.0,1.0
2012-05-20,Figueirense,Nautico,2.0,1.0,H,1.0,3.0,1.0,1.0
2012-05-20,Botafogo RJ,Sao Paulo,4.0,2.0,H,1.0,6.0,1.0,1.0
2012-05-20,Corinthians,Fluminense,0.0,1.0,A,2.0,1.0,1.0,1.0
2012-05-20,Internacional,Coritiba,2.0,0.0,H,1.0,2.0,1.0,1.0
2012-05-20,Ponte Preta,Atletico-MG,0.0,1.0,A,2.0,1.0,1.0,1.0
2012-05-20,Bahia,Santos,0.0,0.0,D,0.0,0.0,1.0,1.0
2012-05-20,Cruzeiro,Atletico GO,0.0,0.0,D,0.0,0.0,1.0,1.0
2012-05-20,Vasco,Gremio,2.0,1.0,H,1.0,3.0,1.0,1.0
2012-05-26,Atletico GO,Ponte Preta,1.0,1.0,D,0.0,2.0,0.0,0.0
2012-05-26,Flamengo RJ,Internacional,3.0,3.0,D,0.0,6.0,1.0,2.0
2012-05-26,Portuguesa,Vasco,0.0,1.0,A,2.0,1.0,1.0,2.0
2012-05-27,Gremio,Palmeiras,1.0,0.0,H,1.0,1.0,1.0,1.0
2012-05-27,Fluminense,Figueirense,2.0,2.0,D,0.0,4.0,1.0,2.0
2012-05-27,Santos,Sport Recife,0.0,0.0,D,0.0,0.0,0.0,1.0
2012-05-27,Sao Paulo,Bahia,1.0,0.0,H,1.0,1.0,2.0,0.0
2012-05-27,Atletico-MG,Corinthians,1.0,0.0,H,1.0,1.0,1.0,0.0
2012-05-27,Nautico,Cruzeiro,0.0,0.0,D,0.0,0.0,1.0,0.0
2012-05-27,Coritiba,Botafogo RJ,2.0,3.0,A,2.0,5.0,0.0,4.0
2012-06-06,Atletico GO,Gremio,0.0,1.0,A,2.0,1.0,0.5,1.0
2012-06-06,Sport Recife,Palmeiras,2.0,1.0,H,1.0,3.0,0.5,0.5
2012-06-07,Internacional,Sao Paulo,1.0,0.0,H,1.0,1.0,2.5,1.5
2012-06-07,Atletico-MG,Bahia,1.0,1.0,D,0.0,2.0,1.0,0.0
2012-06-07,Coritiba,Portuguesa,2.0,0.0,H,1.0,2.0,1.0,0.5
2012-06-07,Vasco,Nautico,4.0,2.0,H,1.0,6.0,1.5,0.5
2012-06-07,Ponte Preta,Flamengo RJ,2.0,2.0,D,0.0,4.0,0.5,2.0
2012-06-07,Santos,Fluminense,1.0,1.0,D,0.0,2.0,0.0,1.5
2012-06-08,Botafogo RJ,Cruzeiro,2.0,3.0,A,2.0,5.0,3.5,0.0
2012-06-08,Corinthians,Figueirense,1.0,1.0,D,0.0,2.0,0.0,2.0
2012-06-09,Flamengo RJ,Coritiba,3.0,1.0,H,1.0,4.0,2.0,1.3333333333333333
2012-06-10,Figueirense,Ponte Preta,0.0,0.0,D,0.0,0.0,1.6666666666666667,1.0
2012-06-10,Cruzeiro,Sport Recife,1.0,0.0,H,1.0,1.0,1.0,1.0
2012-06-10,Nautico,Botafogo RJ,3.0,2.0,H,1.0,5.0,1.0,3.0
2012-06-10,Gremio,Corinthians,2.0,0.0,H,1.0,2.0,1.0,0.3333333333333333
2012-06-10,Sao Paulo,Santos,1.0,0.0,H,1.0,1.0,1.0,0.3333333333333333
2012-06-10,Bahia,Vasco,1.0,2.0,A,2.0,3.0,0.3333333333333333,2.3333333333333335
2012-06-10,Portuguesa,Atletico GO,2.0,0.0,H,1.0,2.0,0.3333333333333333,0.3333333333333333
2012-06-10,Palmeiras,Atletico-MG,0.0,1.0,A,2.0,1.0,0.6666666666666666,1.0
2012-06-10,Fluminense,Internacional,0.0,0.0,D,0.0,0.0,1.3333333333333333,2.0
2012-06-16,Cruzeiro,Figueirense,1.0,0.0,H,1.0,1.0,1.0,1.25
2012-06-16,Internacional,Botafogo RJ,1.0,2.0,A,2.0,3.0,1.5,2.75
2012-06-17,Ponte Preta,Corinthians,1.0,0.0,H,1.0,1.0,0.75,0.25
2012-06-17,Nautico,Gremio,1.0,0.0,H,1.0,1.0,1.5,1.25
2012-06-17,Coritiba,Atletico GO,3.0,0.0,H,1.0,3.0,1.25,0.25
2012-06-17,Sao Paulo,Atletico-MG,1.0,0.0,H,1.0,1.0,1.0,1.0
2012-06-17,Palmeiras,Vasco,1.0,1.0,D,0.0,2.0,0.5,2.25
2012-06-17,Bahia,Sport Recife,2.0,1.0,H,1.0,3.0,0.5,0.75
2012-06-17,Fluminense,Portuguesa,4.0,1.0,H,1.0,5.0,1.0,0.75
2012-06-17,Flamengo RJ,Santos,1.0,0.0,H,1.0,1.0,2.25,0.25
2012-06-23,Portuguesa,Sao Paulo,1.0,0.0,H,1.0,1.0,0.8,1.0
2012-06-23,Vasco,Cruzeiro,1.0,3.0,A,2.0,4.0,2.0,1.0
2012-06-24,Sport Recife,Internacional,0.0,2.0,A,2.0,2.0,0.8,1.4
2012-06-24,Santos,Coritiba,2.0,2.0,D,0.0,4.0,0.2,1.6
2012-06-24,Atletico GO,Fluminense,1.0,4.0,A,2.0,5.0,0.2,1.6
2012-06-24,Botafogo RJ,Ponte Preta,1.0,2.0,A,2.0,3.0,2.6,0.8
2012-06-24,Figueirense,Bahia,1.0,1.0,D,0.0,2.0,1.0,0.8
2012-06-24,Corinthians,Palmeiras,2.0,1.0,H,1.0,3.0,0.2,0.6
2012-06-24,Atletico-MG,Nautico,5.0,1.0,H,1.0,6.0,0.8,1.4
2012-06-24,Gremio,Flamengo RJ,2.0,0.0,H,1.0,2.0,1.0,2.0
2012-06-30,Cruzeiro,Sao Paulo,2.0,3.0,A,2.0,5.0,1.3333333333333333,0.8333333333333334
2012-06-30,Nautico,Fluminense,0.0,2.0,A,2.0,2.0,1.3333333333333333,2.0
2012-06-30,Vasco,Ponte Preta,3.0,2.0,H,1.0,5.0,1.8333333333333333,1.0
2012-07-01,Palmeiras,Figueirense,3.0,1.0,H,1.0,4.0,0.6666666666666666,1.0
2012-07-01,Flamengo RJ,Atletico GO,3.0,2.0,H,1.0,5.0,1.6666666666666667,0.3333333333333333
2012-07-01,Gremio,Atletico-MG,0.0,1.0,A,2.0,1.0,1.1666666666666667,1.5
2012-07-01,Coritiba,Sport Recife,2.0,3.0,A,2.0,5.0,1.6666666666666667,0.6666666666666666
2012-07-01,Bahia,Internacional,1.0,1.0,D,0.0,2.0,0.8333333333333334,1.5
2012-07-01,Portuguesa,Santos,0.0,0.0,D,0.0,0.0,0.8333333333333334,0.5
2012-07-07,Botafogo RJ,Bahia,3.0,0.0,H,1.0,3.0,2.3333333333333335,0.8571428571428571
2012-07-07,Internacional,Cruzeiro,2.0,1.0,H,1.0,3.0,1.4285714285714286,1.4285714285714286
2012-07-08,Sport Recife,Corinthians,1.0,1.0,D,0.0,2.0,1.0,0.5
2012-07-08,Atletico GO,Nautico,0.0,1.0,A,2.0,1.0,0.5714285714285714,1.1428571428571428
2012-07-08,Figueirense,Vasco,1.0,1.0,D,0.0,2.0,1.0,2.0
2012-07-08,Fluminense,Flamengo RJ,1.0,0.0,H,1.0,1.0,2.0,1.8571428571428572
2012-07-08,Santos,Gremio,4.0,2.0,H,1.0,6.0,0.42857142857142855,1.0
2012-07-08,Sao Paulo,Coritiba,3.0,1.0,H,1.0,4.0,1.1428571428571428,1.7142857142857142
2012-07-08,Atletico-MG,Portuguesa,2.0,0.0,H,1.0,2.0,1.4285714285714286,0.7142857142857143
2012-07-08,Ponte Preta,Palmeiras,1.0,0.0,H,1.0,1.0,1.1428571428571428,1.0
2012-07-11,Corinthians,Botafogo RJ,1.0,3.0,A,2.0,4.0,0.5714285714285714,2.4285714285714284
2012-07-14,Figueirense,Atletico-MG,3.0,4.0,A,2.0,7.0,1.0,1.5
2012-07-14,Corinthians,Nautico,2.0,1.0,H,1.0,3.0,0.625,1.125
2012-07-15,Ponte Preta,Coritiba,4.0,1.0,H,1.0,5.0,1.125,1.625
2012-07-15,Bahia,Flamengo RJ,1.0,2.0,A,2.0,3.0,0.75,1.625
2012-07-15,Botafogo RJ,Fluminense,1.0,1.0,D,0.0,2.0,2.5,1.875
2012-07-15,Cruzeiro,Gremio,1.0,3.0,A,2.0,4.0,1.375,1.125
2012-07-15,Internacional,Santos,0.0,0.0,D,0.0,0.0,1.5,0.875
2012-07-15,Palmeiras,Sao Paulo,1.0,1.0,D,0.0,2.0,0.875,1.375
2012-07-15,Sport Recife,Portuguesa,2.0,1.0,H,1.0,3.0,1.0,0.625
2012-07-15,Vasco,Atletico GO,1.0,0.0,H,1.0,1.0,1.875,0.5
2012-07-18,Santos,Botafogo RJ,0.0,0.0,D,0.0,0.0,0.7777777777777778,2.3333333333333335
2012-07-18,Gremio,Sport Recife,3.0,1.0,H,1.0,4.0,1.3333333333333333,1.1111111111111112
2012-07-19,Nautico,Ponte Preta,3.0,0.0,H,1.0,3.0,1.1111111111111112,1.4444444444444444
2012-07-19,Portuguesa,Cruzeiro,0.0,2.0,A,2.0,2.0,0.6666666666666666,1.3333333333333333
2012-07-19,Atletico-MG,Internacional,3.0,1.0,H,1.0,4.0,1.7777777777777777,1.3333333333333333
2012-07-19,Flamengo RJ,Corinthians,0.0,3.0,A,2.0,3.0,1.6666666666666667,0.7777777777777778
2012-07-19,Sao Paulo,Vasco,0.0,1.0,A,2.0,1.0,1.3333333333333333,1.7777777777777777
2012-07-20,Atletico GO,Figueirense,3.0,2.0,H,1.0,5.0,0.4444444444444444,1.2222222222222223
2012-07-20,Coritiba,Palmeiras,1.0,1.0,D,0.0,2.0,1.5555555555555556,0.8888888888888888
2012-07-20,Fluminense,Bahia,4.0,0.0,H,1.0,4.0,1.7777777777777777,0.7777777777777778
2012-07-21,Vasco,Santos,2.0,0.0,H,1.0,2.0,1.7,0.7
2012-07-21,Sport Recife,Atletico-MG,1.0,4.0,A,2.0,5.0,1.1,1.9
2012-07-22,Corinthians,Portuguesa,1.0,1.0,D,0.0,2.0,1.0,0.6
2012-07-22,Cruzeiro,Flamengo RJ,1.0,0.0,H,1.0,1.0,1.4,1.5
2012-07-22,Figueirense,Sao Paulo,0.0,2.0,A,2.0,2.0,1.3,1.2
2012-07-22,Internacional,Atletico GO,4.0,1.0,H,1.0,5.0,1.3,0.7
2012-07-22,Palmeiras,Nautico,3.0,0.0,H,1.0,3.0,0.9,1.3
2012-07-22,Bahia,Coritiba,2.0,2.0,D,0.0,4.0,0.7,1.5
2012-07-22,Botafogo RJ,Gremio,0.0,1.0,A,2.0,1.0,2.1,1.5
2012-07-22,Ponte Preta,Fluminense,1.0,2.0,A,2.0,3.0,1.3,2.0
2012-07-25,Ponte Preta,Sport Recife,1.0,1.0,D,0.0,2.0,1.2727272727272727,1.0909090909090908
2012-07-25,Figueirense,Internacional,0.0,1.0,A,2.0,1.0,1.1818181818181819,1.5454545454545454
2012-07-26,Nautico,Coritiba,3.0,4.0,A,2.0,7.0,1.1818181818181819,1.5454545454545454
2012-07-26,Vasco,Botafogo RJ,1.0,0.0,H,1.0,1.0,1.7272727272727273,1.9090909090909092
2012-07-26,Atletico GO,Sao Paulo,4.0,3.0,H,1.0,7.0,0.7272727272727273,1.2727272727272727
2012-07-26,Corinthians,Cruzeiro,2.0,0.0,H,1.0,2.0,1.0,1.3636363636363635
2012-07-26,Gremio,Fluminense,1.0,0.0,H,1.0,1.0,1.4545454545454546,2.0
2012-07-27,Palmeiras,Bahia,0.0,2.0,A,2.0,2.0,1.0909090909090908,0.8181818181818182
2012-07-27,Atletico-MG,Santos,2.0,0.0,H,1.0,2.0,2.090909090909091,0.6363636363636364
2012-07-27,Flamengo RJ,Portuguesa,0.0,0.0,D,0.0,0.0,1.3636363636363635,0.6363636363636364
2012-07-28,Internacional,Vasco,0.0,0.0,D,0.0,0.0,1.5,1.6666666666666667
2012-07-28,Coritiba,Gremio,2.0,1.0,H,1.0,3.0,1.75,1.4166666666666667
2012-07-29,Botafogo RJ,Figueirense,1.0,0.0,H,1.0,1.0,1.75,1.0833333333333333
2012-07-29,Bahia,Corinthians,0.0,0.0,D,0.0,0.0,0.9166666666666666,1.0833333333333333
2012-07-29,Fluminense,Atletico-MG,0.0,0.0,D,0.0,0.0,1.8333333333333333,2.0833333333333335
2012-07-29,Sao Paulo,Flamengo RJ,4.0,1.0,H,1.0,5.0,1.4166666666666667,1.25
2012-07-29,Sport Recife,Atletico GO,0.0,0.0,D,0.0,0.0,1.0833333333333333,1.0
2012-07-29,Cruzeiro,Palmeiras,2.0,1.0,H,1.0,3.0,1.25,1.0
2012-07-29,Portuguesa,Nautico,3.0,1.0,H,1.0,4.0,0.5833333333333334,1.3333333333333333
2012-07-29,Santos,Ponte Preta,2.0,1.0,H,1.0,3.0,0.5833333333333334,1.25
2012-08-04,Atletico GO,Botafogo RJ,1.0,2.0,A,2.0,3.0,0.9230769230769231,1.6923076923076923
2012-08-04,Palmeiras,Internacional,0.0,1.0,A,2.0,1.0,1.0,1.3846153846153846
2012-08-05,Nautico,Santos,3.0,0.0,H,1.0,3.0,1.3076923076923077,0.6923076923076923
2012-08-05,Cruzeiro,Ponte Preta,1.0,2.0,A,2.0,3.0,1.3076923076923077,1.2307692307692308
2012-08-05,Vasco,Corinthians,0.0,0.0,D,0.0,0.0,1.5384615384615385,1.0
2012-08-05,Portuguesa,Figueirense,2.0,0.0,H,1.0,2.0,0.7692307692307693,1.0
2012-08-05,Gremio,Bahia,3.0,1.0,H,1.0,4.0,1.3846153846153846,0.8461538461538461
2012-08-05,Coritiba,Fluminense,0.0,2.0,A,2.0,2.0,1.7692307692307692,1.6923076923076923
2012-08-05,Sao Paulo,Sport Recife,1.0,0.0,H,1.0,1.0,1.6153846153846154,1.0
2012-08-08,Internacional,Nautico,0.0,0.0,D,0.0,0.0,1.3571428571428572,1.4285714285714286
2012-08-08,Sport Recife,Vasco,0.0,2.0,A,2.0,2.0,0.9285714285714286,1.4285714285714286
2012-08-09,Santos,Cruzeiro,4.0,2.0,H,1.0,6.0,0.6428571428571429,1.2857142857142858
2012-08-09,Figueirense,Flamengo RJ,0.0,2.0,A,2.0,2.0,0.9285714285714286,1.2307692307692308
2012-08-09,Bahia,Portuguesa,0.0,0.0,D,0.0,0.0,0.8571428571428571,0.8571428571428571
2012-08-09,Corinthians,Atletico GO,1.0,1.0,D,0.0,2.0,0.9285714285714286,0.9285714285714286
2012-08-09,Botafogo RJ,Palmeiras,1.0,2.0,A,2.0,3.0,1.7142857142857142,0.9285714285714286
2012-08-10,Atletico-MG,Coritiba,1.0,0.0,H,1.0,1.0,1.9230769230769231,1.6428571428571428
2012-08-10,Fluminense,Sao Paulo,2.0,1.0,H,1.0,3.0,1.7142857142857142,1.5714285714285714
2012-08-10,Ponte Preta,Gremio,0.0,0.0,D,0.0,0.0,1.2857142857142858,1.5
2012-08-11,Bahia,Cruzeiro,0.0,1.0,A,2.0,1.0,0.8,1.3333333333333333
2012-08-11,Santos,Atletico GO,2.0,2.0,D,0.0,4.0,0.8666666666666667,0.9333333333333333
2012-08-11,Sport Recife,Figueirense,0.0,1.0,A,2.0,1.0,0.8666666666666667,0.8666666666666667
2012-08-12,Portuguesa,Botafogo RJ,1.0,1.0,D,0.0,2.0,0.8,1.6666666666666667
2012-08-12,Fluminense,Palmeiras,1.0,0.0,H,1.0,1.0,1.7333333333333334,1.0
2012-08-12,Sao Paulo,Gremio,1.0,2.0,A,2.0,3.0,1.5333333333333334,1.4
2012-08-12,Flamengo RJ,Nautico,2.0,0.0,H,1.0,2.0,1.2857142857142858,1.3333333333333333
2012-08-12,Coritiba,Corinthians,1.0,2.0,A,2.0,3.0,1.5333333333333334,0.9333333333333333
2012-08-12,Atletico-MG,Vasco,1.0,0.0,H,1.0,1.0,1.8571428571428572,1.4666666666666666
2012-08-12,Internacional,Ponte Preta,2.0,1.0,H,1.0,3.0,1.2666666666666666,1.2
2012-08-15,Cruzeiro,Fluminense,1.0,1.0,D,0.0,2.0,1.3125,1.6875
2012-08-15,Gremio,Portuguesa,1.0,2.0,A,2.0,3.0,1.4375,0.8125
2012-08-16,Nautico,Sao Paulo,3.0,0.0,H,1.0,3.0,1.25,1.5
2012-08-16,Botafogo RJ,Sport Recife,2.0,0.0,H,1.0,2.0,1.625,0.8125
2012-08-16,Palmeiras,Flamengo RJ,1.0,0.0,H,1.0,1.0,0.9375,1.3333333333333333
2012-08-16,Atletico GO,Atletico-MG,1.0,1.0,D,0.0,2.0,1.0,1.8
2012-08-16,Ponte Preta,Bahia,0.0,2.0,A,2.0,2.0,1.1875,0.75
2012-08-17,Corinthians,Internacional,1.0,0.0,H,1.0,1.0,1.0,1.3125
2012-08-17,Figueirense,Santos,1.0,3.0,A,2.0,4.0,0.875,0.9375
2012-08-17,Vasco,Coritiba,2.0,2.0,D,0.0,4.0,1.375,1.5
2012-08-18,Fluminense,Sport Recife,1.0,0.0,H,1.0,1.0,1.6470588235294117,0.7647058823529411
2012-08-18,Nautico,Bahia,1.0,0.0,H,1.0,1.0,1.3529411764705883,0.8235294117647058
2012-08-19,Portuguesa,Internacional,1.0,1.0,D,0.0,2.0,0.8823529411764706,1.2352941176470589
2012-08-19,Flamengo RJ,Vasco,1.0,0.0,H,1.0,1.0,1.25,1.411764705882353
2012-08-19,Atletico GO,Palmeiras,2.0,1.0,H,1.0,3.0,1.0,0.9411764705882353
2012-08-19,Santos,Corinthians,3.0,2.0,H,1.0,5.0,1.0588235294117647,1.0
2012-08-19,Gremio,Figueirense,4.0,0.0,H,1.0,4.0,1.411764705882353,0.8823529411764706
2012-08-19,Coritiba,Cruzeiro,4.0,0.0,H,1.0,4.0,1.5294117647058822,1.2941176470588236
2012-08-19,Atletico-MG,Botafogo RJ,3.0,2.0,H,1.0,5.0,1.75,1.6470588235294117
2012-08-19,Sao Paulo,Ponte Preta,3.0,0.0,H,1.0,3.0,1.411764705882353,1.1176470588235294
2012-08-25,Palmeiras,Santos,1.0,2.0,A,2.0,3.0,0.9444444444444444,1.1666666666666667
2012-08-25,Vasco,Fluminense,1.0,2.0,A,2.0,3.0,1.3333333333333333,1.6111111111111112
2012-08-26,Sport Recife,Nautico,0.0,0.0,D,0.0,0.0,0.7222222222222222,1.3333333333333333
2012-08-26,Cruzeiro,Atletico-MG,2.0,2.0,D,0.0,4.0,1.2222222222222223,1.8235294117647058
2012-08-26,Bahia,Atletico GO,1.0,1.0,D,0.0,2.0,0.7777777777777778,1.0555555555555556
2012-08-26,Internacional,Gremio,0.0,1.0,A,2.0,1.0,1.2222222222222223,1.5555555555555556
2012-08-26,Figueirense,Coritiba,3.0,1.0,H,1.0,4.0,0.8333333333333334,1.6666666666666667
2012-08-26,Corinthians,Sao Paulo,1.0,2.0,A,2.0,3.0,1.0555555555555556,1.5
2012-08-26,Botafogo RJ,Flamengo RJ,0.0,0.0,D,0.0,0.0,1.6666666666666667,1.2352941176470589
2012-08-26,Ponte Preta,Portuguesa,2.0,1.0,H,1.0,3.0,1.0555555555555556,0.8888888888888888
2012-08-29,Coritiba,Internacional,1.0,0.0,H,1.0,1.0,1.631578947368421,1.1578947368421053
2012-08-29,Santos,Bahia,1.0,3.0,A,2.0,4.0,1.2105263157894737,0.7894736842105263
2012-08-30,Gremio,Vasco,2.0,0.0,H,1.0,2.0,1.5263157894736843,1.3157894736842106
2012-08-30,Atletico GO,Cruzeiro,0.0,2.0,A,2.0,2.0,1.0526315789473684,1.263157894736842
2012-08-30,Fluminense,Corinthians,1.0,1.0,D,0.0,2.0,1.631578947368421,1.0526315789473684
2012-08-30,Nautico,Figueirense,3.0,2.0,H,1.0,5.0,1.263157894736842,0.9473684210526315
2012-08-30,Atletico-MG,Ponte Preta,2.0,2.0,D,0.0,4.0,1.8333333333333333,1.105263157894737
2012-08-30,Portuguesa,Palmeiras,3.0,0.0,H,1.0,3.0,0.8947368421052632,0.9473684210526315
2012-08-31,Flamengo RJ,Sport Recife,1.0,1.0,D,0.0,2.0,1.1666666666666667,0.6842105263157895
2012-08-31,Sao Paulo,Botafogo RJ,4.0,0.0,H,1.0,4.0,1.5263157894736843,1.5789473684210527
2012-09-01,Figueirense,Fluminense,2.0,2.0,D,0.0,4.0,1.0,1.6
2012-09-01,Palmeiras,Gremio,0.0,0.0,D,0.0,0.0,0.9,1.55
2012-09-02,Botafogo RJ,Coritiba,2.0,0.0,H,1.0,2.0,1.5,1.6
2012-09-02,Ponte Preta,Atletico GO,3.0,1.0,H,1.0,4.0,1.15,1.0
2012-09-02,Cruzeiro,Nautico,3.0,0.0,H,1.0,3.0,1.3,1.35
2012-09-02,Sport Recife,Santos,2.0,1.0,H,1.0,3.0,0.7,1.2
2012-09-02,Corinthians,Atletico-MG,1.0,0.0,H,1.0,1.0,1.05,1.8421052631578947
2012-09-02,Internacional,Flamengo RJ,4.0,1.0,H,1.0,5.0,1.1,1.1578947368421053
2012-09-02,Bahia,Sao Paulo,1.0,0.0,H,1.0,1.0,0.9,1.65
2012-09-02,Vasco,Portuguesa,2.0,0.0,H,1.0,2.0,1.25,1.0
2012-09-05,Bahia,Atletico-MG,0.0,0.0,D,0.0,0.0,0.9047619047619048,1.75
2012-09-05,Flamengo RJ,Ponte Preta,0.0,1.0,A,2.0,1.0,1.15,1.2380952380952381
2012-09-05,Nautico,Vasco,1.0,1.0,D,0.0,2.0,1.2857142857142858,1.2857142857142858
2012-09-05,Portuguesa,Coritiba,3.0,0.0,H,1.0,3.0,0.9523809523809523,1.5238095238095237
2012-09-06,Sao Paulo,Internacional,1.0,1.0,D,0.0,2.0,1.5714285714285714,1.2380952380952381
2012-09-06,Figueirense,Corinthians,1.0,0.0,H,1.0,1.0,1.0476190476190477,1.0476190476190477
2012-09-06,Gremio,Atletico GO,2.0,1.0,H,1.0,3.0,1.4761904761904763,1.0
2012-09-06,Cruzeiro,Botafogo RJ,1.0,3.0,A,2.0,4.0,1.380952380952381,1.5238095238095237
2012-09-07,Fluminense,Santos,3.0,1.0,H,1.0,4.0,1.619047619047619,1.1904761904761905
2012-09-07,Palmeiras,Sport Recife,3.0,1.0,H,1.0,4.0,0.8571428571428571,0.7619047619047619
2012-09-08,Coritiba,Flamengo RJ,3.0,0.0,H,1.0,3.0,1.4545454545454546,1.0952380952380953
2012-09-08,Ponte Preta,Figueirense,2.0,2.0,D,0.0,4.0,1.2272727272727273,1.0454545454545454
2012-09-09,Atletico-MG,Palmeiras,3.0,0.0,H,1.0,3.0,1.6666666666666667,0.9545454545454546
2012-09-09,Vasco,Bahia,0.0,4.0,A,2.0,4.0,1.2727272727272727,0.8636363636363636
2012-09-09,Sport Recife,Cruzeiro,2.0,1.0,H,1.0,3.0,0.7727272727272727,1.3636363636363635
2012-09-09,Santos,Sao Paulo,0.0,0.0,D,0.0,0.0,1.1818181818181819,1.5454545454545454
2012-09-09,Internacional,Fluminense,0.0,1.0,A,2.0,1.0,1.2272727272727273,1.6818181818181819
2012-09-09,Botafogo RJ,Nautico,3.0,1.0,H,1.0,4.0,1.5909090909090908,1.2727272727272727
2012-09-09,Corinthians,Gremio,3.0,1.0,H,1.0,4.0,1.0,1.5
2012-09-09,Atletico GO,Portuguesa,1.0,1.0,D,0.0,2.0,1.0,1.0454545454545454
2012-09-12,Corinthians,Ponte Preta,1.0,1.0,D,0.0,2.0,1.0869565217391304,1.2608695652173914
2012-09-12,Figueirense,Cruzeiro,2.0,0.0,H,1.0,2.0,1.0869565217391304,1.3478260869565217
2012-09-12,Portuguesa,Fluminense,0.0,2.0,A,2.0,2.0,1.0434782608695652,1.6521739130434783
2012-09-13,Atletico GO,Coritiba,1.0,2.0,A,2.0,3.0,1.0,1.5217391304347827
2012-09-13,Sport Recife,Bahia,1.0,1.0,D,0.0,2.0,0.8260869565217391,1.0
2012-09-13,Atletico-MG,Sao Paulo,1.0,0.0,H,1.0,1.0,1.7272727272727273,1.4782608695652173
2012-09-13,Santos,Flamengo RJ,2.0,0.0,H,1.0,2.0,1.1304347826086956,1.0454545454545454
2012-09-13,Vasco,Palmeiras,3.0,1.0,H,1.0,4.0,1.2173913043478262,0.9130434782608695
2012-09-14,Botafogo RJ,Internacional,1.0,1.0,D,0.0,2.0,1.6521739130434783,1.173913043478261
2012-09-14,Gremio,Nautico,2.0,0.0,H,1.0,2.0,1.4782608695652173,1.2608695652173914
2012-09-15,Sao Paulo,Portuguesa,3.0,1.0,H,1.0,4.0,1.4166666666666667,1.0
2012-09-15,Fluminense,Atletico GO,1.0,2.0,A,2.0,3.0,1.6666666666666667,1.0
2012-09-16,Flamengo RJ,Gremio,1.0,1.0,D,0.0,2.0,1.0,1.5
2012-09-16,Ponte Preta,Botafogo RJ,0.0,0.0,D,0.0,0.0,1.25,1.625
2012-09-16,Palmeiras,Corinthians,0.0,2.0,A,2.0,2.0,0.9166666666666666,1.0833333333333333
2012-09-16,Internacional,Sport Recife,2.0,2.0,D,0.0,4.0,1.1666666666666667,0.8333333333333334
2012-09-16,Cruzeiro,Vasco,1.0,1.0,D,0.0,2.0,1.2916666666666667,1.2916666666666667
2012-09-16,Coritiba,Santos,1.0,2.0,A,2.0,3.0,1.5416666666666667,1.1666666666666667
2012-09-16,Bahia,Figueirense,2.0,1.0,H,1.0,3.0,1.0,1.125
2012-09-16,Nautico,Atletico-MG,1.0,0.0,H,1.0,1.0,1.2083333333333333,1.6956521739130435
2012-09-22,Figueirense,Palmeiras,1.0,3.0,A,2.0,4.0,1.12,0.88
2012-09-22,Fluminense,Nautico,2.0,1.0,H,1.0,3.0,1.64,1.2
2012-09-23,Sport Recife,Coritiba,1.0,0.0,H,1.0,1.0,0.88,1.52
2012-09-23,Internacional,Bahia,3.0,1.0,H,1.0,4.0,1.2,1.04
2012-09-23,Atletico-MG,Gremio,0.0,0.0,D,0.0,0.0,1.625,1.48
2012-09-23,Sao Paulo,Cruzeiro,1.0,0.0,H,1.0,1.0,1.48,1.28
2012-09-23,Botafogo RJ,Corinthians,2.0,2.0,D,0.0,4.0,1.56,1.12
2012-09-23,Atletico GO,Flamengo RJ,1.0,2.0,A,2.0,3.0,1.04,1.0
2012-09-23,Santos,Portuguesa,1.0,3.0,A,2.0,4.0,1.2,1.0
2012-09-23,Ponte Preta,Vasco,0.0,0.0,D,0.0,0.0,1.2,1.28
2012-09-27,Flamengo RJ,Atletico-MG,2.0,1.0,H,1.0,3.0,1.04,1.56
2012-09-29,Cruzeiro,Internacional,0.0,0.0,D,0.0,0.0,1.2307692307692308,1.2692307692307692
2012-09-29,Nautico,Atletico GO,2.0,0.0,H,1.0,2.0,1.1923076923076923,1.0384615384615385
2012-09-29,Portuguesa,Atletico-MG,1.0,1.0,D,0.0,2.0,1.0769230769230769,1.5384615384615385
2012-09-29,Vasco,Figueirense,3.0,1.0,H,1.0,4.0,1.2307692307692308,1.1153846153846154
2012-09-30,Flamengo RJ,Fluminense,0.0,1.0,A,2.0,1.0,1.0769230769230769,1.6538461538461537
2012-09-30,Gremio,Santos,1.0,1.0,D,0.0,2.0,1.4230769230769231,1.1923076923076923
2012-09-30,Coritiba,Sao Paulo,1.0,1.0,D,0.0,2.0,1.4615384615384615,1.4615384615384615
2012-09-30,Bahia,Botafogo RJ,2.0,0.0,H,1.0,2.0,1.0384615384615385,1.5769230769230769
2012-09-30,Palmeiras,Ponte Preta,3.0,0.0,H,1.0,3.0,0.9615384615384616,1.1538461538461537
2012-09-30,Corinthians,Sport Recife,3.0,0.0,H,1.0,3.0,1.1538461538461537,0.8846153846153846
2012-10-05,Coritiba,Ponte Preta,1.0,0.0,H,1.0,1.0,1.4444444444444444,1.1111111111111112
2012-10-05,Flamengo RJ,Bahia,0.0,0.0,D,0.0,0.0,1.037037037037037,1.0740740740740742
2012-10-05,Portuguesa,Sport Recife,5.0,1.0,H,1.0,6.0,1.0740740740740742,0.8518518518518519
2012-10-06,Santos,Internacional,1.0,1.0,D,0.0,2.0,1.1851851851851851,1.2222222222222223
2012-10-06,Sao Paulo,Palmeiras,3.0,0.0,H,1.0,3.0,1.4444444444444444,1.037037037037037
2012-10-06,Atletico GO,Vasco,0.0,1.0,A,2.0,1.0,1.0,1.2962962962962963
2012-10-06,Nautico,Corinthians,2.0,1.0,H,1.0,3.0,1.2222222222222223,1.2222222222222223
2012-10-06,Atletico-MG,Figueirense,6.0,0.0,H,1.0,6.0,1.5185185185185186,1.1111111111111112
2012-10-06,Fluminense,Botafogo RJ,1.0,0.0,H,1.0,1.0,1.6296296296296295,1.5185185185185186
2012-10-06,Gremio,Cruzeiro,2.0,1.0,H,1.0,3.0,1.4074074074074074,1.1851851851851851
2012-10-10,Figueirense,Atletico GO,3.0,1.0,H,1.0,4.0,1.0714285714285714,0.9642857142857143
2012-10-10,Cruzeiro,Portuguesa,2.0,0.0,H,1.0,2.0,1.1785714285714286,1.2142857142857142
2012-10-10,Ponte Preta,Nautico,2.0,1.0,H,1.0,3.0,1.0714285714285714,1.25
2012-10-10,Bahia,Fluminense,0.0,2.0,A,2.0,2.0,1.0357142857142858,1.6071428571428572
2012-10-10,Botafogo RJ,Santos,0.0,2.0,A,2.0,2.0,1.4642857142857142,1.1785714285714286
2012-10-11,Internacional,Atletico-MG,3.0,0.0,H,1.0,3.0,1.2142857142857142,1.6785714285714286
2012-10-11,Vasco,Sao Paulo,0.0,2.0,A,2.0,2.0,1.2857142857142858,1.5
2012-10-11,Corinthians,Flamengo RJ,3.0,2.0,H,1.0,5.0,1.2142857142857142,1.0
2012-10-12,Palmeiras,Coritiba,0.0,1.0,A,2.0,1.0,1.0,1.4285714285714286
2012-10-12,Sport Recife,Gremio,1.0,3.0,A,2.0,4.0,0.8571428571428571,1.4285714285714286
2012-10-13,Atletico GO,Internacional,3.0,1.0,H,1.0,4.0,0.9655172413793104,1.2758620689655173
2012-10-13,Flamengo RJ,Cruzeiro,1.0,1.0,D,0.0,2.0,1.0344827586206897,1.206896551724138
2012-10-14,Gremio,Botafogo RJ,1.0,1.0,D,0.0,2.0,1.4827586206896552,1.4137931034482758
2012-10-14,Fluminense,Ponte Preta,2.0,1.0,H,1.0,3.0,1.6206896551724137,1.103448275862069
2012-10-14,Santos,Vasco,2.0,0.0,H,1.0,2.0,1.206896551724138,1.2413793103448276
2012-10-14,Sao Paulo,Figueirense,2.0,0.0,H,1.0,2.0,1.5172413793103448,1.1379310344827587
2012-10-14,Coritiba,Bahia,2.0,1.0,H,1.0,3.0,1.4137931034482758,1.0
2012-10-14,Atletico-MG,Sport Recife,2.0,1.0,H,1.0,3.0,1.6206896551724137,0.8620689655172413
2012-10-14,Portuguesa,Corinthians,1.0,1.0,D,0.0,2.0,1.1724137931034482,1.2758620689655173
2012-10-14,Nautico,Palmeiras,1.0,0.0,H,1.0,1.0,1.2413793103448276,0.9655172413793104
2012-10-17,Bahia,Palmeiras,0.0,1.0,A,2.0,1.0,1.0,0.9333333333333333
2012-10-17,Coritiba,Nautico,2.0,1.0,H,1.0,3.0,1.4333333333333333,1.2333333333333334
2012-10-17,Fluminense,Gremio,2.0,2.0,D,0.0,4.0,1.6333333333333333,1.4666666666666666
2012-10-17,Internacional,Figueirense,2.0,3.0,A,2.0,5.0,1.2666666666666666,1.1
2012-10-18,Cruzeiro,Corinthians,2.0,0.0,H,1.0,2.0,1.2,1.2666666666666666
2012-10-18,Portuguesa,Flamengo RJ,0.0,0.0,D,0.0,0.0,1.1666666666666667,1.0333333333333334
2012-10-18,Santos,Atletico-MG,2.0,2.0,D,0.0,4.0,1.2333333333333334,1.6333333333333333
2012-10-19,Sport Recife,Ponte Preta,3.0,1.0,H,1.0,4.0,0.8666666666666667,1.1
2012-10-19,Sao Paulo,Atletico GO,2.0,0.0,H,1.0,2.0,1.5333333333333334,1.0333333333333334
2012-10-19,Botafogo RJ,Vasco,3.0,2.0,H,1.0,5.0,1.4,1.2
2012-10-20,Corinthians,Bahia,1.0,1.0,D,0.0,2.0,1.2258064516129032,0.967741935483871
2012-10-20,Gremio,Coritiba,0.0,0.0,D,0.0,0.0,1.4838709677419355,1.4516129032258065
2012-10-20,Palmeiras,Cruzeiro,2.0,0.0,H,1.0,2.0,0.9354838709677419,1.2258064516129032
2012-10-21,Atletico-MG,Fluminense,3.0,2.0,H,1.0,5.0,1.6451612903225807,1.6451612903225807
2012-10-21,Flamengo RJ,Sao Paulo,1.0,0.0,H,1.0,1.0,1.0,1.5483870967741935
2012-10-21,Nautico,Portuguesa,0.0,0.0,D,0.0,0.0,1.2258064516129032,1.1290322580645162
2012-10-21,Atletico GO,Sport Recife,0.0,1.0,A,2.0,1.0,1.0,0.9354838709677419
2012-10-21,Ponte Preta,Santos,1.0,0.0,H,1.0,1.0,1.096774193548387,1.2580645161290323
2012-10-24,Vasco,Internacional,1.0,2.0,A,2.0,3.0,1.2258064516129032,1.2903225806451613
2012-10-25,Figueirense,Botafogo RJ,0.0,2.0,A,2.0,2.0,1.1612903225806452,1.4516129032258065
2012-10-26,Fluminense,Coritiba,2.0,1.0,H,1.0,3.0,1.65625,1.40625
2012-10-26,Ponte Preta,Cruzeiro,1.0,0.0,H,1.0,1.0,1.09375,1.1875
2012-10-26,Santos,Nautico,0.0,0.0,D,0.0,0.0,1.21875,1.1875
2012-10-27,Corinthians,Vasco,1.0,0.0,H,1.0,1.0,1.21875,1.21875
2012-10-27,Internacional,Palmeiras,2.0,1.0,H,1.0,3.0,1.3125,0.96875
2012-10-27,Bahia,Gremio,1.0,1.0,D,0.0,2.0,0.96875,1.4375
2012-10-27,Botafogo RJ,Atletico GO,4.0,0.0,H,1.0,4.0,1.46875,0.96875
2012-10-27,Figueirense,Portuguesa,0.0,0.0,D,0.0,0.0,1.125,1.09375
2012-10-27,Sport Recife,Sao Paulo,2.0,4.0,A,2.0,6.0,0.9375,1.5
2012-10-31,Atletico-MG,Flamengo RJ,1.0,1.0,D,0.0,2.0,1.6875,1.0
2012-11-03,Gremio,Ponte Preta,1.0,0.0,H,1.0,1.0,1.4242424242424243,1.0909090909090908
2012-11-03,Flamengo RJ,Figueirense,1.0,0.0,H,1.0,1.0,1.0,1.0909090909090908
2012-11-03,Cruzeiro,Santos,0.0,4.0,A,2.0,4.0,1.1515151515151516,1.1818181818181819
2012-11-04,Atletico GO,Corinthians,0.0,2.0,A,2.0,2.0,0.9393939393939394,1.2121212121212122
2012-11-04,Palmeiras,Botafogo RJ,2.0,2.0,D,0.0,4.0,0.9696969696969697,1.5454545454545454
2012-11-04,Sao Paulo,Fluminense,1.0,1.0,D,0.0,2.0,1.5757575757575757,1.6666666666666667
2012-11-04,Vasco,Sport Recife,0.0,3.0,A,2.0,3.0,1.1818181818181819,0.9696969696969697
2012-11-04,Coritiba,Atletico-MG,1.0,0.0,H,1.0,1.0,1.393939393939394,1.6666666666666667
2012-11-04,Nautico,Internacional,3.0,0.0,H,1.0,3.0,1.1515151515151516,1.3333333333333333
2012-11-04,Portuguesa,Bahia,0.0,1.0,A,2.0,1.0,1.0606060606060606,0.9696969696969697
2012-11-10,Botafogo RJ,Portuguesa,3.0,0.0,H,1.0,3.0,1.5588235294117647,1.0294117647058822
2012-11-10,Atletico GO,Santos,2.0,1.0,H,1.0,3.0,0.9117647058823529,1.2647058823529411
2012-11-10,Corinthians,Coritiba,5.0,1.0,H,1.0,6.0,1.2352941176470589,1.3823529411764706
2012-11-11,Nautico,Flamengo RJ,0.0,1.0,A,2.0,1.0,1.2058823529411764,1.0
2012-11-11,Figueirense,Sport Recife,1.0,1.0,D,0.0,2.0,1.0588235294117647,1.0294117647058822
2012-11-11,Cruzeiro,Bahia,3.0,1.0,H,1.0,4.0,1.1176470588235294,0.9705882352941176
2012-11-11,Gremio,Sao Paulo,2.0,1.0,H,1.0,3.0,1.411764705882353,1.5588235294117647
2012-11-11,Palmeiras,Fluminense,2.0,3.0,A,2.0,5.0,1.0,1.6470588235294117
2012-11-11,Ponte Preta,Internacional,1.0,0.0,H,1.0,1.0,1.0588235294117647,1.2941176470588236
2012-11-11,Vasco,Atletico-MG,1.0,1.0,D,0.0,2.0,1.1470588235294117,1.6176470588235294
2012-11-17,Santos,Figueirense,2.0,0.0,H,1.0,2.0,1.2571428571428571,1.0571428571428572
2012-11-17,Coritiba,Vasco,1.0,2.0,A,2.0,3.0,1.3714285714285714,1.1428571428571428
2012-11-18,Portuguesa,Gremio,2.0,2.0,D,0.0,4.0,1.0,1.4285714285714286
2012-11-18,Internacional,Corinthians,0.0,2.0,A,2.0,2.0,1.2571428571428571,1.3428571428571427
2012-11-18,Sport Recife,Botafogo RJ,2.0,0.0,H,1.0,2.0,1.0285714285714285,1.6
2012-11-18,Sao Paulo,Nautico,2.0,1.0,H,1.0,3.0,1.542857142857143,1.1714285714285715
2012-11-18,Bahia,Ponte Preta,1.0,0.0,H,1.0,1.0,0.9714285714285714,1.0571428571428572
2012-11-18,Flamengo RJ,Palmeiras,1.0,1.0,D,0.0,2.0,1.0,1.0285714285714285
2012-11-18,Atletico-MG,Atletico GO,2.0,2.0,D,0.0,4.0,1.6,0.9428571428571428
2012-11-18,Fluminense,Cruzeiro,0.0,2.0,A,2.0,2.0,1.6857142857142857,1.1714285714285715
2012-11-24,Corinthians,Santos,1.0,1.0,D,0.0,2.0,1.3611111111111112,1.2777777777777777
2012-11-24,Vasco,Flamengo RJ,1.0,1.0,D,0.0,2.0,1.1666666666666667,1.0
2012-11-25,Ponte Preta,Sao Paulo,0.0,0.0,D,0.0,0.0,1.0277777777777777,1.5555555555555556
2012-11-25,Bahia,Nautico,1.0,1.0,D,0.0,2.0,0.9722222222222222,1.1666666666666667
2012-11-25,Botafogo RJ,Atletico-MG,2.0,3.0,A,2.0,5.0,1.5555555555555556,1.6111111111111112
2012-11-25,Cruzeiro,Coritiba,2.0,1.0,H,1.0,3.0,1.1944444444444444,1.3611111111111112
2012-11-25,Figueirense,Gremio,2.0,4.0,A,2.0,6.0,1.0277777777777777,1.4444444444444444
2012-11-25,Internacional,Portuguesa,0.0,2.0,A,2.0,2.0,1.2222222222222223,1.0277777777777777
2012-11-25,Palmeiras,Atletico GO,1.0,2.0,A,2.0,3.0,1.0277777777777777,0.9722222222222222
2012-11-25,Sport Recife,Fluminense,1.0,1.0,D,0.0,2.0,1.0555555555555556,1.6388888888888888
2012-12-01,Santos,Palmeiras,3.0,1.0,H,1.0,4.0,1.2702702702702702,1.027027027027027
2012-12-01,Flamengo RJ,Botafogo RJ,2.0,2.0,D,0.0,4.0,1.0,1.5675675675675675
2012-12-02,Sao Paulo,Corinthians,3.0,1.0,H,1.0,4.0,1.5135135135135136,1.3513513513513513
2012-12-02,Nautico,Sport Recife,1.0,0.0,H,1.0,1.0,1.162162162162162,1.054054054054054
2012-12-02,Portuguesa,Ponte Preta,0.0,0.0,D,0.0,0.0,1.054054054054054,1.0
2012-12-02,Gremio,Internacional,0.0,0.0,D,0.0,0.0,1.5135135135135136,1.1891891891891893
2012-12-02,Atletico GO,Bahia,0.0,1.0,A,2.0,1.0,1.0,0.972972972972973
2012-12-02,Coritiba,Figueirense,3.0,0.0,H,1.0,3.0,1.3513513513513513,1.054054054054054
2012-12-02,Atletico-MG,Cruzeiro,3.0,2.0,H,1.0,5.0,1.6486486486486487,1.2162162162162162
2012-12-02,Fluminense,Vasco,1.0,2.0,A,2.0,3.0,1.6216216216216217,1.162162162162162
2013-05-25,Vasco,Portuguesa,1.0,0.0,H,1.0,1.0,1.1842105263157894,1.0263157894736843
2013-05-25,Vitoria,Internacional,2.0,2.0,D,0.0,4.0,1.0,1.1578947368421053
2013-05-26,Fluminense,Athletico-PR,2.0,1.0,H,1.0,3.0,1.605263157894737,1.0
2013-05-26,Cruzeiro,Goias,5.0,0.0,H,1.0,5.0,1.236842105263158,1.0
2013-05-26,Coritiba,Atletico-MG,2.0,1.0,H,1.0,3.0,1.394736842105263,1.6842105263157894
2013-05-26,Santos,Flamengo RJ,0.0,0.0,D,0.0,0.0,1.3157894736842106,1.0263157894736843
2013-05-26,Ponte Preta,Sao Paulo,0.0,2.0,A,2.0,2.0,0.9736842105263158,1.5526315789473684
2013-05-26,Criciuma,Bahia,3.0,1.0,H,1.0,4.0,1.0,0.9736842105263158
2013-05-26,Corinthians,Botafogo RJ,1.0,1.0,D,0.0,2.0,1.3421052631578947,1.5789473684210527
2013-05-26,Gremio,Nautico,2.0,0.0,H,1.0,2.0,1.4736842105263157,1.1578947368421053
2013-05-29,Athletico-PR,Cruzeiro,2.0,2.0,D,0.0,4.0,1.0,1.3333333333333333
2013-05-29,Botafogo RJ,Santos,2.0,1.0,H,1.0,3.0,1.564102564102564,1.2820512820512822
2013-05-29,Sao Paulo,Vasco,5.0,1.0,H,1.0,6.0,1.564102564102564,1.1794871794871795
2013-05-30,Internacional,Criciuma,2.0,0.0,H,1.0,2.0,1.1794871794871795,3.0
2013-05-30,Goias,Corinthians,1.0,1.0,D,0.0,2.0,0.0,1.3333333333333333
2013-05-30,Bahia,Coritiba,0.0,0.0,D,0.0,0.0,0.9743589743589743,1.4102564102564104
2013-05-30,Flamengo RJ,Ponte Preta,0.0,2.0,A,2.0,2.0,1.0,0.9487179487179487
2013-05-30,Nautico,Vitoria,0.0,3.0,A,2.0,3.0,1.1282051282051282,2.0
2013-06-01,Athletico-PR,Flamengo RJ,2.0,2.0,D,0.0,4.0,1.5,0.975
2013-06-01,Botafogo RJ,Cruzeiro,2.0,1.0,H,1.0,3.0,1.575,1.35
2013-06-01,Santos,Gremio,1.0,1.0,D,0.0,2.0,1.275,1.4871794871794872
2013-06-01,Goias,Coritiba,1.0,1.0,D,0.0,2.0,0.5,1.375
2013-06-01,Vitoria,Vasco,2.0,0.0,H,1.0,2.0,2.5,1.175
2013-06-02,Corinthians,Ponte Preta,1.0,0.0,H,1.0,1.0,1.325,0.975
2013-06-02,Atletico-MG,Sao Paulo,0.0,0.0,D,0.0,0.0,1.6666666666666667,1.65
2013-06-02,Fluminense,Criciuma,3.0,0.0,H,1.0,3.0,1.6153846153846154,1.5
2013-06-02,Internacional,Bahia,1.0,2.0,A,2.0,3.0,1.2,0.95
2013-06-02,Nautico,Portuguesa,2.0,2.0,D,0.0,4.0,1.1,1.0
2013-06-05,Portuguesa,Internacional,1.0,1.0,D,0.0,2.0,1.025,1.1951219512195121
2013-06-05,Criciuma,Santos,3.0,1.0,H,1.0,4.0,1.0,1.2682926829268293
2013-06-05,Sao Paulo,Goias,0.0,1.0,A,2.0,1.0,1.6097560975609757,0.6666666666666666
2013-06-06,Flamengo RJ,Nautico,0.0,1.0,A,2.0,1.0,1.0,1.1219512195121952
2013-06-06,Cruzeiro,Corinthians,1.0,0.0,H,1.0,1.0,1.3414634146341464,1.3170731707317074
2013-06-06,Bahia,Botafogo RJ,2.0,1.0,H,1.0,3.0,0.975609756097561,1.5853658536585367
2013-06-06,Vasco,Atletico-MG,2.0,0.0,H,1.0,2.0,1.146341463414634,1.625
2013-06-06,Ponte Preta,Athletico-PR,3.0,4.0,A,2.0,7.0,0.9512195121951219,1.6666666666666667
2013-06-06,Gremio,Vitoria,1.0,0.0,H,1.0,1.0,1.475,2.3333333333333335
2013-06-07,Coritiba,Fluminense,2.0,1.0,H,1.0,3.0,1.3658536585365855,1.65
2013-06-08,Criciuma,Flamengo RJ,0.0,3.0,A,2.0,3.0,1.5,0.9761904761904762
2013-06-08,Cruzeiro,Internacional,2.0,2.0,D,0.0,4.0,1.3333333333333333,1.1904761904761905
2013-06-08,Corinthians,Portuguesa,0.0,0.0,D,0.0,0.0,1.2857142857142858,1.024390243902439
2013-06-08,Vasco,Bahia,1.0,1.0,D,0.0,2.0,1.1666666666666667,1.0
2013-06-09,Vitoria,Athletico-PR,3.0,2.0,H,1.0,5.0,1.75,2.25
2013-06-09,Fluminense,Goias,2.0,1.0,H,1.0,3.0,1.6341463414634145,0.75
2013-06-09,Coritiba,Nautico,1.0,0.0,H,1.0,1.0,1.380952380952381,1.119047619047619
2013-06-09,Atletico-MG,Gremio,2.0,0.0,H,1.0,2.0,1.5853658536585367,1.4634146341463414
2013-06-09,Ponte Preta,Botafogo RJ,0.0,2.0,A,2.0,2.0,1.0,1.5714285714285714
2013-06-12,Santos,Atletico-MG,1.0,0.0,H,1.0,1.0,1.2619047619047619,1.5952380952380953
2013-06-13,Gremio,Sao Paulo,1.0,1.0,D,0.0,2.0,1.4285714285714286,1.5714285714285714
2013-06-13,Portuguesa,Fluminense,2.0,1.0,H,1.0,3.0,1.0,1.6428571428571428
2013-07-06,Athletico-PR,Gremio,1.0,1.0,D,0.0,2.0,2.2,1.4186046511627908
2013-07-06,Flamengo RJ,Coritiba,2.0,2.0,D,0.0,4.0,1.0232558139534884,1.372093023255814
2013-07-06,Nautico,Ponte Preta,1.0,3.0,A,2.0,4.0,1.0930232558139534,0.9767441860465116
2013-07-07,Botafogo RJ,Fluminense,1.0,0.0,H,1.0,1.0,1.5813953488372092,1.627906976744186
2013-07-07,Atletico-MG,Criciuma,3.0,2.0,H,1.0,5.0,1.558139534883721,1.2
2013-07-07,Sao Paulo,Santos,0.0,2.0,A,2.0,2.0,1.558139534883721,1.255813953488372
2013-07-07,Goias,Vitoria,1.0,0.0,H,1.0,1.0,0.8,2.0
2013-07-07,Bahia,Corinthians,0.0,2.0,A,2.0,2.0,1.0,1.255813953488372
2013-07-07,Portuguesa,Cruzeiro,1.0,1.0,D,0.0,2.0,1.0232558139534884,1.3488372093023255
2013-07-07,Internacional,Vasco,5.0,3.0,H,1.0,8.0,1.2093023255813953,1.1627906976744187
2013-07-11,Sao Paulo,Bahia,1.0,2.0,A,2.0,3.0,1.5227272727272727,0.9772727272727273
2013-07-13,Fluminense,Internacional,2.0,3.0,A,2.0,5.0,1.5909090909090908,1.2954545454545454
2013-07-13,Santos,Portuguesa,4.0,1.0,H,1.0,5.0,1.2727272727272727,1.0227272727272727
2013-07-14,Vasco,Flamengo RJ,0.0,1.0,A,2.0,1.0,1.2045454545454546,1.0454545454545454
2013-07-14,Ponte Preta,Bahia,0.0,0.0,D,0.0,0.0,1.0227272727272727,1.0
2013-07-14,Corinthians,Atletico-MG,0.0,1.0,A,2.0,1.0,1.2727272727272727,1.5909090909090908
2013-07-14,Coritiba,Athletico-PR,1.0,0.0,H,1.0,1.0,1.3863636363636365,2.0
2013-07-14,Gremio,Botafogo RJ,2.0,1.0,H,1.0,3.0,1.4090909090909092,1.5681818181818181
2013-07-14,Vitoria,Sao Paulo,3.0,2.0,H,1.0,5.0,1.6666666666666667,1.511111111111111
2013-07-14,Criciuma,Goias,0.0,0.0,D,0.0,0.0,1.3333333333333333,0.8333333333333334
2013-07-14,Cruzeiro,Nautico,3.0,0.0,H,1.0,3.0,1.3409090909090908,1.0909090909090908
2013-07-20,Criciuma,Gremio,2.0,1.0,H,1.0,3.0,1.1428571428571428,1.4222222222222223
2013-07-20,Sao Paulo,Cruzeiro,0.0,3.0,A,2.0,3.0,1.5217391304347827,1.3777777777777778
2013-07-20,Botafogo RJ,Nautico,2.0,0.0,H,1.0,2.0,1.5555555555555556,1.0666666666666667
2013-07-21,Goias,Portuguesa,2.0,1.0,H,1.0,3.0,0.7142857142857143,1.0222222222222221
2013-07-21,Fluminense,Vasco,1.0,3.0,A,2.0,4.0,1.6,1.1777777777777778
2013-07-21,Vitoria,Bahia,0.0,0.0,D,0.0,0.0,1.8571428571428572,0.9782608695652174
2013-07-21,Internacional,Flamengo RJ,1.0,0.0,H,1.0,1.0,1.3333333333333333,1.0444444444444445
2013-07-21,Athletico-PR,Corinthians,1.0,1.0,D,0.0,2.0,1.7142857142857142,1.2444444444444445
2013-07-21,Santos,Coritiba,2.0,2.0,D,0.0,4.0,1.3333333333333333,1.3777777777777778
2013-07-25,Sao Paulo,Internacional,0.0,1.0,A,2.0,1.0,1.4893617021276595,1.326086956521739
2013-07-27,Portuguesa,Athletico-PR,2.0,3.0,A,2.0,5.0,1.0217391304347827,1.625
2013-07-27,Vasco,Criciuma,3.0,2.0,H,1.0,5.0,1.2173913043478262,1.25
2013-07-28,Ponte Preta,Santos,1.0,0.0,H,1.0,1.0,1.0,1.3478260869565217
2013-07-28,Corinthians,Sao Paulo,0.0,0.0,D,0.0,0.0,1.2391304347826086,1.4583333333333333
2013-07-28,Cruzeiro,Atletico-MG,4.0,1.0,H,1.0,5.0,1.4130434782608696,1.5777777777777777
2013-07-28,Nautico,Internacional,3.0,0.0,H,1.0,3.0,1.0434782608695652,1.3191489361702127
2013-07-28,Bahia,Goias,2.0,1.0,H,1.0,3.0,0.9574468085106383,0.875
2013-07-28,Coritiba,Vitoria,1.0,1.0,D,0.0,2.0,1.391304347826087,1.625
2013-07-28,Flamengo RJ,Botafogo RJ,1.0,1.0,D,0.0,2.0,1.0217391304347827,1.565217391304348
2013-07-28,Gremio,Fluminense,2.0,0.0,H,1.0,2.0,1.4130434782608696,1.5869565217391304
2013-07-31,Atletico-MG,Athletico-PR,1.0,2.0,A,2.0,3.0,1.565217391304348,1.7777777777777777
2013-07-31,Fluminense,Cruzeiro,1.0,0.0,H,1.0,1.0,1.553191489361702,1.4680851063829787
2013-07-31,Portuguesa,Criciuma,1.0,1.0,D,0.0,2.0,1.0425531914893618,1.3333333333333333
2013-08-01,Corinthians,Gremio,2.0,0.0,H,1.0,2.0,1.2127659574468086,1.425531914893617
2013-08-01,Botafogo RJ,Vitoria,2.0,0.0,H,1.0,2.0,1.553191489361702,1.5555555555555556
2013-08-01,Bahia,Flamengo RJ,3.0,0.0,H,1.0,3.0,0.9791666666666666,1.0212765957446808
2013-08-01,Coritiba,Ponte Preta,5.0,3.0,H,1.0,8.0,1.3829787234042554,1.0
2013-08-02,Goias,Vasco,1.0,1.0,D,0.0,2.0,0.8888888888888888,1.2553191489361701
2013-08-03,Cruzeiro,Coritiba,1.0,0.0,H,1.0,1.0,1.4375,1.4583333333333333
2013-08-04,Vasco,Botafogo RJ,2.0,3.0,A,2.0,5.0,1.25,1.5625
2013-08-04,Athletico-PR,Goias,2.0,0.0,H,1.0,2.0,1.8,0.9
2013-08-04,Criciuma,Corinthians,0.0,2.0,A,2.0,2.0,1.3,1.2291666666666667
2013-08-04,Flamengo RJ,Atletico-MG,3.0,0.0,H,1.0,3.0,1.0,1.553191489361702
2013-08-04,Gremio,Internacional,1.0,1.0,D,0.0,2.0,1.3958333333333333,1.2916666666666667
2013-08-04,Ponte Preta,Fluminense,1.0,1.0,D,0.0,2.0,1.0425531914893618,1.5416666666666667
2013-08-04,Vitoria,Portuguesa,2.0,1.0,H,1.0,3.0,1.4,1.0416666666666667
2013-08-07,Criciuma,Cruzeiro,1.0,2.0,A,2.0,3.0,1.1818181818181819,1.4285714285714286
2013-08-07,Vitoria,Fluminense,1.0,1.0,D,0.0,2.0,1.4545454545454546,1.530612244897959
2013-08-08,Atletico-MG,Botafogo RJ,2.0,2.0,D,0.0,4.0,1.5208333333333333,1.5918367346938775
2013-08-08,Goias,Nautico,2.0,1.0,H,1.0,3.0,0.8181818181818182,1.0851063829787233
2013-08-08,Athletico-PR,Bahia,1.0,0.0,H,1.0,1.0,1.8181818181818181,1.0204081632653061
2013-08-08,Flamengo RJ,Portuguesa,1.0,1.0,D,0.0,2.0,1.0408163265306123,1.0408163265306123
2013-08-08,Santos,Corinthians,1.0,1.0,D,0.0,2.0,1.3191489361702127,1.2448979591836735
2013-08-09,Vasco,Ponte Preta,1.0,1.0,D,0.0,2.0,1.2653061224489797,1.0416666666666667
2013-08-09,Gremio,Coritiba,0.0,1.0,A,2.0,1.0,1.3877551020408163,1.4285714285714286
2013-08-10,Nautico,Atletico-MG,0.0,0.0,D,0.0,0.0,1.0833333333333333,1.530612244897959
2013-08-10,Botafogo RJ,Goias,1.0,1.0,D,0.0,2.0,1.6,0.9166666666666666
2013-08-11,Internacional,Athletico-PR,2.0,2.0,D,0.0,4.0,1.2857142857142858,1.75
2013-08-11,Ponte Preta,Criciuma,3.0,1.0,H,1.0,4.0,1.0408163265306123,1.1666666666666667
2013-08-11,Portuguesa,Sao Paulo,2.0,1.0,H,1.0,3.0,1.04,1.4285714285714286
2013-08-11,Bahia,Gremio,0.0,3.0,A,2.0,3.0,1.0,1.36
2013-08-11,Corinthians,Vitoria,2.0,0.0,H,1.0,2.0,1.24,1.4166666666666667
2013-08-11,Cruzeiro,Santos,0.0,0.0,D,0.0,0.0,1.44,1.3125
2013-08-11,Fluminense,Flamengo RJ,2.0,3.0,A,2.0,5.0,1.52,1.04
2013-08-11,Coritiba,Vasco,0.0,1.0,A,2.0,1.0,1.42,1.26
2013-08-14,Atletico-MG,Bahia,2.0,0.0,H,1.0,2.0,1.5,0.9803921568627451
2013-08-14,Criciuma,Nautico,3.0,0.0,H,1.0,3.0,1.1538461538461537,1.0612244897959184
2013-08-14,Santos,Vasco,1.0,1.0,D,0.0,2.0,1.2857142857142858,1.2549019607843137
2013-08-15,Coritiba,Portuguesa,1.0,1.0,D,0.0,2.0,1.392156862745098,1.0588235294117647
2013-08-15,Vitoria,Ponte Preta,3.0,1.0,H,1.0,4.0,1.3076923076923077,1.08
2013-08-15,Fluminense,Corinthians,0.0,0.0,D,0.0,0.0,1.5294117647058822,1.2549019607843137
2013-08-15,Goias,Flamengo RJ,1.0,1.0,D,0.0,2.0,0.9230769230769231,1.0784313725490196
2013-08-15,Gremio,Cruzeiro,3.0,1.0,H,1.0,4.0,1.392156862745098,1.411764705882353
2013-08-15,Sao Paulo,Athletico-PR,1.0,1.0,D,0.0,2.0,1.42,1.7692307692307692
2013-08-16,Botafogo RJ,Internacional,3.0,3.0,D,0.0,6.0,1.588235294117647,1.3
2013-08-17,Cruzeiro,Vitoria,5.0,1.0,H,1.0,6.0,1.4038461538461537,1.4285714285714286
2013-08-17,Nautico,Fluminense,0.0,1.0,A,2.0,1.0,1.04,1.5
2013-08-18,Internacional,Atletico-MG,0.0,0.0,D,0.0,0.0,1.3333333333333333,1.5098039215686274
2013-08-18,Bahia,Santos,0.0,0.0,D,0.0,0.0,0.9615384615384616,1.28
2013-08-18,Portuguesa,Botafogo RJ,1.0,3.0,A,2.0,4.0,1.0576923076923077,1.6153846153846154
2013-08-18,Athletico-PR,Criciuma,2.0,1.0,H,1.0,3.0,1.7142857142857142,1.2857142857142858
2013-08-18,Flamengo RJ,Sao Paulo,0.0,0.0,D,0.0,0.0,1.0769230769230769,1.411764705882353
2013-08-18,Corinthians,Coritiba,1.0,0.0,H,1.0,1.0,1.2307692307692308,1.3846153846153846
2013-08-18,Vasco,Gremio,2.0,3.0,A,2.0,5.0,1.25,1.4230769230769231
2013-08-18,Ponte Preta,Goias,0.0,1.0,A,2.0,1.0,1.0784313725490196,0.9285714285714286
2013-08-24,Flamengo RJ,Gremio,0.0,1.0,A,2.0,1.0,1.0566037735849056,1.4528301886792452
2013-08-24,Ponte Preta,Cruzeiro,0.0,2.0,A,2.0,2.0,1.0576923076923077,1.471698113207547
2013-08-24,Santos,Vitoria,2.0,0.0,H,1.0,2.0,1.2549019607843137,1.4
2013-08-25,Internacional,Goias,3.0,3.0,D,0.0,6.0,1.3076923076923077,0.9333333333333333
2013-08-25,Athletico-PR,Botafogo RJ,2.0,0.0,H,1.0,2.0,1.7333333333333334,1.6415094339622642
2013-08-25,Vasco,Corinthians,1.0,1.0,D,0.0,2.0,1.2641509433962264,1.2264150943396226
2013-08-25,Sao Paulo,Fluminense,2.0,1.0,H,1.0,3.0,1.3846153846153846,1.490566037735849
2013-08-25,Atletico-MG,Portuguesa,2.0,1.0,H,1.0,3.0,1.4807692307692308,1.0566037735849056
2013-08-25,Criciuma,Coritiba,2.0,1.0,H,1.0,3.0,1.2666666666666666,1.3584905660377358
2013-08-25,Bahia,Nautico,2.0,0.0,H,1.0,2.0,0.9433962264150944,1.0196078431372548
2013-08-31,Goias,Atletico-MG,0.0,0.0,D,0.0,0.0,1.0625,1.490566037735849
2013-08-31,Gremio,Ponte Preta,1.0,0.0,H,1.0,1.0,1.4444444444444444,1.0377358490566038
2013-08-31,Nautico,Athletico-PR,1.0,4.0,A,2.0,5.0,1.0,1.75
2013-08-31,Portuguesa,Bahia,4.0,2.0,H,1.0,6.0,1.0555555555555556,0.9629629629629629
2013-09-01,Vitoria,Criciuma,0.0,1.0,A,2.0,1.0,1.3125,1.3125
2013-09-01,Cruzeiro,Vasco,5.0,3.0,H,1.0,8.0,1.4814814814814814,1.2592592592592593
2013-09-01,Coritiba,Internacional,0.0,0.0,D,0.0,0.0,1.3518518518518519,1.3396226415094339
2013-09-01,Corinthians,Flamengo RJ,4.0,0.0,H,1.0,4.0,1.2222222222222223,1.037037037037037
2013-09-01,Botafogo RJ,Sao Paulo,0.0,0.0,D,0.0,0.0,1.6111111111111112,1.3962264150943395
2013-09-01,Fluminense,Santos,0.0,2.0,A,2.0,2.0,1.4814814814814814,1.2692307692307692
2013-09-03,Goias,Gremio,2.0,0.0,H,1.0,2.0,1.0,1.4363636363636363
2013-09-04,Nautico,Sao Paulo,0.0,1.0,A,2.0,1.0,1.0,1.3703703703703705
2013-09-04,Athletico-PR,Santos,2.0,1.0,H,1.0,3.0,1.8823529411764706,1.2830188679245282
2013-09-04,Flamengo RJ,Vitoria,2.0,1.0,H,1.0,3.0,1.018181818181818,1.2352941176470589
2013-09-05,Botafogo RJ,Coritiba,3.0,1.0,H,1.0,4.0,1.5818181818181818,1.3272727272727274
2013-09-05,Bahia,Cruzeiro,1.0,3.0,A,2.0,4.0,0.9818181818181818,1.5454545454545454
2013-09-05,Internacional,Corinthians,1.0,0.0,H,1.0,1.0,1.3148148148148149,1.2727272727272727
2013-09-05,Portuguesa,Ponte Preta,2.0,1.0,H,1.0,3.0,1.1090909090909091,1.0185185185185186
2013-09-05,Atletico-MG,Fluminense,2.0,2.0,D,0.0,4.0,1.462962962962963,1.4545454545454546
2013-09-06,Nautico,Vasco,0.0,3.0,A,2.0,3.0,0.9814814814814815,1.290909090909091
2013-09-06,Sao Paulo,Criciuma,1.0,2.0,A,2.0,3.0,1.3636363636363635,1.2941176470588236
2013-09-07,Fluminense,Bahia,1.0,0.0,H,1.0,1.0,1.4642857142857142,0.9821428571428571
2013-09-07,Ponte Preta,Internacional,1.0,3.0,A,2.0,4.0,1.018181818181818,1.309090909090909
2013-09-07,Santos,Goias,1.0,0.0,H,1.0,1.0,1.2777777777777777,1.0555555555555556
2013-09-07,Vitoria,Atletico-MG,1.0,1.0,D,0.0,2.0,1.2222222222222223,1.4727272727272727
2013-09-08,Criciuma,Botafogo RJ,1.0,2.0,A,2.0,3.0,1.3333333333333333,1.6071428571428572
2013-09-08,Vasco,Athletico-PR,0.0,0.0,D,0.0,0.0,1.3214285714285714,1.8888888888888888
2013-09-08,Cruzeiro,Flamengo RJ,1.0,0.0,H,1.0,1.0,1.5714285714285714,1.0357142857142858
2013-09-08,Coritiba,Sao Paulo,2.0,0.0,H,1.0,2.0,1.3214285714285714,1.3571428571428572
2013-09-08,Corinthians,Nautico,0.0,0.0,D,0.0,0.0,1.25,0.9636363636363636
2013-09-08,Gremio,Portuguesa,3.0,2.0,H,1.0,5.0,1.4107142857142858,1.125
2013-09-10,Internacional,Santos,1.0,2.0,A,2.0,3.0,1.3392857142857142,1.2727272727272727
2013-09-11,Athletico-PR,Fluminense,1.0,1.0,D,0.0,2.0,1.7894736842105263,1.456140350877193
2013-09-12,Internacional,Vitoria,2.0,2.0,D,0.0,4.0,1.3333333333333333,1.2105263157894737
2013-09-12,Nautico,Gremio,0.0,2.0,A,2.0,2.0,0.9464285714285714,1.4385964912280702
2013-09-12,Portuguesa,Vasco,2.0,0.0,H,1.0,2.0,1.1403508771929824,1.2982456140350878
2013-09-12,Goias,Cruzeiro,1.0,2.0,A,2.0,3.0,1.0,1.5614035087719298
2013-09-12,Bahia,Criciuma,2.0,2.0,D,0.0,4.0,0.9649122807017544,1.3157894736842106
2013-09-12,Botafogo RJ,Corinthians,1.0,0.0,H,1.0,1.0,1.6140350877192982,1.2280701754385965
2013-09-13,Atletico-MG,Coritiba,3.0,0.0,H,1.0,3.0,1.4642857142857142,1.3333333333333333
2013-09-13,Flamengo RJ,Santos,2.0,1.0,H,1.0,3.0,1.0175438596491229,1.2857142857142858
2013-09-13,Sao Paulo,Ponte Preta,1.0,0.0,H,1.0,1.0,1.3333333333333333,1.0178571428571428
2013-09-14,Cruzeiro,Athletico-PR,1.0,0.0,H,1.0,1.0,1.5689655172413792,1.75
2013-09-15,Vasco,Sao Paulo,0.0,2.0,A,2.0,2.0,1.2758620689655173,1.3275862068965518
2013-09-15,Santos,Botafogo RJ,1.0,2.0,A,2.0,3.0,1.280701754385965,1.603448275862069
2013-09-15,Gremio,Atletico-MG,0.0,1.0,A,2.0,1.0,1.4482758620689655,1.4912280701754386
2013-09-15,Vitoria,Nautico,2.0,1.0,H,1.0,3.0,1.25,0.9298245614035088
2013-09-15,Criciuma,Internacional,0.0,1.0,A,2.0,1.0,1.35,1.3448275862068966
2013-09-15,Coritiba,Bahia,2.0,2.0,D,0.0,4.0,1.3103448275862069,0.9827586206896551
2013-09-15,Corinthians,Goias,1.0,2.0,A,2.0,3.0,1.206896551724138,1.0
2013-09-15,Fluminense,Portuguesa,2.0,1.0,H,1.0,3.0,1.4482758620689655,1.1551724137931034
2013-09-15,Ponte Preta,Flamengo RJ,1.0,1.0,D,0.0,2.0,1.0,1.0344827586206897
2013-09-18,Gremio,Santos,1.0,1.0,D,0.0,2.0,1.423728813559322,1.2758620689655173
2013-09-18,Vasco,Vitoria,1.0,2.0,A,2.0,3.0,1.2542372881355932,1.2857142857142858
2013-09-19,Flamengo RJ,Athletico-PR,2.0,4.0,A,2.0,6.0,1.0338983050847457,1.6666666666666667
2013-09-19,Sao Paulo,Atletico-MG,1.0,0.0,H,1.0,1.0,1.3389830508474576,1.4827586206896552
2013-09-19,Ponte Preta,Corinthians,2.0,0.0,H,1.0,2.0,1.0,1.2033898305084745
2013-09-19,Criciuma,Fluminense,1.0,2.0,A,2.0,3.0,1.2857142857142858,1.4576271186440677
2013-09-19,Coritiba,Goias,2.0,2.0,D,0.0,4.0,1.3220338983050848,1.0476190476190477
2013-09-19,Cruzeiro,Botafogo RJ,3.0,0.0,H,1.0,3.0,1.5593220338983051,1.6101694915254237
2013-09-20,Bahia,Internacional,2.0,0.0,H,1.0,2.0,1.0,1.3389830508474576
2013-09-20,Portuguesa,Nautico,3.0,0.0,H,1.0,3.0,1.152542372881356,0.9310344827586207
2013-09-21,Fluminense,Coritiba,1.0,1.0,D,0.0,2.0,1.4666666666666666,1.3333333333333333
2013-09-22,Atletico-MG,Vasco,2.0,1.0,H,1.0,3.0,1.4576271186440677,1.25
2013-09-22,Santos,Criciuma,2.0,1.0,H,1.0,3.0,1.271186440677966,1.2727272727272727
2013-09-22,Athletico-PR,Ponte Preta,1.0,0.0,H,1.0,1.0,1.7727272727272727,1.0169491525423728
2013-09-22,Nautico,Flamengo RJ,0.0,0.0,D,0.0,0.0,0.9152542372881356,1.05
2013-09-22,Goias,Sao Paulo,1.0,0.0,H,1.0,1.0,1.0909090909090908,1.3333333333333333
2013-09-22,Corinthians,Cruzeiro,0.0,0.0,D,0.0,0.0,1.1833333333333333,1.5833333333333333
2013-09-22,Botafogo RJ,Bahia,1.0,2.0,A,2.0,3.0,1.5833333333333333,1.0166666666666666
2013-09-22,Vitoria,Gremio,0.0,0.0,D,0.0,0.0,1.3181818181818181,1.4166666666666667
2013-09-22,Internacional,Portuguesa,0.0,1.0,A,2.0,1.0,1.3166666666666667,1.1833333333333333
2013-09-25,Criciuma,Atletico-MG,1.0,1.0,D,0.0,2.0,1.2608695652173914,1.4666666666666666
2013-09-26,Santos,Nautico,1.0,1.0,D,0.0,2.0,1.2833333333333334,0.9
2013-09-28,Goias,Fluminense,1.0,2.0,A,2.0,3.0,1.0869565217391304,1.459016393442623
2013-09-28,Nautico,Coritiba,3.0,0.0,H,1.0,3.0,0.9016393442622951,1.3278688524590163
2013-09-29,Internacional,Cruzeiro,1.0,2.0,A,2.0,3.0,1.2950819672131149,1.5573770491803278
2013-09-29,Athletico-PR,Vitoria,3.0,5.0,A,2.0,8.0,1.7391304347826086,1.2608695652173914
2013-09-29,Atletico-MG,Santos,3.0,1.0,H,1.0,4.0,1.459016393442623,1.278688524590164
2013-09-29,Sao Paulo,Gremio,0.0,1.0,A,2.0,1.0,1.3114754098360655,1.3934426229508197
2013-09-29,Botafogo RJ,Ponte Preta,0.0,1.0,A,2.0,1.0,1.5737704918032787,1.0
2013-09-29,Flamengo RJ,Criciuma,4.0,1.0,H,1.0,5.0,1.0327868852459017,1.25
2013-09-29,Bahia,Vasco,0.0,0.0,D,0.0,0.0,1.0327868852459017,1.2459016393442623
2013-09-29,Portuguesa,Corinthians,4.0,0.0,H,1.0,4.0,1.180327868852459,1.1639344262295082
2013-10-01,Ponte Preta,Nautico,1.0,2.0,A,2.0,3.0,1.0,0.9354838709677419
2013-10-02,Gremio,Athletico-PR,1.0,0.0,H,1.0,1.0,1.3870967741935485,1.7916666666666667
2013-10-02,Cruzeiro,Portuguesa,4.0,0.0,H,1.0,4.0,1.564516129032258,1.2258064516129032
2013-10-03,Fluminense,Botafogo RJ,1.0,1.0,D,0.0,2.0,1.467741935483871,1.5483870967741935
2013-10-03,Vitoria,Goias,2.0,1.0,H,1.0,3.0,1.4166666666666667,1.0833333333333333
2013-10-03,Corinthians,Bahia,2.0,0.0,H,1.0,2.0,1.1451612903225807,1.0161290322580645
2013-10-03,Coritiba,Flamengo RJ,0.0,2.0,A,2.0,2.0,1.3064516129032258,1.0806451612903225
2013-10-03,Santos,Sao Paulo,3.0,0.0,H,1.0,3.0,1.2741935483870968,1.2903225806451613
2013-10-03,Atletico-MG,Ponte Preta,4.0,0.0,H,1.0,4.0,1.4838709677419355,1.0
2013-10-04,Vasco,Internacional,3.0,1.0,H,1.0,4.0,1.2258064516129032,1.2903225806451613
2013-10-05,Botafogo RJ,Gremio,0.0,1.0,A,2.0,1.0,1.5396825396825398,1.380952380952381
2013-10-06,Goias,Criciuma,1.0,1.0,D,0.0,2.0,1.08,1.24
2013-10-06,Bahia,Ponte Preta,1.0,1.0,D,0.0,2.0,1.0,0.9841269841269841
2013-10-06,Nautico,Cruzeiro,1.0,4.0,A,2.0,5.0,0.9523809523809523,1.6031746031746033
2013-10-06,Internacional,Fluminense,1.0,0.0,H,1.0,1.0,1.2857142857142858,1.4603174603174602
2013-10-06,Sao Paulo,Vitoria,3.0,2.0,H,1.0,5.0,1.2698412698412698,1.44
2013-10-06,Athletico-PR,Coritiba,2.0,1.0,H,1.0,3.0,1.72,1.2857142857142858
2013-10-06,Atletico-MG,Corinthians,0.0,0.0,D,0.0,0.0,1.5238095238095237,1.1587301587301588
2013-10-06,Portuguesa,Santos,3.0,0.0,H,1.0,3.0,1.2063492063492063,1.3015873015873016
2013-10-06,Flamengo RJ,Vasco,1.0,1.0,D,0.0,2.0,1.0952380952380953,1.253968253968254
2013-10-09,Gremio,Criciuma,1.0,2.0,A,2.0,3.0,1.375,1.2307692307692308
2013-10-09,Coritiba,Santos,1.0,0.0,H,1.0,1.0,1.28125,1.28125
2013-10-10,Bahia,Vitoria,2.0,0.0,H,1.0,2.0,1.0,1.4615384615384615
2013-10-10,Ponte Preta,Atletico-MG,2.0,0.0,H,1.0,2.0,0.984375,1.5
2013-10-10,Corinthians,Athletico-PR,0.0,0.0,D,0.0,0.0,1.140625,1.7307692307692308
2013-10-10,Cruzeiro,Sao Paulo,0.0,2.0,A,2.0,2.0,1.640625,1.296875
2013-10-10,Nautico,Botafogo RJ,1.0,3.0,A,2.0,4.0,0.953125,1.515625
2013-10-10,Vasco,Fluminense,1.0,0.0,H,1.0,1.0,1.25,1.4375
2013-10-10,Portuguesa,Goias,1.0,2.0,A,2.0,3.0,1.234375,1.0769230769230769
2013-10-11,Flamengo RJ,Internacional,2.0,1.0,H,1.0,3.0,1.09375,1.28125
2013-10-12,Vitoria,Coritiba,2.0,1.0,H,1.0,3.0,1.4074074074074074,1.2769230769230768
2013-10-12,Fluminense,Gremio,1.0,1.0,D,0.0,2.0,1.4153846153846155,1.3692307692307693
2013-10-13,Santos,Ponte Preta,2.0,1.0,H,1.0,3.0,1.2615384615384615,1.0
2013-10-13,Atletico-MG,Cruzeiro,1.0,0.0,H,1.0,1.0,1.476923076923077,1.6153846153846154
2013-10-13,Criciuma,Vasco,3.0,2.0,H,1.0,5.0,1.2592592592592593,1.2461538461538462
2013-10-13,Internacional,Nautico,4.0,1.0,H,1.0,5.0,1.2769230769230768,0.9538461538461539
2013-10-13,Sao Paulo,Corinthians,0.0,0.0,D,0.0,0.0,1.3076923076923077,1.123076923076923
2013-10-13,Athletico-PR,Portuguesa,1.0,0.0,H,1.0,1.0,1.6666666666666667,1.2307692307692308
2013-10-13,Botafogo RJ,Flamengo RJ,2.0,1.0,H,1.0,3.0,1.5384615384615385,1.1076923076923078
2013-10-13,Goias,Bahia,3.0,1.0,H,1.0,4.0,1.1111111111111112,1.0153846153846153
2013-10-16,Cruzeiro,Fluminense,1.0,0.0,H,1.0,1.0,1.5909090909090908,1.4090909090909092
2013-10-16,Santos,Internacional,0.0,0.0,D,0.0,0.0,1.2727272727272727,1.3181818181818181
2013-10-17,Gremio,Corinthians,1.0,0.0,H,1.0,1.0,1.3636363636363635,1.106060606060606
2013-10-17,Vasco,Goias,0.0,2.0,A,2.0,2.0,1.2575757575757576,1.1785714285714286
2013-10-17,Flamengo RJ,Bahia,2.0,1.0,H,1.0,3.0,1.106060606060606,1.0151515151515151
2013-10-17,Criciuma,Portuguesa,1.0,3.0,A,2.0,4.0,1.3214285714285714,1.2121212121212122
2013-10-17,Sao Paulo,Nautico,3.0,0.0,H,1.0,3.0,1.2878787878787878,0.9545454545454546
2013-10-17,Athletico-PR,Atletico-MG,1.0,0.0,H,1.0,1.0,1.6428571428571428,1.4696969696969697
2013-10-17,Ponte Preta,Coritiba,1.0,0.0,H,1.0,1.0,1.0,1.2727272727272727
2013-10-18,Vitoria,Botafogo RJ,1.0,0.0,H,1.0,1.0,1.4285714285714286,1.5454545454545454
2013-10-19,Fluminense,Ponte Preta,1.0,1.0,D,0.0,2.0,1.3880597014925373,1.0
2013-10-19,Nautico,Santos,1.0,5.0,A,2.0,6.0,0.9402985074626866,1.2537313432835822
2013-10-20,Portuguesa,Vitoria,1.0,1.0,D,0.0,2.0,1.2388059701492538,1.4137931034482758
2013-10-20,Coritiba,Cruzeiro,2.0,1.0,H,1.0,3.0,1.2537313432835822,1.5820895522388059
2013-10-20,Botafogo RJ,Vasco,2.0,2.0,D,0.0,4.0,1.5223880597014925,1.2388059701492538
2013-10-20,Internacional,Gremio,2.0,2.0,D,0.0,4.0,1.2985074626865671,1.3582089552238805
2013-10-20,Bahia,Sao Paulo,0.0,1.0,A,2.0,1.0,1.0149253731343284,1.3134328358208955
2013-10-20,Atletico-MG,Flamengo RJ,1.0,0.0,H,1.0,1.0,1.4477611940298507,1.1194029850746268
2013-10-20,Corinthians,Criciuma,1.0,0.0,H,1.0,1.0,1.0895522388059702,1.3103448275862069
2013-10-20,Goias,Athletico-PR,3.0,0.0,H,1.0,3.0,1.206896551724138,1.6206896551724137
2013-10-26,Botafogo RJ,Atletico-MG,1.0,0.0,H,1.0,1.0,1.5294117647058822,1.4411764705882353
2013-10-26,Cruzeiro,Criciuma,5.0,3.0,H,1.0,8.0,1.5735294117647058,1.2666666666666666
2013-10-27,Fluminense,Vitoria,2.0,3.0,A,2.0,5.0,1.3823529411764706,1.4
2013-10-27,Nautico,Goias,0.0,2.0,A,2.0,2.0,0.9411764705882353,1.2666666666666666
2013-10-27,Coritiba,Gremio,4.0,0.0,H,1.0,4.0,1.2647058823529411,1.3676470588235294
2013-10-27,Portuguesa,Flamengo RJ,0.0,0.0,D,0.0,0.0,1.2352941176470589,1.1029411764705883
2013-10-27,Internacional,Sao Paulo,2.0,3.0,A,2.0,5.0,1.3088235294117647,1.3088235294117647
2013-10-27,Corinthians,Santos,1.0,1.0,D,0.0,2.0,1.088235294117647,1.3088235294117647
2013-10-27,Bahia,Athletico-PR,1.0,1.0,D,0.0,2.0,1.0,1.5666666666666667
2013-10-27,Ponte Preta,Vasco,2.0,1.0,H,1.0,3.0,1.0,1.25
2013-11-02,Sao Paulo,Portuguesa,2.0,1.0,H,1.0,3.0,1.3333333333333333,1.2173913043478262
2013-11-02,Vasco,Coritiba,2.0,1.0,H,1.0,3.0,1.2463768115942029,1.3043478260869565
2013-11-02,Atletico-MG,Nautico,5.0,0.0,H,1.0,5.0,1.4202898550724639,0.927536231884058
2013-11-03,Santos,Cruzeiro,0.0,1.0,A,2.0,1.0,1.3043478260869565,1.6231884057971016
2013-11-03,Flamengo RJ,Fluminense,1.0,0.0,H,1.0,1.0,1.0869565217391304,1.391304347826087
2013-11-03,Criciuma,Ponte Preta,1.0,1.0,D,0.0,2.0,1.3225806451612903,1.0144927536231885
2013-11-03,Athletico-PR,Internacional,1.0,0.0,H,1.0,1.0,1.5483870967741935,1.318840579710145
2013-11-03,Gremio,Bahia,0.0,0.0,D,0.0,0.0,1.3478260869565217,1.0
2013-11-03,Goias,Botafogo RJ,1.0,0.0,H,1.0,1.0,1.2903225806451613,1.5217391304347827
2013-11-03,Vitoria,Corinthians,1.0,1.0,D,0.0,2.0,1.4516129032258065,1.0869565217391304
2013-11-09,Portuguesa,Coritiba,0.0,0.0,D,0.0,0.0,1.2142857142857142,1.3
2013-11-09,Bahia,Atletico-MG,0.0,0.0,D,0.0,0.0,0.9857142857142858,1.4714285714285715
2013-11-09,Flamengo RJ,Goias,1.0,1.0,D,0.0,2.0,1.0857142857142856,1.28125
2013-11-10,Nautico,Criciuma,0.0,1.0,A,2.0,1.0,0.9142857142857143,1.3125
2013-11-10,Vasco,Santos,2.0,2.0,D,0.0,4.0,1.2571428571428571,1.2857142857142858
2013-11-10,Corinthians,Fluminense,1.0,0.0,H,1.0,1.0,1.0857142857142856,1.3714285714285714
2013-11-10,Ponte Preta,Vitoria,0.0,3.0,A,2.0,3.0,1.0142857142857142,1.4375
2013-11-10,Internacional,Botafogo RJ,2.0,1.0,H,1.0,3.0,1.3,1.5
2013-11-10,Cruzeiro,Gremio,3.0,0.0,H,1.0,3.0,1.6142857142857143,1.3285714285714285
2013-11-10,Athletico-PR,Sao Paulo,3.0,0.0,H,1.0,3.0,1.53125,1.3428571428571427
2013-11-13,Sao Paulo,Flamengo RJ,2.0,0.0,H,1.0,2.0,1.323943661971831,1.0845070422535212
2013-11-13,Coritiba,Corinthians,0.0,1.0,A,2.0,1.0,1.2816901408450705,1.0845070422535212
2013-11-13,Criciuma,Athletico-PR,2.0,1.0,H,1.0,3.0,1.303030303030303,1.5757575757575757
2013-11-13,Vitoria,Cruzeiro,1.0,3.0,A,2.0,4.0,1.4848484848484849,1.6338028169014085
2013-11-13,Gremio,Vasco,1.0,0.0,H,1.0,1.0,1.3098591549295775,1.267605633802817
2013-11-13,Goias,Ponte Preta,2.0,0.0,H,1.0,2.0,1.2727272727272727,1.0
2013-11-13,Botafogo RJ,Portuguesa,0.0,0.0,D,0.0,0.0,1.4929577464788732,1.1971830985915493
2013-11-14,Santos,Bahia,3.0,0.0,H,1.0,3.0,1.295774647887324,0.971830985915493
2013-11-14,Atletico-MG,Internacional,2.0,1.0,H,1.0,3.0,1.4507042253521127,1.3098591549295775
2013-11-14,Fluminense,Nautico,2.0,0.0,H,1.0,2.0,1.352112676056338,0.9014084507042254
2013-11-16,Botafogo RJ,Athletico-PR,4.0,0.0,H,1.0,4.0,1.4722222222222223,1.5588235294117647
2013-11-16,Coritiba,Criciuma,1.0,2.0,A,2.0,3.0,1.2638888888888888,1.3235294117647058
2013-11-17,Gremio,Flamengo RJ,2.0,1.0,H,1.0,3.0,1.3055555555555556,1.0694444444444444
2013-11-17,Portuguesa,Atletico-MG,2.0,0.0,H,1.0,2.0,1.1805555555555556,1.4583333333333333
2013-11-17,Nautico,Bahia,0.0,1.0,A,2.0,1.0,0.8888888888888888,0.9583333333333334
2013-11-17,Goias,Internacional,3.0,1.0,H,1.0,4.0,1.2941176470588236,1.3055555555555556
2013-11-17,Vitoria,Santos,2.0,0.0,H,1.0,2.0,1.4705882352941178,1.3194444444444444
2013-11-17,Fluminense,Sao Paulo,2.0,1.0,H,1.0,3.0,1.3611111111111112,1.3333333333333333
2013-11-17,Cruzeiro,Ponte Preta,2.0,2.0,D,0.0,4.0,1.6527777777777777,0.9861111111111112
2013-11-17,Corinthians,Vasco,0.0,0.0,D,0.0,0.0,1.0833333333333333,1.25
2013-11-23,Criciuma,Vitoria,1.0,1.0,D,0.0,2.0,1.3428571428571427,1.4857142857142858
2013-11-23,Vasco,Cruzeiro,2.0,1.0,H,1.0,3.0,1.2328767123287672,1.6575342465753424
2013-11-23,Atletico-MG,Goias,4.0,1.0,H,1.0,5.0,1.4383561643835616,1.3428571428571427
2013-11-24,Sao Paulo,Botafogo RJ,1.0,1.0,D,0.0,2.0,1.3287671232876712,1.5068493150684932
2013-11-24,Internacional,Coritiba,0.0,0.0,D,0.0,0.0,1.3013698630136987,1.2602739726027397
2013-11-24,Bahia,Portuguesa,1.0,0.0,H,1.0,1.0,0.958904109589041,1.1917808219178083
2013-11-24,Ponte Preta,Gremio,1.0,1.0,D,0.0,2.0,1.0,1.3150684931506849
2013-11-24,Flamengo RJ,Corinthians,1.0,0.0,H,1.0,1.0,1.0684931506849316,1.0684931506849316
2013-11-24,Athletico-PR,Nautico,6.0,1.0,H,1.0,7.0,1.5142857142857142,0.8767123287671232
2013-11-24,Santos,Fluminense,1.0,0.0,H,1.0,1.0,1.3013698630136987,1.36986301369863
2013-11-30,Fluminense,Atletico-MG,2.0,2.0,D,0.0,4.0,1.3513513513513513,1.472972972972973
2013-11-30,Corinthians,Internacional,0.0,0.0,D,0.0,0.0,1.054054054054054,1.2837837837837838
2013-12-01,Vitoria,Flamengo RJ,4.0,2.0,H,1.0,6.0,1.4722222222222223,1.0675675675675675
2013-12-01,Santos,Athletico-PR,2.0,1.0,H,1.0,3.0,1.2972972972972974,1.6388888888888888
2013-12-01,Vasco,Nautico,2.0,0.0,H,1.0,2.0,1.2432432432432432,0.8783783783783784
2013-12-01,Gremio,Goias,1.0,0.0,H,1.0,1.0,1.3108108108108107,1.3333333333333333
2013-12-01,Cruzeiro,Bahia,1.0,2.0,A,2.0,3.0,1.6486486486486487,0.9594594594594594
2013-12-01,Coritiba,Botafogo RJ,2.0,1.0,H,1.0,3.0,1.2432432432432432,1.5
2013-12-01,Ponte Preta,Portuguesa,0.0,2.0,A,2.0,2.0,1.0,1.1756756756756757
2013-12-01,Criciuma,Sao Paulo,1.0,0.0,H,1.0,1.0,1.3333333333333333,1.3243243243243243
2013-12-07,Flamengo RJ,Cruzeiro,1.0,1.0,D,0.0,2.0,1.08,1.64
2013-12-07,Nautico,Corinthians,1.0,0.0,H,1.0,1.0,0.8666666666666667,1.04
2013-12-08,Sao Paulo,Coritiba,0.0,1.0,A,2.0,1.0,1.3066666666666666,1.2533333333333334
2013-12-08,Portuguesa,Gremio,0.0,0.0,D,0.0,0.0,1.1866666666666668,1.3066666666666666
2013-12-08,Goias,Santos,0.0,3.0,A,2.0,3.0,1.2972972972972974,1.3066666666666666
2013-12-08,Internacional,Ponte Preta,0.0,0.0,D,0.0,0.0,1.2666666666666666,0.9866666666666667
2013-12-08,Bahia,Fluminense,1.0,2.0,A,2.0,3.0,0.9733333333333334,1.36
2013-12-08,Athletico-PR,Vasco,5.0,1.0,H,1.0,6.0,1.6216216216216217,1.2533333333333334
2013-12-08,Atletico-MG,Vitoria,2.0,2.0,D,0.0,4.0,1.48,1.5405405405405406
2013-12-08,Botafogo RJ,Criciuma,3.0,0.0,H,1.0,3.0,1.4933333333333334,1.3243243243243243
2014-04-19,Fluminense,Figueirense,3.0,0.0,H,1.0,3.0,1.368421052631579,1.0263157894736843
2014-04-19,Internacional,Vitoria,1.0,0.0,H,1.0,1.0,1.25,1.5526315789473684
2014-04-20,Santos,Sport Recife,1.0,1.0,D,0.0,2.0,1.3289473684210527,1.0263157894736843
2014-04-20,Flamengo RJ,Goias,0.0,0.0,D,0.0,0.0,1.0789473684210527,1.263157894736842
2014-04-20,Criciuma,Palmeiras,1.0,2.0,A,2.0,3.0,1.2894736842105263,1.0263157894736843
2014-04-20,Sao Paulo,Botafogo RJ,3.0,0.0,H,1.0,3.0,1.2894736842105263,1.513157894736842
2014-04-20,Bahia,Cruzeiro,1.0,2.0,A,2.0,3.0,0.9736842105263158,1.631578947368421
2014-04-20,Atletico-MG,Corinthians,0.0,0.0,D,0.0,0.0,1.486842105263158,1.0263157894736843
2014-04-20,Chapecoense-SC,Coritiba,0.0,0.0,D,0.0,0.0,1.0,1.25
2014-04-20,Athletico-PR,Gremio,1.0,0.0,H,1.0,1.0,1.7105263157894737,1.2894736842105263
2014-04-26,Coritiba,Santos,0.0,0.0,D,0.0,0.0,1.2337662337662338,1.3246753246753247
2014-04-27,Sport Recife,Chapecoense-SC,2.0,1.0,H,1.0,3.0,1.0256410256410255,0.0
2014-04-27,Gremio,Atletico-MG,2.0,1.0,H,1.0,3.0,1.2727272727272727,1.4675324675324675
2014-04-27,Goias,Criciuma,1.0,0.0,H,1.0,1.0,1.2307692307692308,1.2820512820512822
2014-04-27,Vitoria,Athletico-PR,2.0,2.0,D,0.0,4.0,1.5128205128205128,1.6923076923076923
2014-04-27,Figueirense,Bahia,0.0,2.0,A,2.0,2.0,1.0,0.974025974025974
2014-04-27,Corinthians,Flamengo RJ,2.0,0.0,H,1.0,2.0,1.0129870129870129,1.0649350649350648
2014-04-27,Botafogo RJ,Internacional,2.0,2.0,D,0.0,4.0,1.4935064935064934,1.2467532467532467
2014-04-27,Palmeiras,Fluminense,0.0,1.0,A,2.0,1.0,1.0512820512820513,1.3896103896103895
2014-04-27,Cruzeiro,Sao Paulo,1.0,1.0,D,0.0,2.0,1.6363636363636365,1.3116883116883118
2014-05-03,Athletico-PR,Cruzeiro,2.0,3.0,A,2.0,5.0,1.7,1.6282051282051282
2014-05-03,Santos,Gremio,0.0,0.0,D,0.0,0.0,1.3076923076923077,1.2820512820512822
2014-05-03,Sao Paulo,Coritiba,2.0,2.0,D,0.0,4.0,1.3076923076923077,1.2179487179487178
2014-05-04,Chapecoense-SC,Corinthians,0.0,1.0,A,2.0,1.0,0.5,1.0256410256410255
2014-05-04,Atletico-MG,Goias,0.0,1.0,A,2.0,1.0,1.4615384615384615,1.225
2014-05-04,Flamengo RJ,Palmeiras,4.0,2.0,H,1.0,6.0,1.0512820512820513,1.025
2014-05-04,Internacional,Sport Recife,2.0,1.0,H,1.0,3.0,1.2564102564102564,1.05
2014-05-04,Bahia,Botafogo RJ,1.0,0.0,H,1.0,1.0,0.9871794871794872,1.5
2014-05-04,Fluminense,Vitoria,1.0,2.0,A,2.0,3.0,1.3846153846153846,1.525
2014-05-04,Criciuma,Figueirense,1.0,0.0,H,1.0,1.0,1.25,0.975
2014-05-10,Internacional,Athletico-PR,2.0,1.0,H,1.0,3.0,1.2658227848101267,1.7073170731707317
2014-05-10,Palmeiras,Goias,2.0,0.0,H,1.0,2.0,1.048780487804878,1.2195121951219512
2014-05-11,Figueirense,Santos,0.0,2.0,A,2.0,2.0,0.9512195121951219,1.2911392405063291
2014-05-11,Coritiba,Sport Recife,0.0,1.0,A,2.0,1.0,1.2278481012658229,1.048780487804878
2014-05-11,Bahia,Vitoria,1.0,1.0,D,0.0,2.0,0.9873417721518988,1.5365853658536586
2014-05-11,Sao Paulo,Corinthians,1.0,1.0,D,0.0,2.0,1.3164556962025316,1.0253164556962024
2014-05-11,Fluminense,Flamengo RJ,2.0,0.0,H,1.0,2.0,1.379746835443038,1.0886075949367089
2014-05-11,Chapecoense-SC,Gremio,1.0,2.0,A,2.0,3.0,0.3333333333333333,1.2658227848101267
2014-05-11,Atletico-MG,Cruzeiro,2.0,1.0,H,1.0,3.0,1.4430379746835442,1.6455696202531647
2014-05-11,Botafogo RJ,Criciuma,6.0,0.0,H,1.0,6.0,1.481012658227848,1.2439024390243902
2014-05-15,Goias,Botafogo RJ,2.0,0.0,H,1.0,2.0,1.1904761904761905,1.5375
2014-05-17,Cruzeiro,Coritiba,3.0,2.0,H,1.0,5.0,1.6375,1.2125
2014-05-18,Santos,Atletico-MG,1.0,2.0,A,2.0,3.0,1.3,1.45
2014-05-18,Criciuma,Internacional,0.0,0.0,D,0.0,0.0,1.2142857142857142,1.275
2014-05-18,Gremio,Fluminense,1.0,0.0,H,1.0,1.0,1.275,1.3875
2014-05-18,Vitoria,Palmeiras,0.0,1.0,A,2.0,1.0,1.5238095238095237,1.0714285714285714
2014-05-18,Corinthians,Figueirense,0.0,1.0,A,2.0,1.0,1.025,0.9285714285714286
2014-05-18,Athletico-PR,Chapecoense-SC,1.0,1.0,D,0.0,2.0,1.6904761904761905,0.5
2014-05-18,Flamengo RJ,Sao Paulo,0.0,2.0,A,2.0,2.0,1.075,1.3125
2014-05-21,Coritiba,Internacional,1.0,1.0,D,0.0,2.0,1.2222222222222223,1.2592592592592593
2014-05-21,Flamengo RJ,Bahia,1.0,1.0,D,0.0,2.0,1.0617283950617284,0.9875
2014-05-22,Goias,Santos,2.0,2.0,D,0.0,4.0,1.2093023255813953,1.2962962962962963
2014-05-22,Gremio,Botafogo RJ,2.0,1.0,H,1.0,3.0,1.271604938271605,1.5185185185185186
2014-05-22,Fluminense,Sao Paulo,5.0,2.0,H,1.0,7.0,1.3703703703703705,1.3209876543209877
2014-05-22,Palmeiras,Figueirense,1.0,0.0,H,1.0,1.0,1.069767441860465,0.9302325581395349
2014-05-22,Cruzeiro,Sport Recife,2.0,0.0,H,1.0,2.0,1.654320987654321,1.0476190476190477
2014-05-22,Criciuma,Chapecoense-SC,1.0,0.0,H,1.0,1.0,1.186046511627907,0.6
2014-05-22,Corinthians,Athletico-PR,1.0,1.0,D,0.0,2.0,1.0123456790123457,1.6744186046511629
2014-05-23,Vitoria,Atletico-MG,2.0,3.0,A,2.0,5.0,1.4883720930232558,1.4567901234567902
2014-05-24,Bahia,Fluminense,0.0,1.0,A,2.0,1.0,0.9876543209876543,1.4146341463414633
2014-05-25,Internacional,Cruzeiro,1.0,3.0,A,2.0,4.0,1.2560975609756098,1.6585365853658536
2014-05-25,Sao Paulo,Gremio,1.0,0.0,H,1.0,1.0,1.329268292682927,1.2804878048780488
2014-05-25,Athletico-PR,Coritiba,2.0,0.0,H,1.0,2.0,1.6590909090909092,1.2195121951219512
2014-05-25,Figueirense,Goias,0.0,1.0,A,2.0,1.0,0.9090909090909091,1.2272727272727273
2014-05-25,Santos,Flamengo RJ,0.0,0.0,D,0.0,0.0,1.3048780487804879,1.0609756097560976
2014-05-25,Sport Recife,Corinthians,1.0,4.0,A,2.0,5.0,1.0232558139534884,1.0121951219512195
2014-05-25,Atletico-MG,Criciuma,0.0,0.0,D,0.0,0.0,1.475609756097561,1.1818181818181819
2014-05-25,Botafogo RJ,Vitoria,1.0,1.0,D,0.0,2.0,1.5121951219512195,1.5
2014-05-25,Chapecoense-SC,Palmeiras,2.0,0.0,H,1.0,2.0,0.5,1.0681818181818181
2014-05-28,Sport Recife,Gremio,0.0,0.0,D,0.0,0.0,1.0227272727272727,1.2650602409638554
2014-05-28,Palmeiras,Botafogo RJ,0.0,2.0,A,2.0,2.0,1.0444444444444445,1.5060240963855422
2014-05-28,Criciuma,Coritiba,1.0,0.0,H,1.0,1.0,1.1555555555555554,1.2048192771084338
2014-05-29,Goias,Vitoria,0.0,0.0,D,0.0,0.0,1.2222222222222223,1.488888888888889
2014-05-29,Internacional,Chapecoense-SC,2.0,0.0,H,1.0,2.0,1.2530120481927711,0.7142857142857143
2014-05-29,Atletico-MG,Fluminense,2.0,0.0,H,1.0,2.0,1.4578313253012047,1.4096385542168675
2014-05-29,Athletico-PR,Sao Paulo,2.0,2.0,D,0.0,4.0,1.6666666666666667,1.3253012048192772
2014-05-29,Corinthians,Cruzeiro,1.0,0.0,H,1.0,1.0,1.0481927710843373,1.6746987951807228
2014-05-29,Flamengo RJ,Figueirense,1.0,1.0,D,0.0,2.0,1.0481927710843373,0.8888888888888888
2014-05-30,Bahia,Santos,0.0,2.0,A,2.0,2.0,0.975609756097561,1.2891566265060241
2014-05-31,Sao Paulo,Atletico-MG,2.0,1.0,H,1.0,3.0,1.3333333333333333,1.4642857142857142
2014-05-31,Coritiba,Goias,3.0,0.0,H,1.0,3.0,1.1904761904761905,1.1956521739130435
2014-06-01,Vitoria,Sport Recife,0.0,1.0,A,2.0,1.0,1.4565217391304348,1.0
2014-06-01,Chapecoense-SC,Bahia,2.0,1.0,H,1.0,3.0,0.625,0.963855421686747
2014-06-01,Corinthians,Botafogo RJ,1.0,1.0,D,0.0,2.0,1.0476190476190477,1.5119047619047619
2014-06-01,Cruzeiro,Flamengo RJ,3.0,0.0,H,1.0,3.0,1.6547619047619047,1.0476190476190477
2014-06-01,Gremio,Palmeiras,0.0,0.0,D,0.0,0.0,1.25,1.0217391304347827
2014-06-01,Figueirense,Athletico-PR,1.0,3.0,A,2.0,4.0,0.8913043478260869,1.673913043478261
2014-06-01,Fluminense,Internacional,1.0,1.0,D,0.0,2.0,1.3928571428571428,1.2619047619047619
2014-06-01,Santos,Criciuma,2.0,0.0,H,1.0,2.0,1.2976190476190477,1.1521739130434783
2014-06-05,Sport Recife,Bahia,1.0,0.0,H,1.0,1.0,1.0,0.9642857142857143
2014-07-16,Sport Recife,Botafogo RJ,1.0,0.0,H,1.0,1.0,1.0,1.5058823529411764
2014-07-16,Coritiba,Figueirense,0.0,2.0,A,2.0,2.0,1.2117647058823529,0.8936170212765957
2014-07-16,Gremio,Goias,0.0,0.0,D,0.0,0.0,1.2352941176470589,1.1702127659574468
2014-07-17,Bahia,Sao Paulo,0.0,2.0,A,2.0,2.0,0.9529411764705882,1.3411764705882352
2014-07-17,Criciuma,Fluminense,3.0,2.0,H,1.0,5.0,1.127659574468085,1.388235294117647
2014-07-17,Flamengo RJ,Athletico-PR,1.0,2.0,A,2.0,3.0,1.035294117647059,1.702127659574468
2014-07-17,Corinthians,Internacional,2.0,1.0,H,1.0,3.0,1.0470588235294118,1.2588235294117647
2014-07-17,Santos,Palmeiras,2.0,0.0,H,1.0,2.0,1.3058823529411765,1.0
2014-07-18,Cruzeiro,Vitoria,3.0,1.0,H,1.0,4.0,1.6705882352941177,1.425531914893617
2014-07-19,Figueirense,Gremio,0.0,1.0,A,2.0,1.0,0.9166666666666666,1.2209302325581395
2014-07-19,Atletico-MG,Bahia,1.0,1.0,D,0.0,2.0,1.4588235294117646,0.9418604651162791
2014-07-19,Sao Paulo,Chapecoense-SC,0.0,1.0,A,2.0,1.0,1.3488372093023255,0.7777777777777778
2014-07-20,Fluminense,Santos,1.0,0.0,H,1.0,1.0,1.3953488372093024,1.313953488372093
2014-07-20,Athletico-PR,Criciuma,2.0,0.0,H,1.0,2.0,1.7083333333333333,1.1666666666666667
2014-07-20,Vitoria,Corinthians,0.0,0.0,D,0.0,0.0,1.4166666666666667,1.058139534883721
2014-07-20,Goias,Sport Recife,0.0,0.0,D,0.0,0.0,1.1458333333333333,1.0
2014-07-20,Internacional,Flamengo RJ,4.0,0.0,H,1.0,4.0,1.255813953488372,1.0348837209302326
2014-07-20,Botafogo RJ,Coritiba,1.0,0.0,H,1.0,1.0,1.4883720930232558,1.197674418604651
2014-07-20,Palmeiras,Cruzeiro,1.0,2.0,A,2.0,3.0,0.9791666666666666,1.686046511627907
2014-07-26,Santos,Chapecoense-SC,3.0,0.0,H,1.0,3.0,1.2988505747126438,0.8
2014-07-26,Cruzeiro,Figueirense,5.0,0.0,H,1.0,5.0,1.6896551724137931,0.8979591836734694
2014-07-26,Criciuma,Vitoria,1.0,3.0,A,2.0,4.0,1.1428571428571428,1.3877551020408163
2014-07-27,Bahia,Internacional,0.0,1.0,A,2.0,1.0,0.9425287356321839,1.2873563218390804
2014-07-27,Athletico-PR,Fluminense,0.0,3.0,A,2.0,3.0,1.7142857142857142,1.3908045977011494
2014-07-27,Corinthians,Palmeiras,2.0,0.0,H,1.0,2.0,1.0459770114942528,0.9795918367346939
2014-07-27,Goias,Sao Paulo,2.0,1.0,H,1.0,3.0,1.1224489795918366,1.3333333333333333
2014-07-27,Sport Recife,Atletico-MG,2.0,1.0,H,1.0,3.0,0.9795918367346939,1.4534883720930232
2014-07-27,Flamengo RJ,Botafogo RJ,1.0,0.0,H,1.0,1.0,1.0229885057471264,1.4827586206896552
2014-07-27,Gremio,Coritiba,2.0,3.0,A,2.0,5.0,1.2183908045977012,1.1839080459770115
2014-08-02,Sao Paulo,Criciuma,1.0,1.0,D,0.0,2.0,1.3295454545454546,1.14
2014-08-02,Botafogo RJ,Cruzeiro,1.0,1.0,D,0.0,2.0,1.4659090909090908,1.7272727272727273
2014-08-03,Vitoria,Gremio,2.0,1.0,H,1.0,3.0,1.42,1.2272727272727273
2014-08-03,Chapecoense-SC,Flamengo RJ,1.0,0.0,H,1.0,1.0,0.7272727272727273,1.0227272727272727
2014-08-03,Coritiba,Corinthians,0.0,0.0,D,0.0,0.0,1.2045454545454546,1.0568181818181819
2014-08-03,Figueirense,Sport Recife,3.0,0.0,H,1.0,3.0,0.88,1.0
2014-08-03,Palmeiras,Bahia,1.0,1.0,D,0.0,2.0,0.96,0.9318181818181818
2014-08-03,Atletico-MG,Athletico-PR,3.0,1.0,H,1.0,4.0,1.4482758620689655,1.68
2014-08-03,Fluminense,Goias,2.0,0.0,H,1.0,2.0,1.4090909090909092,1.14
2014-08-03,Internacional,Santos,1.0,0.0,H,1.0,1.0,1.2840909090909092,1.3181818181818181
2014-08-07,Chapecoense-SC,Atletico-MG,1.0,1.0,D,0.0,2.0,0.75,1.4659090909090908
2014-08-09,Criciuma,Cruzeiro,0.0,0.0,D,0.0,0.0,1.1372549019607843,1.7191011235955056
2014-08-09,Bahia,Goias,1.0,0.0,H,1.0,1.0,0.9325842696629213,1.1176470588235294
2014-08-10,Fluminense,Coritiba,1.0,1.0,D,0.0,2.0,1.4157303370786516,1.1910112359550562
2014-08-10,Athletico-PR,Botafogo RJ,2.0,0.0,H,1.0,2.0,1.6666666666666667,1.4606741573033708
2014-08-10,Flamengo RJ,Sport Recife,1.0,0.0,H,1.0,1.0,1.0112359550561798,0.9803921568627451
2014-08-10,Internacional,Gremio,2.0,0.0,H,1.0,2.0,1.2808988764044944,1.2247191011235956
2014-08-10,Santos,Corinthians,0.0,1.0,A,2.0,1.0,1.303370786516854,1.0449438202247192
2014-08-10,Atletico-MG,Palmeiras,2.0,1.0,H,1.0,3.0,1.4606741573033708,0.9607843137254902
2014-08-10,Chapecoense-SC,Figueirense,0.0,1.0,A,2.0,1.0,0.7692307692307693,0.9215686274509803
2014-08-10,Sao Paulo,Vitoria,3.0,1.0,H,1.0,4.0,1.3258426966292134,1.4313725490196079
2014-08-16,Goias,Internacional,0.0,1.0,A,2.0,1.0,1.0961538461538463,1.288888888888889
2014-08-17,Figueirense,Atletico-MG,2.0,2.0,D,0.0,4.0,0.9230769230769231,1.4666666666666666
2014-08-17,Botafogo RJ,Fluminense,2.0,0.0,H,1.0,2.0,1.4444444444444444,1.4111111111111112
2014-08-17,Vitoria,Chapecoense-SC,0.0,0.0,D,0.0,0.0,1.4230769230769231,0.7142857142857143
2014-08-17,Palmeiras,Sao Paulo,1.0,2.0,A,2.0,3.0,0.9615384615384616,1.3444444444444446
2014-08-17,Corinthians,Bahia,1.0,1.0,D,0.0,2.0,1.0444444444444445,0.9333333333333333
2014-08-17,Cruzeiro,Santos,3.0,0.0,H,1.0,3.0,1.7,1.288888888888889
2014-08-17,Coritiba,Flamengo RJ,0.0,1.0,A,2.0,1.0,1.1888888888888889,1.011111111111111
2014-08-17,Sport Recife,Athletico-PR,1.0,1.0,D,0.0,2.0,0.9615384615384616,1.6730769230769231
2014-08-17,Gremio,Criciuma,2.0,0.0,H,1.0,2.0,1.211111111111111,1.1153846153846154
2014-08-20,Santos,Athletico-PR,2.0,0.0,H,1.0,2.0,1.2747252747252746,1.6603773584905661
2014-08-20,Sport Recife,Palmeiras,2.0,1.0,H,1.0,3.0,0.9622641509433962,0.9622641509433962
2014-08-20,Figueirense,Botafogo RJ,1.0,0.0,H,1.0,1.0,0.9433962264150944,1.4505494505494505
2014-08-21,Bahia,Criciuma,0.0,0.0,D,0.0,0.0,0.9340659340659341,1.0943396226415094
2014-08-21,Coritiba,Vitoria,2.0,0.0,H,1.0,2.0,1.1758241758241759,1.3962264150943395
2014-08-21,Chapecoense-SC,Fluminense,1.0,0.0,H,1.0,1.0,0.6666666666666666,1.3956043956043955
2014-08-21,Flamengo RJ,Atletico-MG,2.0,1.0,H,1.0,3.0,1.010989010989011,1.4725274725274726
2014-08-21,Internacional,Sao Paulo,0.0,1.0,A,2.0,1.0,1.2857142857142858,1.3516483516483517
2014-08-21,Corinthians,Goias,5.0,2.0,H,1.0,7.0,1.043956043956044,1.0754716981132075
2014-08-22,Cruzeiro,Gremio,1.0,0.0,H,1.0,1.0,1.7142857142857142,1.2197802197802199
2014-08-23,Atletico-MG,Internacional,1.0,0.0,H,1.0,1.0,1.4673913043478262,1.2717391304347827
2014-08-23,Botafogo RJ,Chapecoense-SC,1.0,0.0,H,1.0,1.0,1.434782608695652,0.6875
2014-08-24,Vitoria,Figueirense,0.0,1.0,A,2.0,1.0,1.3703703703703705,0.9444444444444444
2014-08-24,Sao Paulo,Santos,2.0,1.0,H,1.0,3.0,1.3478260869565217,1.2826086956521738
2014-08-24,Gremio,Corinthians,2.0,1.0,H,1.0,3.0,1.2065217391304348,1.0869565217391304
2014-08-24,Criciuma,Flamengo RJ,0.0,2.0,A,2.0,2.0,1.0740740740740742,1.0217391304347827
2014-08-24,Palmeiras,Coritiba,1.0,0.0,H,1.0,1.0,0.9629629629629629,1.184782608695652
2014-08-24,Athletico-PR,Bahia,0.0,0.0,D,0.0,0.0,1.6296296296296295,0.9239130434782609
2014-08-24,Fluminense,Sport Recife,4.0,0.0,H,1.0,4.0,1.3804347826086956,0.9814814814814815
2014-08-24,Goias,Cruzeiro,0.0,1.0,A,2.0,1.0,1.0925925925925926,1.7065217391304348
2014-08-30,Palmeiras,Internacional,0.0,1.0,A,2.0,1.0,0.9636363636363636,1.2580645161290323
2014-08-30,Cruzeiro,Chapecoense-SC,4.0,2.0,H,1.0,6.0,1.6989247311827957,0.6470588235294118
2014-08-31,Vitoria,Flamengo RJ,1.0,2.0,A,2.0,3.0,1.3454545454545455,1.032258064516129
2014-08-31,Gremio,Bahia,1.0,0.0,H,1.0,1.0,1.2150537634408602,0.9139784946236559
2014-08-31,Goias,Athletico-PR,3.0,1.0,H,1.0,4.0,1.0727272727272728,1.6
2014-08-31,Sport Recife,Criciuma,2.0,0.0,H,1.0,2.0,0.9636363636363636,1.0545454545454545
2014-08-31,Corinthians,Fluminense,1.0,1.0,D,0.0,2.0,1.086021505376344,1.4086021505376345
2014-08-31,Coritiba,Atletico-MG,0.0,0.0,D,0.0,0.0,1.1720430107526882,1.4623655913978495
2014-08-31,Botafogo RJ,Santos,1.0,0.0,H,1.0,1.0,1.4301075268817205,1.2795698924731183
2014-08-31,Figueirense,Sao Paulo,1.0,1.0,D,0.0,2.0,0.9454545454545454,1.3548387096774193
2014-09-06,Flamengo RJ,Gremio,0.0,1.0,A,2.0,1.0,1.0425531914893618,1.2127659574468086
2014-09-06,Santos,Vitoria,3.0,1.0,H,1.0,4.0,1.2659574468085106,1.3392857142857142
2014-09-07,Internacional,Figueirense,2.0,3.0,A,2.0,5.0,1.2553191489361701,0.9464285714285714
2014-09-07,Chapecoense-SC,Goias,0.0,0.0,D,0.0,0.0,0.7222222222222222,1.1071428571428572
2014-09-07,Atletico-MG,Botafogo RJ,1.0,0.0,H,1.0,1.0,1.446808510638298,1.425531914893617
2014-09-07,Criciuma,Corinthians,0.0,0.0,D,0.0,0.0,1.0357142857142858,1.0851063829787233
2014-09-07,Fluminense,Cruzeiro,3.0,3.0,D,0.0,6.0,1.4042553191489362,1.7234042553191489
2014-09-07,Sao Paulo,Sport Recife,2.0,0.0,H,1.0,2.0,1.351063829787234,0.9821428571428571
2014-09-07,Athletico-PR,Palmeiras,1.0,1.0,D,0.0,2.0,1.5892857142857142,0.9464285714285714
2014-09-07,Bahia,Coritiba,0.0,0.0,D,0.0,0.0,0.9042553191489362,1.1595744680851063
2014-09-10,Palmeiras,Criciuma,1.0,0.0,H,1.0,1.0,0.9473684210526315,1.0175438596491229
2014-09-10,Gremio,Athletico-PR,1.0,0.0,H,1.0,1.0,1.2105263157894737,1.5789473684210527
2014-09-10,Figueirense,Fluminense,1.0,1.0,D,0.0,2.0,0.9824561403508771,1.4210526315789473
2014-09-11,Vitoria,Internacional,2.0,0.0,H,1.0,2.0,1.3333333333333333,1.263157894736842
2014-09-11,Corinthians,Atletico-MG,1.0,0.0,H,1.0,1.0,1.0736842105263158,1.4421052631578948
2014-09-11,Goias,Flamengo RJ,1.0,0.0,H,1.0,1.0,1.087719298245614,1.0315789473684212
2014-09-11,Coritiba,Chapecoense-SC,3.0,0.0,H,1.0,3.0,1.1473684210526316,0.6842105263157895
2014-09-11,Sport Recife,Santos,3.0,1.0,H,1.0,4.0,0.9649122807017544,1.2842105263157895
2014-09-11,Botafogo RJ,Sao Paulo,2.0,4.0,A,2.0,6.0,1.4105263157894736,1.3578947368421053
2014-09-12,Cruzeiro,Bahia,2.0,1.0,H,1.0,3.0,1.736842105263158,0.8947368421052632
2014-09-13,Chapecoense-SC,Sport Recife,3.0,1.0,H,1.0,4.0,0.65,1.0
2014-09-13,Fluminense,Palmeiras,3.0,0.0,H,1.0,3.0,1.4166666666666667,0.9482758620689655
2014-09-14,Santos,Coritiba,2.0,1.0,H,1.0,3.0,1.28125,1.1666666666666667
2014-09-14,Bahia,Figueirense,3.0,0.0,H,1.0,3.0,0.8958333333333334,0.9827586206896551
2014-09-14,Flamengo RJ,Corinthians,1.0,0.0,H,1.0,1.0,1.0208333333333333,1.0729166666666667
2014-09-14,Sao Paulo,Cruzeiro,2.0,0.0,H,1.0,2.0,1.3854166666666667,1.7395833333333333
2014-09-14,Atletico-MG,Gremio,0.0,0.0,D,0.0,0.0,1.4270833333333333,1.2083333333333333
2014-09-14,Athletico-PR,Vitoria,2.0,0.0,H,1.0,2.0,1.5517241379310345,1.3448275862068966
2014-09-14,Criciuma,Goias,1.0,0.0,H,1.0,1.0,1.0,1.0862068965517242
2014-09-14,Internacional,Botafogo RJ,2.0,0.0,H,1.0,2.0,1.25,1.4166666666666667
2014-09-17,Cruzeiro,Athletico-PR,2.0,0.0,H,1.0,2.0,1.7216494845360826,1.5593220338983051
2014-09-17,Vitoria,Fluminense,3.0,1.0,H,1.0,4.0,1.3220338983050848,1.4329896907216495
2014-09-18,Palmeiras,Flamengo RJ,2.0,2.0,D,0.0,4.0,0.9322033898305084,1.0206185567010309
2014-09-18,Corinthians,Chapecoense-SC,1.0,1.0,D,0.0,2.0,1.0618556701030928,0.7619047619047619
2014-09-18,Goias,Atletico-MG,2.0,3.0,A,2.0,5.0,1.0677966101694916,1.4123711340206186
2014-09-18,Botafogo RJ,Bahia,2.0,3.0,A,2.0,5.0,1.402061855670103,0.9175257731958762
2014-09-18,Sport Recife,Internacional,0.0,0.0,D,0.0,0.0,1.0,1.2577319587628866
2014-09-18,Figueirense,Criciuma,1.0,1.0,D,0.0,2.0,0.9661016949152542,1.0
2014-09-18,Coritiba,Sao Paulo,3.0,1.0,H,1.0,4.0,1.1649484536082475,1.3917525773195876
2014-09-19,Gremio,Santos,0.0,0.0,D,0.0,0.0,1.1958762886597938,1.288659793814433
2014-09-20,Athletico-PR,Internacional,0.0,1.0,A,2.0,1.0,1.5333333333333334,1.2448979591836735
2014-09-21,Criciuma,Botafogo RJ,1.0,1.0,D,0.0,2.0,1.0,1.4081632653061225
2014-09-21,Corinthians,Sao Paulo,3.0,2.0,H,1.0,5.0,1.0612244897959184,1.3877551020408163
2014-09-21,Cruzeiro,Atletico-MG,2.0,3.0,A,2.0,5.0,1.7244897959183674,1.4285714285714286
2014-09-21,Flamengo RJ,Fluminense,1.0,1.0,D,0.0,2.0,1.030612244897959,1.4285714285714286
2014-09-21,Sport Recife,Coritiba,1.0,0.0,H,1.0,1.0,0.9833333333333333,1.183673469387755
2014-09-21,Vitoria,Bahia,2.0,1.0,H,1.0,3.0,1.35,0.9387755102040817
2014-09-21,Goias,Palmeiras,6.0,0.0,H,1.0,6.0,1.0833333333333333,0.95
2014-09-21,Gremio,Chapecoense-SC,1.0,0.0,H,1.0,1.0,1.183673469387755,0.7727272727272727
2014-09-21,Santos,Figueirense,3.0,1.0,H,1.0,4.0,1.2755102040816326,0.9666666666666667
2014-09-24,Coritiba,Cruzeiro,1.0,2.0,A,2.0,3.0,1.1717171717171717,1.7272727272727273
2014-09-24,Internacional,Criciuma,3.0,0.0,H,1.0,3.0,1.2424242424242424,1.0
2014-09-25,Sao Paulo,Flamengo RJ,2.0,2.0,D,0.0,4.0,1.393939393939394,1.0303030303030303
2014-09-25,Botafogo RJ,Goias,1.0,0.0,H,1.0,1.0,1.404040404040404,1.1639344262295082
2014-09-25,Palmeiras,Vitoria,2.0,0.0,H,1.0,2.0,0.9344262295081968,1.360655737704918
2014-09-25,Fluminense,Gremio,0.0,0.0,D,0.0,0.0,1.4242424242424243,1.1818181818181819
2014-09-25,Chapecoense-SC,Athletico-PR,3.0,0.0,H,1.0,3.0,0.7391304347826086,1.5081967213114753
2014-09-25,Figueirense,Corinthians,1.0,0.0,H,1.0,1.0,0.9672131147540983,1.0808080808080809
2014-09-25,Bahia,Sport Recife,1.0,0.0,H,1.0,1.0,0.9393939393939394,0.9836065573770492
2014-09-26,Atletico-MG,Santos,3.0,2.0,H,1.0,5.0,1.4444444444444444,1.292929292929293
2014-09-27,Chapecoense-SC,Criciuma,1.0,1.0,D,0.0,2.0,0.8333333333333334,0.9838709677419355
2014-09-27,Sport Recife,Cruzeiro,0.0,0.0,D,0.0,0.0,0.967741935483871,1.73
2014-09-28,Sao Paulo,Fluminense,1.0,3.0,A,2.0,4.0,1.4,1.41
2014-09-28,Atletico-MG,Vitoria,2.0,0.0,H,1.0,2.0,1.46,1.3387096774193548
2014-09-28,Athletico-PR,Corinthians,1.0,0.0,H,1.0,1.0,1.4838709677419355,1.07
2014-09-28,Bahia,Flamengo RJ,2.0,1.0,H,1.0,3.0,0.94,1.04
2014-09-28,Botafogo RJ,Gremio,0.0,2.0,A,2.0,2.0,1.4,1.17
2014-09-28,Figueirense,Palmeiras,3.0,1.0,H,1.0,4.0,0.967741935483871,0.9516129032258065
2014-09-28,Internacional,Coritiba,4.0,2.0,H,1.0,6.0,1.26,1.17
2014-09-28,Santos,Goias,2.0,0.0,H,1.0,2.0,1.3,1.1451612903225807
2014-10-02,Palmeiras,Chapecoense-SC,4.0,2.0,H,1.0,6.0,0.9523809523809523,0.84
2014-10-04,Cruzeiro,Internacional,2.0,1.0,H,1.0,3.0,1.7128712871287128,1.2871287128712872
2014-10-04,Criciuma,Atletico-MG,3.0,1.0,H,1.0,4.0,0.9841269841269841,1.4653465346534653
2014-10-04,Vitoria,Botafogo RJ,2.0,1.0,H,1.0,3.0,1.3174603174603174,1.386138613861386
2014-10-04,Corinthians,Sport Recife,3.0,0.0,H,1.0,3.0,1.0594059405940595,0.9523809523809523
2014-10-04,Fluminense,Bahia,1.0,1.0,D,0.0,2.0,1.4257425742574257,0.9504950495049505
2014-10-04,Flamengo RJ,Santos,0.0,1.0,A,2.0,1.0,1.0396039603960396,1.306930693069307
2014-10-04,Coritiba,Athletico-PR,1.0,0.0,H,1.0,1.0,1.1782178217821782,1.4761904761904763
2014-10-04,Gremio,Sao Paulo,0.0,1.0,A,2.0,1.0,1.1782178217821782,1.396039603960396
2014-10-05,Goias,Figueirense,1.0,0.0,H,1.0,1.0,1.126984126984127,1.0
2014-10-08,Botafogo RJ,Palmeiras,0.0,1.0,A,2.0,1.0,1.3823529411764706,1.0
2014-10-08,Coritiba,Criciuma,1.0,0.0,H,1.0,1.0,1.1764705882352942,1.015625
2014-10-08,Sao Paulo,Athletico-PR,1.0,0.0,H,1.0,1.0,1.392156862745098,1.453125
2014-10-09,Santos,Bahia,1.0,0.0,H,1.0,1.0,1.303921568627451,0.9509803921568627
2014-10-09,Fluminense,Atletico-MG,0.0,0.0,D,0.0,0.0,1.4215686274509804,1.4607843137254901
2014-10-09,Gremio,Sport Recife,2.0,0.0,H,1.0,2.0,1.1666666666666667,0.9375
2014-10-09,Figueirense,Flamengo RJ,1.0,2.0,A,2.0,3.0,0.984375,1.0294117647058822
2014-10-09,Vitoria,Goias,2.0,2.0,D,0.0,4.0,1.328125,1.125
2014-10-09,Cruzeiro,Corinthians,0.0,1.0,A,2.0,1.0,1.7156862745098038,1.0784313725490196
2014-10-10,Chapecoense-SC,Internacional,5.0,0.0,H,1.0,5.0,0.8846153846153846,1.2843137254901962
2014-10-11,Botafogo RJ,Corinthians,1.0,0.0,H,1.0,1.0,1.3689320388349515,1.0776699029126213
2014-10-11,Goias,Coritiba,3.0,0.0,H,1.0,3.0,1.1384615384615384,1.174757281553398
2014-10-12,Athletico-PR,Figueirense,3.0,0.0,H,1.0,3.0,1.4307692307692308,0.9846153846153847
2014-10-12,Sport Recife,Vitoria,1.0,2.0,A,2.0,3.0,0.9230769230769231,1.3384615384615384
2014-10-12,Criciuma,Santos,3.0,0.0,H,1.0,3.0,1.0,1.3009708737864079
2014-10-12,Internacional,Fluminense,2.0,1.0,H,1.0,3.0,1.2718446601941749,1.4077669902912622
2014-10-12,Flamengo RJ,Cruzeiro,3.0,0.0,H,1.0,3.0,1.0388349514563107,1.6990291262135921
2014-10-12,Bahia,Chapecoense-SC,0.0,1.0,A,2.0,1.0,0.941747572815534,1.037037037037037
2014-10-12,Atletico-MG,Sao Paulo,1.0,0.0,H,1.0,1.0,1.4466019417475728,1.3883495145631068
2014-10-12,Palmeiras,Gremio,2.0,1.0,H,1.0,3.0,1.0,1.174757281553398
2014-10-18,Fluminense,Criciuma,4.0,2.0,H,1.0,6.0,1.4038461538461537,1.0303030303030303
2014-10-18,Goias,Gremio,0.0,0.0,D,0.0,0.0,1.1666666666666667,1.1730769230769231
2014-10-18,Sao Paulo,Bahia,2.0,1.0,H,1.0,3.0,1.375,0.9326923076923077
2014-10-19,Atletico-MG,Chapecoense-SC,1.0,0.0,H,1.0,1.0,1.4423076923076923,1.0357142857142858
2014-10-19,Athletico-PR,Flamengo RJ,2.0,1.0,H,1.0,3.0,1.4545454545454546,1.0576923076923077
2014-10-19,Figueirense,Coritiba,4.0,0.0,H,1.0,4.0,0.9696969696969697,1.1634615384615385
2014-10-19,Internacional,Corinthians,1.0,2.0,A,2.0,3.0,1.2788461538461537,1.0673076923076923
2014-10-19,Palmeiras,Santos,1.0,3.0,A,2.0,4.0,1.0151515151515151,1.2884615384615385
2014-10-19,Botafogo RJ,Sport Recife,1.0,1.0,D,0.0,2.0,1.3653846153846154,0.9242424242424242
2014-10-19,Vitoria,Cruzeiro,0.0,1.0,A,2.0,1.0,1.3484848484848484,1.6826923076923077
2014-10-22,Cruzeiro,Palmeiras,1.0,1.0,D,0.0,2.0,1.6761904761904762,1.0149253731343284
2014-10-22,Criciuma,Athletico-PR,0.0,1.0,A,2.0,1.0,1.044776119402985,1.462686567164179
2014-10-22,Flamengo RJ,Internacional,2.0,0.0,H,1.0,2.0,1.0571428571428572,1.276190476190476
2014-10-22,Bahia,Atletico-MG,1.0,1.0,D,0.0,2.0,0.9333333333333333,1.438095238095238
2014-10-22,Corinthians,Vitoria,2.0,1.0,H,1.0,3.0,1.0761904761904761,1.328358208955224
2014-10-23,Coritiba,Botafogo RJ,2.0,0.0,H,1.0,2.0,1.1523809523809523,1.361904761904762
2014-10-23,Gremio,Figueirense,1.0,0.0,H,1.0,1.0,1.161904761904762,1.0149253731343284
2014-10-23,Chapecoense-SC,Sao Paulo,0.0,0.0,D,0.0,0.0,1.0,1.380952380952381
2014-10-23,Santos,Fluminense,0.0,1.0,A,2.0,1.0,1.3047619047619048,1.4285714285714286
2014-10-23,Sport Recife,Goias,0.0,1.0,A,2.0,1.0,0.9253731343283582,1.1492537313432836
2014-10-25,Vitoria,Criciuma,3.0,1.0,H,1.0,4.0,1.3235294117647058,1.0294117647058822
2014-10-25,Coritiba,Gremio,1.0,1.0,D,0.0,2.0,1.1603773584905661,1.1603773584905661
2014-10-25,Chapecoense-SC,Santos,1.0,1.0,D,0.0,2.0,0.9666666666666667,1.2924528301886793
2014-10-25,Palmeiras,Corinthians,1.0,1.0,D,0.0,2.0,1.0147058823529411,1.0849056603773586
2014-10-25,Fluminense,Athletico-PR,2.0,1.0,H,1.0,3.0,1.4245283018867925,1.4558823529411764
2014-10-25,Figueirense,Cruzeiro,1.0,1.0,D,0.0,2.0,1.0,1.669811320754717
2014-10-25,Atletico-MG,Sport Recife,3.0,2.0,H,1.0,5.0,1.4339622641509433,0.9117647058823529
2014-10-26,Botafogo RJ,Flamengo RJ,2.0,1.0,H,1.0,3.0,1.349056603773585,1.0660377358490567
2014-10-26,Internacional,Bahia,2.0,0.0,H,1.0,2.0,1.2641509433962264,0.9339622641509434
2014-10-27,Sao Paulo,Goias,3.0,0.0,H,1.0,3.0,1.3679245283018868,1.1470588235294117
2014-11-01,Gremio,Vitoria,1.0,0.0,H,1.0,1.0,1.158878504672897,1.3478260869565217
2014-11-01,Goias,Fluminense,0.0,2.0,A,2.0,2.0,1.1304347826086956,1.4299065420560748
2014-11-01,Corinthians,Coritiba,2.0,2.0,D,0.0,4.0,1.0841121495327102,1.158878504672897
2014-11-02,Bahia,Palmeiras,0.0,1.0,A,2.0,1.0,0.9252336448598131,1.0144927536231885
2014-11-02,Athletico-PR,Atletico-MG,1.0,0.0,H,1.0,1.0,1.4492753623188406,1.4485981308411215
2014-11-02,Sport Recife,Figueirense,1.0,0.0,H,1.0,1.0,0.927536231884058,1.0
2014-11-02,Flamengo RJ,Chapecoense-SC,3.0,0.0,H,1.0,3.0,1.0654205607476634,0.967741935483871
2014-11-02,Cruzeiro,Botafogo RJ,2.0,1.0,H,1.0,3.0,1.6635514018691588,1.355140186915888
2014-11-02,Santos,Internacional,1.0,2.0,A,2.0,3.0,1.2897196261682242,1.2710280373831775
2014-11-02,Criciuma,Sao Paulo,1.0,2.0,A,2.0,3.0,1.0289855072463767,1.3831775700934579
2014-11-08,Coritiba,Fluminense,1.0,0.0,H,1.0,1.0,1.1666666666666667,1.4351851851851851
2014-11-08,Palmeiras,Atletico-MG,0.0,2.0,A,2.0,2.0,1.0142857142857142,1.4351851851851851
2014-11-08,Botafogo RJ,Athletico-PR,0.0,2.0,A,2.0,2.0,1.3518518518518519,1.4428571428571428
2014-11-09,Goias,Bahia,3.0,0.0,H,1.0,3.0,1.1142857142857143,0.9166666666666666
2014-11-09,Cruzeiro,Criciuma,3.0,1.0,H,1.0,4.0,1.6666666666666667,1.0285714285714285
2014-11-09,Corinthians,Santos,1.0,0.0,H,1.0,1.0,1.0925925925925926,1.287037037037037
2014-11-09,Vitoria,Sao Paulo,1.0,2.0,A,2.0,3.0,1.3285714285714285,1.3888888888888888
2014-11-09,Sport Recife,Flamengo RJ,2.0,2.0,D,0.0,4.0,0.9285714285714286,1.0833333333333333
2014-11-09,Gremio,Internacional,4.0,1.0,H,1.0,5.0,1.1574074074074074,1.2777777777777777
2014-11-09,Figueirense,Chapecoense-SC,1.0,0.0,H,1.0,1.0,0.9857142857142858,0.9375
2014-11-13,Sao Paulo,Internacional,1.0,1.0,D,0.0,2.0,1.3944954128440368,1.275229357798165
2014-11-15,Criciuma,Gremio,0.0,3.0,A,2.0,3.0,1.028169014084507,1.18348623853211
2014-11-15,Fluminense,Botafogo RJ,1.0,0.0,H,1.0,1.0,1.4220183486238531,1.3394495412844036
2014-11-16,Sao Paulo,Palmeiras,2.0,0.0,H,1.0,2.0,1.3909090909090909,1.0
2014-11-16,Chapecoense-SC,Vitoria,0.0,1.0,A,2.0,1.0,0.9090909090909091,1.323943661971831
2014-11-16,Atletico-MG,Figueirense,1.0,1.0,D,0.0,2.0,1.4403669724770642,0.9859154929577465
2014-11-16,Santos,Cruzeiro,0.0,1.0,A,2.0,1.0,1.275229357798165,1.6788990825688073
2014-11-16,Flamengo RJ,Coritiba,3.0,2.0,H,1.0,5.0,1.091743119266055,1.165137614678899
2014-11-16,Bahia,Corinthians,1.0,2.0,A,2.0,3.0,0.908256880733945,1.091743119266055
2014-11-16,Athletico-PR,Sport Recife,0.0,1.0,A,2.0,1.0,1.4507042253521127,0.9436619718309859
2014-11-16,Internacional,Goias,1.0,0.0,H,1.0,1.0,1.2727272727272727,1.1408450704225352
2014-11-19,Athletico-PR,Santos,1.0,1.0,D,0.0,2.0,1.4305555555555556,1.2636363636363637
2014-11-19,Botafogo RJ,Figueirense,0.0,1.0,A,2.0,1.0,1.3272727272727274,0.9861111111111112
2014-11-19,Criciuma,Bahia,0.0,1.0,A,2.0,1.0,1.0138888888888888,0.9090909090909091
2014-11-19,Goias,Corinthians,0.0,1.0,A,2.0,1.0,1.125,1.1
2014-11-19,Vitoria,Coritiba,1.0,1.0,D,0.0,2.0,1.3194444444444444,1.1727272727272726
2014-11-20,Atletico-MG,Flamengo RJ,4.0,0.0,H,1.0,4.0,1.4363636363636363,1.1090909090909091
2014-11-20,Palmeiras,Sport Recife,0.0,2.0,A,2.0,2.0,0.9861111111111112,0.9444444444444444
2014-11-20,Fluminense,Chapecoense-SC,1.0,4.0,A,2.0,5.0,1.4181818181818182,0.8823529411764706
2014-11-20,Gremio,Cruzeiro,1.0,2.0,A,2.0,3.0,1.2,1.6727272727272726
2014-11-22,Internacional,Atletico-MG,2.0,1.0,H,1.0,3.0,1.2702702702702702,1.4594594594594594
2014-11-22,Bahia,Athletico-PR,1.0,2.0,A,2.0,3.0,0.9099099099099099,1.4246575342465753
2014-11-23,Chapecoense-SC,Botafogo RJ,2.0,0.0,H,1.0,2.0,0.9714285714285714,1.3153153153153154
2014-11-23,Coritiba,Palmeiras,2.0,0.0,H,1.0,2.0,1.1711711711711712,0.9726027397260274
2014-11-23,Sport Recife,Fluminense,2.0,2.0,D,0.0,4.0,0.958904109589041,1.4144144144144144
2014-11-23,Corinthians,Gremio,1.0,0.0,H,1.0,1.0,1.0990990990990992,1.1981981981981982
2014-11-23,Flamengo RJ,Criciuma,1.0,1.0,D,0.0,2.0,1.0990990990990992,1.0
2014-11-23,Figueirense,Vitoria,2.0,0.0,H,1.0,2.0,0.9863013698630136,1.3150684931506849
2014-11-23,Cruzeiro,Goias,2.0,1.0,H,1.0,3.0,1.6756756756756757,1.1095890410958904
2014-11-23,Santos,Sao Paulo,0.0,1.0,A,2.0,1.0,1.2612612612612613,1.3963963963963963
2014-11-29,Criciuma,Sport Recife,2.0,2.0,D,0.0,4.0,1.0,0.972972972972973
2014-11-29,Internacional,Palmeiras,3.0,1.0,H,1.0,4.0,1.2767857142857142,0.9594594594594594
2014-11-29,Flamengo RJ,Vitoria,4.0,0.0,H,1.0,4.0,1.0982142857142858,1.2972972972972974
2014-11-30,Bahia,Gremio,1.0,0.0,H,1.0,1.0,0.9107142857142857,1.1875
2014-11-30,Athletico-PR,Goias,1.0,0.0,H,1.0,1.0,1.4324324324324325,1.1081081081081081
2014-11-30,Atletico-MG,Coritiba,1.0,2.0,A,2.0,3.0,1.4553571428571428,1.1785714285714286
2014-11-30,Santos,Botafogo RJ,2.0,0.0,H,1.0,2.0,1.25,1.3035714285714286
2014-11-30,Fluminense,Corinthians,5.0,2.0,H,1.0,7.0,1.4196428571428572,1.0982142857142858
2014-11-30,Chapecoense-SC,Cruzeiro,1.0,1.0,D,0.0,2.0,1.0,1.6785714285714286
2014-11-30,Sao Paulo,Figueirense,1.0,1.0,D,0.0,2.0,1.3928571428571428,1.0
2014-12-06,Corinthians,Criciuma,2.0,1.0,H,1.0,3.0,1.1061946902654867,1.0133333333333334
2014-12-06,Figueirense,Internacional,1.0,2.0,A,2.0,3.0,1.0,1.2920353982300885
2014-12-07,Palmeiras,Athletico-PR,1.0,1.0,D,0.0,2.0,0.96,1.4266666666666667
2014-12-07,Vitoria,Santos,0.0,1.0,A,2.0,1.0,1.28,1.2566371681415929
2014-12-07,Gremio,Flamengo RJ,1.0,1.0,D,0.0,2.0,1.176991150442478,1.1238938053097345
2014-12-07,Sport Recife,Sao Paulo,1.0,0.0,H,1.0,1.0,0.9866666666666667,1.3893805309734513
2014-12-07,Cruzeiro,Fluminense,2.0,1.0,H,1.0,3.0,1.6725663716814159,1.4513274336283186
2014-12-07,Coritiba,Bahia,3.0,2.0,H,1.0,5.0,1.1858407079646018,0.911504424778761
2014-12-07,Botafogo RJ,Atletico-MG,0.0,0.0,D,0.0,0.0,1.2920353982300885,1.4513274336283186
2014-12-07,Goias,Chapecoense-SC,4.0,2.0,H,1.0,6.0,1.0933333333333333,1.0
2015-05-09,Chapecoense-SC,Coritiba,2.0,1.0,H,1.0,3.0,1.0263157894736843,1.2017543859649122
2015-05-09,Palmeiras,Atletico-MG,2.0,2.0,D,0.0,4.0,0.9605263157894737,1.4385964912280702
2015-05-10,Vasco,Goias,0.0,0.0,D,0.0,0.0,1.25,1.131578947368421
2015-05-10,Sport Recife,Figueirense,4.0,1.0,H,1.0,5.0,0.9868421052631579,1.0
2015-05-10,Sao Paulo,Flamengo RJ,2.0,1.0,H,1.0,3.0,1.3771929824561404,1.1228070175438596
2015-05-10,Avai,Santos,1.0,1.0,D,0.0,2.0,1.0,1.2543859649122806
2015-05-10,Athletico-PR,Internacional,3.0,0.0,H,1.0,3.0,1.4210526315789473,1.2982456140350878
2015-05-10,Gremio,Ponte Preta,3.0,3.0,D,0.0,6.0,1.1754385964912282,0.9736842105263158
2015-05-10,Fluminense,Joinville,1.0,0.0,H,1.0,1.0,1.4473684210526316,1.0
2015-05-10,Cruzeiro,Corinthians,0.0,1.0,A,2.0,1.0,1.6754385964912282,1.1140350877192982
2015-05-16,Coritiba,Gremio,2.0,0.0,H,1.0,2.0,1.2,1.191304347826087
2015-05-16,Goias,Athletico-PR,2.0,0.0,H,1.0,2.0,1.1168831168831168,1.4415584415584415
2015-05-17,Ponte Preta,Sao Paulo,1.0,0.0,H,1.0,1.0,1.0,1.382608695652174
2015-05-17,Corinthians,Chapecoense-SC,1.0,0.0,H,1.0,1.0,1.1130434782608696,1.0512820512820513
2015-05-17,Figueirense,Vasco,0.0,0.0,D,0.0,0.0,1.0,1.2337662337662338
2015-05-17,Atletico-MG,Fluminense,4.0,1.0,H,1.0,5.0,1.4434782608695653,1.4434782608695653
2015-05-17,Flamengo RJ,Sport Recife,2.0,2.0,D,0.0,4.0,1.1217391304347826,1.025974025974026
2015-05-17,Santos,Cruzeiro,1.0,0.0,H,1.0,1.0,1.2521739130434784,1.6608695652173913
2015-05-17,Internacional,Avai,1.0,0.0,H,1.0,1.0,1.2869565217391303,1.0
2015-05-17,Joinville,Palmeiras,0.0,0.0,D,0.0,0.0,0.0,0.974025974025974
2015-05-23,Vasco,Internacional,1.0,1.0,D,0.0,2.0,1.2179487179487178,1.2844827586206897
2015-05-23,Sao Paulo,Joinville,3.0,0.0,H,1.0,3.0,1.3706896551724137,0.0
2015-05-24,Gremio,Figueirense,1.0,0.0,H,1.0,1.0,1.1810344827586208,0.9871794871794872
2015-05-24,Palmeiras,Goias,0.0,1.0,A,2.0,1.0,0.9615384615384616,1.1282051282051282
2015-05-24,Athletico-PR,Atletico-MG,1.0,0.0,H,1.0,1.0,1.4230769230769231,1.4655172413793103
2015-05-24,Avai,Flamengo RJ,2.0,1.0,H,1.0,3.0,0.5,1.1293103448275863
2015-05-24,Chapecoense-SC,Santos,1.0,0.0,H,1.0,1.0,1.025,1.25
2015-05-24,Fluminense,Corinthians,0.0,0.0,D,0.0,0.0,1.4396551724137931,1.1120689655172413
2015-05-24,Cruzeiro,Ponte Preta,1.0,1.0,D,0.0,2.0,1.646551724137931,1.0
2015-05-24,Sport Recife,Coritiba,1.0,0.0,H,1.0,1.0,1.0384615384615385,1.206896551724138
2015-05-30,Ponte Preta,Chapecoense-SC,3.0,1.0,H,1.0,4.0,1.0,1.024390243902439
2015-05-30,Coritiba,Avai,1.0,2.0,A,2.0,3.0,1.1965811965811965,1.0
2015-05-31,Flamengo RJ,Fluminense,2.0,3.0,A,2.0,5.0,1.1282051282051282,1.4273504273504274
2015-05-31,Joinville,Athletico-PR,1.0,2.0,A,2.0,3.0,0.0,1.4177215189873418
2015-05-31,Santos,Sport Recife,2.0,2.0,D,0.0,4.0,1.2393162393162394,1.0379746835443038
2015-05-31,Atletico-MG,Vasco,3.0,0.0,H,1.0,3.0,1.452991452991453,1.2151898734177216
2015-05-31,Corinthians,Palmeiras,0.0,2.0,A,2.0,2.0,1.1025641025641026,0.9493670886075949
2015-05-31,Goias,Gremio,1.0,1.0,D,0.0,2.0,1.1265822784810127,1.1794871794871795
2015-05-31,Internacional,Sao Paulo,0.0,0.0,D,0.0,0.0,1.2820512820512822,1.3846153846153846
2015-05-31,Figueirense,Cruzeiro,2.0,1.0,H,1.0,3.0,0.9746835443037974,1.641025641025641
2015-06-03,Vasco,Ponte Preta,0.0,3.0,A,2.0,3.0,1.2,1.025
2015-06-03,Chapecoense-SC,Joinville,2.0,0.0,H,1.0,2.0,1.0238095238095237,0.25
2015-06-03,Athletico-PR,Figueirense,1.0,0.0,H,1.0,1.0,1.425,0.9875
2015-06-04,Sao Paulo,Santos,3.0,2.0,H,1.0,5.0,1.3728813559322033,1.2457627118644068
2015-06-04,Avai,Atletico-MG,1.0,4.0,A,2.0,5.0,1.25,1.4661016949152543
2015-06-04,Cruzeiro,Flamengo RJ,1.0,0.0,H,1.0,1.0,1.6355932203389831,1.1355932203389831
2015-06-04,Gremio,Corinthians,3.0,1.0,H,1.0,4.0,1.1779661016949152,1.0932203389830508
2015-06-04,Fluminense,Coritiba,2.0,0.0,H,1.0,2.0,1.4406779661016949,1.194915254237288
2015-06-05,Palmeiras,Internacional,1.0,1.0,D,0.0,2.0,0.9625,1.271186440677966
2015-06-05,Sport Recife,Goias,1.0,0.0,H,1.0,1.0,1.05,1.125
2015-06-06,Santos,Ponte Preta,2.0,2.0,D,0.0,4.0,1.2521008403361344,1.0493827160493827
2015-06-06,Flamengo RJ,Chapecoense-SC,1.0,0.0,H,1.0,1.0,1.1260504201680672,1.0465116279069768
2015-06-06,Atletico-MG,Cruzeiro,1.0,3.0,A,2.0,4.0,1.4873949579831933,1.6302521008403361
2015-06-07,Athletico-PR,Vasco,2.0,0.0,H,1.0,2.0,1.4197530864197532,1.1851851851851851
2015-06-07,Joinville,Corinthians,0.0,1.0,A,2.0,1.0,0.2,1.0924369747899159
2015-06-07,Sao Paulo,Gremio,2.0,0.0,H,1.0,2.0,1.3865546218487395,1.1932773109243697
2015-06-07,Internacional,Coritiba,2.0,0.0,H,1.0,2.0,1.26890756302521,1.184873949579832
2015-06-07,Figueirense,Palmeiras,2.0,1.0,H,1.0,3.0,0.9753086419753086,0.9629629629629629
2015-06-07,Fluminense,Sport Recife,0.0,0.0,D,0.0,0.0,1.4453781512605042,1.0493827160493827
2015-06-07,Goias,Avai,0.0,1.0,A,2.0,1.0,1.1111111111111112,1.2
2015-06-10,Atletico-MG,Santos,2.0,2.0,D,0.0,4.0,1.4833333333333334,1.2583333333333333
2015-06-13,Corinthians,Internacional,2.0,1.0,H,1.0,3.0,1.0916666666666666,1.275
2015-06-13,Coritiba,Flamengo RJ,0.0,1.0,A,2.0,1.0,1.175,1.125
2015-06-13,Chapecoense-SC,Sao Paulo,0.0,1.0,A,2.0,1.0,1.0227272727272727,1.3916666666666666
2015-06-14,Sport Recife,Joinville,2.0,1.0,H,1.0,3.0,1.0365853658536586,0.16666666666666666
2015-06-14,Vasco,Cruzeiro,1.0,3.0,A,2.0,4.0,1.170731707317073,1.6416666666666666
2015-06-14,Ponte Preta,Goias,0.0,0.0,D,0.0,0.0,1.0609756097560976,1.0975609756097562
2015-06-14,Avai,Figueirense,1.0,1.0,D,0.0,2.0,1.1666666666666667,0.9878048780487805
2015-06-14,Gremio,Athletico-PR,2.0,1.0,H,1.0,3.0,1.1833333333333333,1.4268292682926829
2015-06-14,Palmeiras,Fluminense,2.0,1.0,H,1.0,3.0,0.9634146341463414,1.4333333333333333
2015-06-19,Figueirense,Internacional,0.0,0.0,D,0.0,0.0,0.9879518072289156,1.2727272727272727
2015-06-20,Santos,Corinthians,1.0,0.0,H,1.0,1.0,1.2644628099173554,1.0991735537190082
2015-06-20,Flamengo RJ,Atletico-MG,0.0,2.0,A,2.0,2.0,1.1239669421487604,1.487603305785124
2015-06-20,Sport Recife,Vasco,2.0,1.0,H,1.0,3.0,1.0481927710843373,1.1686746987951808
2015-06-21,Sao Paulo,Avai,1.0,1.0,D,0.0,2.0,1.3884297520661157,1.1428571428571428
2015-06-21,Joinville,Goias,2.0,1.0,H,1.0,3.0,0.2857142857142857,1.0843373493975903
2015-06-21,Gremio,Palmeiras,1.0,0.0,H,1.0,1.0,1.1900826446280992,0.9759036144578314
2015-06-21,Cruzeiro,Chapecoense-SC,0.0,1.0,A,2.0,1.0,1.6528925619834711,1.0
2015-06-21,Athletico-PR,Coritiba,2.0,2.0,D,0.0,4.0,1.4216867469879517,1.165289256198347
2015-06-24,Fluminense,Ponte Preta,2.0,0.0,H,1.0,2.0,1.4297520661157024,1.0481927710843373
2015-06-27,Avai,Gremio,1.0,2.0,A,2.0,3.0,1.125,1.1885245901639345
2015-06-27,Chapecoense-SC,Sport Recife,1.0,1.0,D,0.0,2.0,1.0,1.0595238095238095
2015-06-28,Atletico-MG,Joinville,1.0,0.0,H,1.0,1.0,1.4918032786885247,0.5
2015-06-28,Internacional,Santos,1.0,0.0,H,1.0,1.0,1.2622950819672132,1.2622950819672132
2015-06-28,Vasco,Flamengo RJ,1.0,0.0,H,1.0,1.0,1.1666666666666667,1.1147540983606556
2015-06-28,Ponte Preta,Athletico-PR,2.0,1.0,H,1.0,3.0,1.0357142857142858,1.4285714285714286
2015-06-28,Corinthians,Figueirense,2.0,1.0,H,1.0,3.0,1.0901639344262295,0.9761904761904762
2015-06-28,Goias,Fluminense,1.0,2.0,A,2.0,3.0,1.0833333333333333,1.4344262295081966
2015-06-28,Coritiba,Cruzeiro,1.0,0.0,H,1.0,1.0,1.1721311475409837,1.639344262295082
2015-06-28,Palmeiras,Sao Paulo,4.0,0.0,H,1.0,4.0,0.9642857142857143,1.3852459016393444
2015-07-01,Sport Recife,Internacional,3.0,0.0,H,1.0,3.0,1.0588235294117647,1.2601626016260163
2015-07-01,Vasco,Avai,1.0,0.0,H,1.0,1.0,1.1647058823529413,1.1111111111111112
2015-07-02,Atletico-MG,Coritiba,2.0,0.0,H,1.0,2.0,1.4878048780487805,1.170731707317073
2015-07-02,Palmeiras,Chapecoense-SC,2.0,0.0,H,1.0,2.0,1.0,1.0
2015-07-02,Athletico-PR,Sao Paulo,2.0,1.0,H,1.0,3.0,1.423529411764706,1.3739837398373984
2015-07-02,Gremio,Cruzeiro,1.0,0.0,H,1.0,1.0,1.1951219512195121,1.6260162601626016
2015-07-02,Joinville,Flamengo RJ,0.0,1.0,A,2.0,1.0,0.4444444444444444,1.1056910569105691
2015-07-02,Corinthians,Ponte Preta,2.0,0.0,H,1.0,2.0,1.0975609756097562,1.0470588235294118
2015-07-02,Figueirense,Goias,3.0,1.0,H,1.0,4.0,0.9764705882352941,1.0823529411764705
2015-07-03,Fluminense,Santos,2.0,1.0,H,1.0,3.0,1.4390243902439024,1.2520325203252032
2015-07-04,Coritiba,Joinville,0.0,0.0,D,0.0,0.0,1.1612903225806452,0.4
2015-07-05,Internacional,Atletico-MG,1.0,3.0,A,2.0,4.0,1.25,1.4919354838709677
2015-07-05,Flamengo RJ,Figueirense,1.0,2.0,A,2.0,3.0,1.1048387096774193,1.0
2015-07-05,Ponte Preta,Palmeiras,0.0,2.0,A,2.0,2.0,1.0348837209302326,1.0116279069767442
2015-07-05,Sao Paulo,Fluminense,0.0,0.0,D,0.0,0.0,1.3709677419354838,1.4435483870967742
2015-07-05,Avai,Sport Recife,2.0,2.0,D,0.0,4.0,1.0,1.0813953488372092
2015-07-05,Goias,Corinthians,0.0,0.0,D,0.0,0.0,1.0813953488372092,1.1048387096774193
2015-07-05,Chapecoense-SC,Vasco,1.0,0.0,H,1.0,1.0,0.9791666666666666,1.1627906976744187
2015-07-05,Santos,Gremio,1.0,3.0,A,2.0,4.0,1.25,1.1935483870967742
2015-07-05,Cruzeiro,Athletico-PR,2.0,0.0,H,1.0,2.0,1.6129032258064515,1.430232558139535
2015-07-08,Chapecoense-SC,Gremio,1.0,0.0,H,1.0,1.0,0.9795918367346939,1.208
2015-07-08,Coritiba,Ponte Preta,0.0,0.0,D,0.0,0.0,1.152,1.0229885057471264
2015-07-08,Goias,Santos,4.0,1.0,H,1.0,5.0,1.0689655172413792,1.248
2015-07-09,Vasco,Sao Paulo,0.0,4.0,A,2.0,4.0,1.1494252873563218,1.36
2015-07-09,Figueirense,Joinville,0.0,2.0,A,2.0,2.0,1.0114942528735633,0.36363636363636365
2015-07-09,Palmeiras,Avai,3.0,0.0,H,1.0,3.0,1.0229885057471264,1.0909090909090908
2015-07-09,Atletico-MG,Sport Recife,2.0,1.0,H,1.0,3.0,1.504,1.0919540229885059
2015-07-09,Internacional,Flamengo RJ,1.0,2.0,A,2.0,3.0,1.248,1.104
2015-07-09,Corinthians,Athletico-PR,2.0,0.0,H,1.0,2.0,1.096,1.4137931034482758
2015-07-10,Fluminense,Cruzeiro,1.0,0.0,H,1.0,1.0,1.432,1.616
2015-07-11,Gremio,Vasco,2.0,0.0,H,1.0,2.0,1.1984126984126984,1.1363636363636365
2015-07-11,Santos,Figueirense,3.0,0.0,H,1.0,3.0,1.246031746031746,1.0
2015-07-12,Avai,Chapecoense-SC,2.0,1.0,H,1.0,3.0,1.0,0.98
2015-07-12,Joinville,Internacional,0.0,2.0,A,2.0,2.0,0.5,1.246031746031746
2015-07-12,Sport Recife,Palmeiras,2.0,2.0,D,0.0,4.0,1.0909090909090908,1.0454545454545454
2015-07-12,Flamengo RJ,Corinthians,0.0,3.0,A,2.0,3.0,1.1111111111111112,1.1031746031746033
2015-07-12,Cruzeiro,Goias,1.0,0.0,H,1.0,1.0,1.6031746031746033,1.1022727272727273
2015-07-12,Athletico-PR,Fluminense,1.0,2.0,A,2.0,3.0,1.3977272727272727,1.4285714285714286
2015-07-12,Sao Paulo,Coritiba,3.0,1.0,H,1.0,4.0,1.380952380952381,1.1428571428571428
2015-07-12,Ponte Preta,Atletico-MG,0.0,2.0,A,2.0,2.0,1.0113636363636365,1.507936507936508
2015-07-18,Flamengo RJ,Gremio,1.0,0.0,H,1.0,1.0,1.1023622047244095,1.204724409448819
2015-07-18,Internacional,Goias,2.0,1.0,H,1.0,3.0,1.2519685039370079,1.0898876404494382
2015-07-19,Joinville,Ponte Preta,1.0,1.0,D,0.0,2.0,0.46153846153846156,1.0
2015-07-19,Cruzeiro,Avai,1.0,1.0,D,0.0,2.0,1.5984251968503937,1.0769230769230769
2015-07-19,Sport Recife,Sao Paulo,2.0,0.0,H,1.0,2.0,1.101123595505618,1.3937007874015748
2015-07-19,Palmeiras,Santos,1.0,0.0,H,1.0,1.0,1.0561797752808988,1.2598425196850394
2015-07-19,Figueirense,Coritiba,0.0,0.0,D,0.0,0.0,0.9887640449438202,1.141732283464567
2015-07-19,Athletico-PR,Chapecoense-SC,1.0,0.0,H,1.0,1.0,1.3932584269662922,0.9803921568627451
2015-07-19,Corinthians,Atletico-MG,1.0,0.0,H,1.0,1.0,1.1181102362204725,1.5118110236220472
2015-07-19,Fluminense,Vasco,1.0,2.0,A,2.0,3.0,1.4330708661417322,1.1235955056179776
2015-07-25,Avai,Athletico-PR,1.0,2.0,A,2.0,3.0,1.0714285714285714,1.3888888888888888
2015-07-25,Gremio,Sport Recife,1.0,1.0,D,0.0,2.0,1.1953125,1.1111111111111112
2015-07-26,Goias,Flamengo RJ,0.0,1.0,A,2.0,1.0,1.0888888888888888,1.1015625
2015-07-26,Sao Paulo,Cruzeiro,1.0,0.0,H,1.0,1.0,1.3828125,1.59375
2015-07-26,Ponte Preta,Internacional,0.0,0.0,D,0.0,0.0,1.0,1.2578125
2015-07-26,Vasco,Palmeiras,1.0,4.0,A,2.0,5.0,1.1333333333333333,1.0555555555555556
2015-07-26,Coritiba,Corinthians,1.0,1.0,D,0.0,2.0,1.1328125,1.1171875
2015-07-26,Chapecoense-SC,Fluminense,2.0,1.0,H,1.0,3.0,0.9615384615384616,1.4296875
2015-07-26,Santos,Joinville,2.0,0.0,H,1.0,2.0,1.25,0.5
2015-07-26,Atletico-MG,Figueirense,1.0,0.0,H,1.0,1.0,1.5,0.9777777777777777
2015-07-30,Atletico-MG,Sao Paulo,3.0,1.0,H,1.0,4.0,1.496124031007752,1.37984496124031
2015-07-30,Corinthians,Vasco,3.0,0.0,H,1.0,3.0,1.1162790697674418,1.1318681318681318
2015-08-01,Fluminense,Gremio,1.0,0.0,H,1.0,1.0,1.426356589147287,1.193798449612403
2015-08-02,Coritiba,Goias,1.0,1.0,D,0.0,2.0,1.1317829457364341,1.0769230769230769
2015-08-02,Palmeiras,Athletico-PR,0.0,1.0,A,2.0,1.0,1.0879120879120878,1.3956043956043955
2015-08-02,Flamengo RJ,Santos,2.0,2.0,D,0.0,4.0,1.1007751937984496,1.255813953488372
2015-08-02,Internacional,Chapecoense-SC,0.0,0.0,D,0.0,0.0,1.248062015503876,0.9811320754716981
2015-08-02,Joinville,Avai,2.0,0.0,H,1.0,2.0,0.4666666666666667,1.0666666666666667
2015-08-02,Sport Recife,Cruzeiro,0.0,0.0,D,0.0,0.0,1.10989010989011,1.5813953488372092
2015-08-02,Figueirense,Ponte Preta,3.0,1.0,H,1.0,4.0,0.967032967032967,0.989010989010989
2015-08-08,Avai,Fluminense,1.0,0.0,H,1.0,1.0,1.0,1.4230769230769231
2015-08-09,Gremio,Internacional,5.0,0.0,H,1.0,5.0,1.1846153846153846,1.2384615384615385
2015-08-09,Ponte Preta,Flamengo RJ,1.0,0.0,H,1.0,1.0,0.9891304347826086,1.1076923076923078
2015-08-09,Chapecoense-SC,Figueirense,2.0,2.0,D,0.0,4.0,0.9629629629629629,0.9891304347826086
2015-08-09,Sao Paulo,Corinthians,1.0,1.0,D,0.0,2.0,1.376923076923077,1.1307692307692307
2015-08-09,Goias,Atletico-MG,0.0,0.0,D,0.0,0.0,1.076086956521739,1.5076923076923077
2015-08-09,Vasco,Joinville,0.0,0.0,D,0.0,0.0,1.1195652173913044,0.5625
2015-08-09,Athletico-PR,Sport Recife,1.0,1.0,D,0.0,2.0,1.391304347826087,1.0978260869565217
2015-08-09,Santos,Coritiba,3.0,0.0,H,1.0,3.0,1.2615384615384615,1.1307692307692307
2015-08-09,Cruzeiro,Palmeiras,2.0,1.0,H,1.0,3.0,1.5692307692307692,1.076086956521739
2015-08-12,Coritiba,Palmeiras,2.0,1.0,H,1.0,3.0,1.1221374045801527,1.075268817204301
2015-08-12,Flamengo RJ,Athletico-PR,3.0,2.0,H,1.0,5.0,1.099236641221374,1.3870967741935485
2015-08-13,Ponte Preta,Avai,2.0,0.0,H,1.0,2.0,0.989247311827957,1.0
2015-08-13,Internacional,Fluminense,1.0,0.0,H,1.0,1.0,1.2290076335877862,1.4122137404580153
2015-08-13,Figueirense,Sao Paulo,0.0,2.0,A,2.0,2.0,1.0,1.3740458015267176
2015-08-13,Santos,Vasco,1.0,0.0,H,1.0,1.0,1.2748091603053435,1.10752688172043
2015-08-13,Goias,Chapecoense-SC,0.0,0.0,D,0.0,0.0,1.064516129032258,0.9818181818181818
2015-08-13,Corinthians,Sport Recife,4.0,3.0,H,1.0,7.0,1.1297709923664123,1.096774193548387
2015-08-14,Atletico-MG,Gremio,0.0,2.0,A,2.0,2.0,1.4961832061068703,1.213740458015267
2015-08-14,Joinville,Cruzeiro,3.0,0.0,H,1.0,3.0,0.5294117647058824,1.5725190839694656
2015-08-15,Athletico-PR,Santos,0.0,0.0,D,0.0,0.0,1.3936170212765957,1.2727272727272727
2015-08-15,Vasco,Coritiba,0.0,1.0,A,2.0,1.0,1.0957446808510638,1.128787878787879
2015-08-16,Chapecoense-SC,Atletico-MG,2.0,1.0,H,1.0,3.0,0.9642857142857143,1.4848484848484849
2015-08-16,Gremio,Joinville,2.0,1.0,H,1.0,3.0,1.2196969696969697,0.6666666666666666
2015-08-16,Fluminense,Figueirense,2.0,1.0,H,1.0,3.0,1.4015151515151516,0.9893617021276596
2015-08-16,Sport Recife,Ponte Preta,1.0,1.0,D,0.0,2.0,1.1170212765957446,1.0
2015-08-16,Avai,Corinthians,1.0,2.0,A,2.0,3.0,0.9444444444444444,1.1515151515151516
2015-08-16,Cruzeiro,Internacional,0.0,0.0,D,0.0,0.0,1.5606060606060606,1.2272727272727273
2015-08-16,Palmeiras,Flamengo RJ,4.0,2.0,H,1.0,6.0,1.074468085106383,1.1136363636363635
2015-08-16,Sao Paulo,Goias,0.0,3.0,A,2.0,3.0,1.378787878787879,1.053191489361702
2015-08-22,Goias,Vasco,3.0,0.0,H,1.0,3.0,1.0736842105263158,1.0842105263157895
2015-08-22,Santos,Avai,5.0,2.0,H,1.0,7.0,1.263157894736842,0.9473684210526315
2015-08-23,Atletico-MG,Palmeiras,2.0,1.0,H,1.0,3.0,1.481203007518797,1.105263157894737
2015-08-23,Joinville,Fluminense,2.0,1.0,H,1.0,3.0,0.6842105263157895,1.406015037593985
2015-08-23,Internacional,Athletico-PR,2.0,0.0,H,1.0,2.0,1.218045112781955,1.3789473684210527
2015-08-23,Flamengo RJ,Sao Paulo,2.0,1.0,H,1.0,3.0,1.1203007518796992,1.368421052631579
2015-08-23,Corinthians,Cruzeiro,3.0,0.0,H,1.0,3.0,1.1578947368421053,1.5488721804511278
2015-08-23,Ponte Preta,Gremio,0.0,0.0,D,0.0,0.0,1.0,1.2255639097744362
2015-08-23,Coritiba,Chapecoense-SC,1.0,0.0,H,1.0,1.0,1.1278195488721805,0.9824561403508771
2015-08-23,Figueirense,Sport Recife,2.0,1.0,H,1.0,3.0,0.9894736842105263,1.1157894736842104
2015-08-29,Vasco,Figueirense,0.0,1.0,A,2.0,1.0,1.0729166666666667,1.0
2015-08-30,Cruzeiro,Santos,0.0,1.0,A,2.0,1.0,1.537313432835821,1.291044776119403
2015-08-30,Athletico-PR,Goias,3.0,0.0,H,1.0,3.0,1.3645833333333333,1.09375
2015-08-30,Sport Recife,Flamengo RJ,0.0,1.0,A,2.0,1.0,1.1145833333333333,1.126865671641791
2015-08-30,Palmeiras,Joinville,3.0,2.0,H,1.0,5.0,1.1041666666666667,0.75
2015-08-30,Fluminense,Atletico-MG,1.0,2.0,A,2.0,3.0,1.4029850746268657,1.4850746268656716
2015-08-30,Chapecoense-SC,Corinthians,1.0,3.0,A,2.0,4.0,0.9655172413793104,1.171641791044776
2015-08-30,Gremio,Coritiba,0.0,0.0,D,0.0,0.0,1.2164179104477613,1.126865671641791
2015-08-30,Avai,Internacional,3.0,0.0,H,1.0,3.0,1.0,1.2238805970149254
2015-08-30,Sao Paulo,Ponte Preta,3.0,0.0,H,1.0,3.0,1.3656716417910448,0.9895833333333334
2015-09-02,Internacional,Vasco,6.0,0.0,H,1.0,6.0,1.2148148148148148,1.0618556701030928
2015-09-02,Joinville,Sao Paulo,0.0,0.0,D,0.0,0.0,0.8095238095238095,1.3777777777777778
2015-09-02,Ponte Preta,Cruzeiro,1.0,2.0,A,2.0,3.0,0.979381443298969,1.525925925925926
2015-09-03,Santos,Chapecoense-SC,3.0,1.0,H,1.0,4.0,1.288888888888889,0.9661016949152542
2015-09-03,Goias,Palmeiras,1.0,0.0,H,1.0,1.0,1.0824742268041236,1.1237113402061856
2015-09-03,Coritiba,Sport Recife,0.0,0.0,D,0.0,0.0,1.1185185185185185,1.1030927835051547
2015-09-03,Corinthians,Fluminense,2.0,0.0,H,1.0,2.0,1.1851851851851851,1.4
2015-09-03,Flamengo RJ,Avai,3.0,0.0,H,1.0,3.0,1.125925925925926,1.0952380952380953
2015-09-03,Atletico-MG,Athletico-PR,0.0,1.0,A,2.0,1.0,1.488888888888889,1.3814432989690721
2015-09-04,Figueirense,Gremio,0.0,2.0,A,2.0,2.0,1.0,1.2074074074074075
2015-09-05,Sao Paulo,Internacional,2.0,0.0,H,1.0,2.0,1.3676470588235294,1.25
2015-09-05,Vasco,Atletico-MG,1.0,2.0,A,2.0,3.0,1.0510204081632653,1.4779411764705883
2015-09-06,Sport Recife,Santos,1.0,1.0,D,0.0,2.0,1.0918367346938775,1.3014705882352942
2015-09-06,Palmeiras,Corinthians,3.0,3.0,D,0.0,6.0,1.1122448979591837,1.1911764705882353
2015-09-06,Gremio,Goias,2.0,1.0,H,1.0,3.0,1.213235294117647,1.0816326530612246
2015-09-06,Fluminense,Flamengo RJ,1.0,3.0,A,2.0,4.0,1.3897058823529411,1.1397058823529411
2015-09-06,Avai,Coritiba,0.0,2.0,A,2.0,2.0,1.0454545454545454,1.1102941176470589
2015-09-06,Cruzeiro,Figueirense,5.0,1.0,H,1.0,6.0,1.5294117647058822,0.9897959183673469
2015-09-06,Chapecoense-SC,Ponte Preta,0.0,0.0,D,0.0,0.0,0.9666666666666667,0.9795918367346939
2015-09-06,Athletico-PR,Joinville,0.0,0.0,D,0.0,0.0,1.3775510204081634,0.7727272727272727
2015-09-09,Atletico-MG,Avai,2.0,0.0,H,1.0,2.0,1.4817518248175183,1.0
2015-09-09,Internacional,Palmeiras,1.0,0.0,H,1.0,1.0,1.2408759124087592,1.1313131313131313
2015-09-09,Ponte Preta,Vasco,0.0,1.0,A,2.0,1.0,0.9696969696969697,1.0505050505050506
2015-09-10,Goias,Sport Recife,1.0,0.0,H,1.0,1.0,1.0808080808080809,1.0909090909090908
2015-09-10,Santos,Sao Paulo,3.0,0.0,H,1.0,3.0,1.2992700729927007,1.3722627737226278
2015-09-10,Coritiba,Fluminense,1.0,1.0,D,0.0,2.0,1.1167883211678833,1.3868613138686132
2015-09-10,Corinthians,Gremio,1.0,1.0,D,0.0,2.0,1.2043795620437956,1.218978102189781
2015-09-10,Figueirense,Athletico-PR,1.0,1.0,D,0.0,2.0,0.98989898989899,1.3636363636363635
2015-09-11,Flamengo RJ,Cruzeiro,2.0,0.0,H,1.0,2.0,1.1532846715328466,1.5547445255474452
2015-09-11,Joinville,Chapecoense-SC,0.0,0.0,D,0.0,0.0,0.7391304347826086,0.9508196721311475
2015-09-12,Coritiba,Internacional,0.0,1.0,A,2.0,1.0,1.1159420289855073,1.2391304347826086
2015-09-13,Sport Recife,Fluminense,1.0,0.0,H,1.0,1.0,1.08,1.3840579710144927
2015-09-13,Avai,Goias,2.0,1.0,H,1.0,3.0,0.9583333333333334,1.08
2015-09-13,Vasco,Athletico-PR,2.0,0.0,H,1.0,2.0,1.05,1.36
2015-09-13,Gremio,Sao Paulo,1.0,2.0,A,2.0,3.0,1.2173913043478262,1.3623188405797102
2015-09-13,Cruzeiro,Atletico-MG,1.0,1.0,D,0.0,2.0,1.5434782608695652,1.4855072463768115
2015-09-13,Chapecoense-SC,Flamengo RJ,1.0,3.0,A,2.0,4.0,0.9354838709677419,1.1594202898550725
2015-09-13,Ponte Preta,Santos,3.0,1.0,H,1.0,4.0,0.96,1.3115942028985508
2015-09-13,Corinthians,Joinville,3.0,0.0,H,1.0,3.0,1.2028985507246377,0.7083333333333334
2015-09-13,Palmeiras,Figueirense,2.0,0.0,H,1.0,2.0,1.12,0.99
2015-09-16,Fluminense,Palmeiras,1.0,4.0,A,2.0,5.0,1.3741007194244603,1.1287128712871286
2015-09-16,Goias,Ponte Preta,1.0,2.0,A,2.0,3.0,1.0792079207920793,0.9801980198019802
2015-09-16,Joinville,Sport Recife,1.0,1.0,D,0.0,2.0,0.68,1.0792079207920793
2015-09-17,Sao Paulo,Chapecoense-SC,0.0,0.0,D,0.0,0.0,1.3669064748201438,0.9365079365079365
2015-09-17,Santos,Atletico-MG,4.0,0.0,H,1.0,4.0,1.3093525179856116,1.4820143884892085
2015-09-17,Internacional,Corinthians,2.0,1.0,H,1.0,3.0,1.2374100719424461,1.2158273381294964
2015-09-17,Cruzeiro,Vasco,2.0,2.0,D,0.0,4.0,1.539568345323741,1.0594059405940595
2015-09-17,Figueirense,Avai,0.0,1.0,A,2.0,1.0,0.9801980198019802,1.0
2015-09-17,Athletico-PR,Gremio,1.0,2.0,A,2.0,3.0,1.3465346534653466,1.2158273381294964
2015-09-18,Flamengo RJ,Coritiba,0.0,2.0,A,2.0,2.0,1.1726618705035972,1.1079136690647482
2015-09-19,Internacional,Figueirense,1.0,1.0,D,0.0,2.0,1.2428571428571429,0.9705882352941176
2015-09-19,Palmeiras,Gremio,3.0,2.0,H,1.0,5.0,1.1568627450980393,1.2214285714285715
2015-09-20,Coritiba,Athletico-PR,2.0,0.0,H,1.0,2.0,1.1142857142857143,1.3431372549019607
2015-09-20,Chapecoense-SC,Cruzeiro,0.0,2.0,A,2.0,2.0,0.921875,1.542857142857143
2015-09-20,Vasco,Sport Recife,2.0,1.0,H,1.0,3.0,1.0686274509803921,1.0784313725490196
2015-09-20,Avai,Sao Paulo,2.0,1.0,H,1.0,3.0,1.0,1.3571428571428572
2015-09-20,Atletico-MG,Flamengo RJ,4.0,1.0,H,1.0,5.0,1.4714285714285715,1.1642857142857144
2015-09-20,Goias,Joinville,3.0,0.0,H,1.0,3.0,1.0784313725490196,0.6923076923076923
2015-09-20,Corinthians,Santos,2.0,0.0,H,1.0,2.0,1.2142857142857142,1.3285714285714285
2015-09-20,Ponte Preta,Fluminense,3.0,1.0,H,1.0,4.0,0.9901960784313726,1.3714285714285714
2015-09-26,Fluminense,Goias,2.0,0.0,H,1.0,2.0,1.3687943262411348,1.0970873786407767
2015-09-27,Sport Recife,Chapecoense-SC,3.0,0.0,H,1.0,3.0,1.0776699029126213,0.9076923076923077
2015-09-27,Cruzeiro,Coritiba,2.0,0.0,H,1.0,2.0,1.5460992907801419,1.1205673758865249
2015-09-27,Sao Paulo,Palmeiras,1.0,1.0,D,0.0,2.0,1.3546099290780143,1.174757281553398
2015-09-27,Joinville,Atletico-MG,2.0,2.0,D,0.0,4.0,0.6666666666666666,1.4893617021276595
2015-09-27,Flamengo RJ,Vasco,1.0,2.0,A,2.0,3.0,1.1631205673758864,1.0776699029126213
2015-09-27,Figueirense,Corinthians,1.0,3.0,A,2.0,4.0,0.970873786407767,1.2198581560283688
2015-09-27,Santos,Internacional,3.0,1.0,H,1.0,4.0,1.3191489361702127,1.2411347517730495
2015-09-27,Athletico-PR,Ponte Preta,1.0,2.0,A,2.0,3.0,1.3300970873786409,1.0097087378640777
2015-09-27,Gremio,Avai,3.0,1.0,H,1.0,4.0,1.2269503546099292,1.037037037037037
2015-10-03,Coritiba,Atletico-MG,0.0,3.0,A,2.0,3.0,1.1126760563380282,1.4929577464788732
2015-10-03,Internacional,Sport Recife,2.0,1.0,H,1.0,3.0,1.2394366197183098,1.0961538461538463
2015-10-04,Chapecoense-SC,Palmeiras,5.0,1.0,H,1.0,6.0,0.8939393939393939,1.1730769230769231
2015-10-04,Santos,Fluminense,3.0,1.0,H,1.0,4.0,1.3309859154929577,1.3732394366197183
2015-10-04,Ponte Preta,Corinthians,2.0,2.0,D,0.0,4.0,1.0192307692307692,1.232394366197183
2015-10-04,Goias,Figueirense,2.0,3.0,A,2.0,5.0,1.0865384615384615,0.9711538461538461
2015-10-04,Cruzeiro,Gremio,0.0,0.0,D,0.0,0.0,1.5492957746478873,1.2394366197183098
2015-10-04,Flamengo RJ,Joinville,2.0,0.0,H,1.0,2.0,1.1619718309859155,0.7142857142857143
2015-10-04,Avai,Vasco,1.0,1.0,D,0.0,2.0,1.0357142857142858,1.0865384615384615
2015-10-04,Sao Paulo,Athletico-PR,1.0,0.0,H,1.0,1.0,1.352112676056338,1.3269230769230769
2015-10-14,Atletico-MG,Internacional,2.0,1.0,H,1.0,3.0,1.5034965034965035,1.2447552447552448
2015-10-14,Sport Recife,Avai,3.0,0.0,H,1.0,3.0,1.0952380952380953,1.0344827586206897
2015-10-15,Vasco,Chapecoense-SC,1.0,1.0,D,0.0,2.0,1.0857142857142856,0.9552238805970149
2015-10-15,Corinthians,Goias,3.0,0.0,H,1.0,3.0,1.2377622377622377,1.0952380952380953
2015-10-15,Fluminense,Sao Paulo,2.0,0.0,H,1.0,2.0,1.3706293706293706,1.3496503496503496
2015-10-15,Athletico-PR,Cruzeiro,2.0,2.0,D,0.0,4.0,1.3142857142857143,1.5384615384615385
2015-10-15,Palmeiras,Ponte Preta,0.0,1.0,A,2.0,1.0,1.1714285714285715,1.0285714285714285
2015-10-15,Joinville,Coritiba,3.0,1.0,H,1.0,4.0,0.6896551724137931,1.1048951048951048
2015-10-15,Figueirense,Flamengo RJ,3.0,0.0,H,1.0,3.0,0.9904761904761905,1.167832167832168
2015-10-16,Gremio,Santos,1.0,0.0,H,1.0,1.0,1.2307692307692308,1.3426573426573427
2015-10-17,Avai,Palmeiras,1.0,3.0,A,2.0,4.0,1.0,1.1603773584905661
2015-10-18,Sport Recife,Atletico-MG,4.0,1.0,H,1.0,5.0,1.1132075471698113,1.5069444444444444
2015-10-18,Santos,Goias,3.0,1.0,H,1.0,4.0,1.3333333333333333,1.0849056603773586
2015-10-18,Gremio,Chapecoense-SC,2.0,3.0,A,2.0,5.0,1.2291666666666667,0.9558823529411765
2015-10-18,Sao Paulo,Vasco,2.0,2.0,D,0.0,4.0,1.3402777777777777,1.0849056603773586
2015-10-18,Flamengo RJ,Internacional,0.0,1.0,A,2.0,1.0,1.1597222222222223,1.2430555555555556
2015-10-18,Athletico-PR,Corinthians,1.0,4.0,A,2.0,5.0,1.320754716981132,1.25
2015-10-18,Ponte Preta,Coritiba,3.0,0.0,H,1.0,3.0,1.028301886792453,1.1041666666666667
2015-10-18,Cruzeiro,Fluminense,2.0,0.0,H,1.0,2.0,1.5416666666666667,1.375
2015-10-18,Joinville,Figueirense,1.0,0.0,H,1.0,1.0,0.7666666666666667,1.009433962264151
2015-10-24,Fluminense,Athletico-PR,0.0,1.0,A,2.0,1.0,1.3655172413793104,1.3177570093457944
2015-10-24,Figueirense,Santos,0.0,0.0,D,0.0,0.0,1.0,1.3448275862068966
2015-10-24,Internacional,Joinville,1.0,0.0,H,1.0,1.0,1.2413793103448276,0.7741935483870968
2015-10-25,Atletico-MG,Ponte Preta,2.0,1.0,H,1.0,3.0,1.5034482758620689,1.0467289719626167
2015-10-25,Goias,Cruzeiro,0.0,1.0,A,2.0,1.0,1.0841121495327102,1.5448275862068965
2015-10-25,Vasco,Gremio,0.0,0.0,D,0.0,0.0,1.0934579439252337,1.2344827586206897
2015-10-25,Coritiba,Sao Paulo,1.0,2.0,A,2.0,3.0,1.096551724137931,1.3448275862068966
2015-10-25,Corinthians,Flamengo RJ,1.0,0.0,H,1.0,1.0,1.2689655172413794,1.1517241379310346
2015-10-25,Chapecoense-SC,Avai,0.0,0.0,D,0.0,0.0,0.9855072463768116,1.0
2015-10-25,Palmeiras,Sport Recife,0.0,2.0,A,2.0,2.0,1.1775700934579438,1.1401869158878504
2015-10-31,Sao Paulo,Sport Recife,3.0,0.0,H,1.0,3.0,1.3493150684931507,1.1481481481481481
2015-10-31,Avai,Cruzeiro,1.0,1.0,D,0.0,2.0,0.96875,1.5410958904109588
2015-10-31,Ponte Preta,Joinville,1.0,0.0,H,1.0,1.0,1.0462962962962963,0.75
2015-10-31,Coritiba,Figueirense,1.0,1.0,D,0.0,2.0,1.095890410958904,0.9907407407407407
2015-11-01,Goias,Internacional,2.0,1.0,H,1.0,3.0,1.0740740740740742,1.2397260273972603
2015-11-01,Vasco,Fluminense,0.0,1.0,A,2.0,1.0,1.0833333333333333,1.356164383561644
2015-11-01,Santos,Palmeiras,2.0,1.0,H,1.0,3.0,1.3356164383561644,1.1666666666666667
2015-11-01,Chapecoense-SC,Athletico-PR,0.0,0.0,D,0.0,0.0,0.9714285714285714,1.3148148148148149
2015-11-01,Atletico-MG,Corinthians,0.0,3.0,A,2.0,3.0,1.5068493150684932,1.2671232876712328
2015-11-01,Gremio,Flamengo RJ,2.0,0.0,H,1.0,2.0,1.226027397260274,1.143835616438356
2015-11-07,Internacional,Ponte Preta,1.0,0.0,H,1.0,1.0,1.2380952380952381,1.0458715596330275
2015-11-07,Athletico-PR,Avai,2.0,1.0,H,1.0,3.0,1.3027522935779816,0.9696969696969697
2015-11-07,Corinthians,Coritiba,2.0,1.0,H,1.0,3.0,1.2789115646258504,1.0952380952380953
2015-11-07,Fluminense,Chapecoense-SC,2.0,3.0,A,2.0,5.0,1.3537414965986394,0.9577464788732394
2015-11-08,Flamengo RJ,Goias,4.0,1.0,H,1.0,5.0,1.1360544217687074,1.0825688073394495
2015-11-08,Cruzeiro,Sao Paulo,2.0,1.0,H,1.0,3.0,1.5374149659863945,1.3605442176870748
2015-11-08,Figueirense,Atletico-MG,0.0,1.0,A,2.0,1.0,0.9908256880733946,1.4965986394557824
2015-11-08,Palmeiras,Vasco,0.0,2.0,A,2.0,2.0,1.165137614678899,1.073394495412844
2015-11-08,Joinville,Santos,0.0,0.0,D,0.0,0.0,0.7272727272727273,1.3401360544217686
2015-11-08,Sport Recife,Gremio,1.0,0.0,H,1.0,1.0,1.1376146788990826,1.2312925170068028
2015-11-15,Cruzeiro,Sport Recife,3.0,0.0,H,1.0,3.0,1.5405405405405406,1.1363636363636365
2015-11-18,Athletico-PR,Palmeiras,3.0,3.0,D,0.0,6.0,1.309090909090909,1.1545454545454545
2015-11-18,Avai,Joinville,2.0,1.0,H,1.0,3.0,0.9705882352941176,0.7058823529411765
2015-11-18,Goias,Coritiba,1.0,3.0,A,2.0,4.0,1.0818181818181818,1.0945945945945945
2015-11-18,Ponte Preta,Figueirense,0.0,1.0,A,2.0,1.0,1.0363636363636364,0.9818181818181818
2015-11-19,Gremio,Fluminense,1.0,0.0,H,1.0,1.0,1.222972972972973,1.3581081081081081
2015-11-19,Chapecoense-SC,Internacional,1.0,0.0,H,1.0,1.0,0.9861111111111112,1.2364864864864864
2015-11-20,Sao Paulo,Atletico-MG,4.0,2.0,H,1.0,6.0,1.3581081081081081,1.4932432432432432
2015-11-20,Vasco,Corinthians,1.0,1.0,D,0.0,2.0,1.0818181818181818,1.2837837837837838
2015-11-20,Santos,Flamengo RJ,0.0,0.0,D,0.0,0.0,1.3310810810810811,1.1554054054054055
2015-11-21,Palmeiras,Cruzeiro,1.0,1.0,D,0.0,2.0,1.1711711711711712,1.5503355704697988
2015-11-22,Sport Recife,Athletico-PR,0.0,0.0,D,0.0,0.0,1.1261261261261262,1.3243243243243243
2015-11-22,Fluminense,Avai,3.0,1.0,H,1.0,4.0,1.348993288590604,1.0
2015-11-22,Flamengo RJ,Ponte Preta,1.0,1.0,D,0.0,2.0,1.1476510067114094,1.027027027027027
2015-11-22,Joinville,Vasco,1.0,2.0,A,2.0,3.0,0.7142857142857143,1.0810810810810811
2015-11-22,Coritiba,Santos,1.0,0.0,H,1.0,1.0,1.1073825503355705,1.3221476510067114
2015-11-22,Figueirense,Chapecoense-SC,0.0,0.0,D,0.0,0.0,0.9819819819819819,0.9863013698630136
2015-11-22,Corinthians,Sao Paulo,6.0,1.0,H,1.0,7.0,1.2818791946308725,1.3758389261744965
2015-11-22,Atletico-MG,Goias,2.0,2.0,D,0.0,4.0,1.4966442953020134,1.0810810810810811
2015-11-22,Internacional,Gremio,1.0,0.0,H,1.0,1.0,1.2281879194630871,1.221476510067114
2015-11-28,Sao Paulo,Figueirense,3.0,2.0,H,1.0,5.0,1.3733333333333333,0.9732142857142857
2015-11-28,Fluminense,Internacional,1.0,1.0,D,0.0,2.0,1.36,1.2266666666666666
2015-11-28,Avai,Ponte Preta,1.0,0.0,H,1.0,1.0,1.0,1.0267857142857142
2015-11-29,Palmeiras,Coritiba,0.0,2.0,A,2.0,2.0,1.1696428571428572,1.1066666666666667
2015-11-29,Vasco,Santos,1.0,0.0,H,1.0,1.0,1.0892857142857142,1.3133333333333332
2015-11-29,Chapecoense-SC,Goias,1.0,3.0,A,2.0,4.0,0.972972972972973,1.0892857142857142
2015-11-29,Athletico-PR,Flamengo RJ,3.0,0.0,H,1.0,3.0,1.3125,1.1466666666666667
2015-11-29,Gremio,Atletico-MG,2.0,1.0,H,1.0,3.0,1.2133333333333334,1.5
2015-11-29,Cruzeiro,Joinville,3.0,0.0,H,1.0,3.0,1.5466666666666666,0.7222222222222222
2015-11-29,Sport Recife,Corinthians,2.0,0.0,H,1.0,2.0,1.1160714285714286,1.3133333333333332
2015-12-06,Santos,Athletico-PR,5.0,1.0,H,1.0,6.0,1.304635761589404,1.3274336283185841
2015-12-06,Joinville,Gremio,0.0,2.0,A,2.0,2.0,0.7027027027027027,1.218543046357616
2015-12-06,Internacional,Cruzeiro,2.0,0.0,H,1.0,2.0,1.2251655629139073,1.5562913907284768
2015-12-06,Goias,Sao Paulo,0.0,1.0,A,2.0,1.0,1.1061946902654867,1.3841059602649006
2015-12-06,Ponte Preta,Sport Recife,0.0,1.0,A,2.0,1.0,1.0176991150442478,1.1238938053097345
2015-12-06,Figueirense,Fluminense,1.0,0.0,H,1.0,1.0,0.9823008849557522,1.3576158940397351
2015-12-06,Coritiba,Vasco,0.0,0.0,D,0.0,0.0,1.1125827814569536,1.0884955752212389
2015-12-06,Corinthians,Avai,1.0,1.0,D,0.0,2.0,1.304635761589404,1.0
2015-12-06,Atletico-MG,Chapecoense-SC,3.0,0.0,H,1.0,3.0,1.4966887417218544,0.9733333333333334
2015-12-06,Flamengo RJ,Palmeiras,1.0,2.0,A,2.0,3.0,1.1390728476821192,1.1592920353982301
2016-05-14,Flamengo RJ,Sport Recife,1.0,0.0,H,1.0,1.0,1.138157894736842,1.1228070175438596
2016-05-14,Palmeiras,Athletico-PR,4.0,0.0,H,1.0,4.0,1.1666666666666667,1.3245614035087718
2016-05-14,Atletico-MG,Santos,1.0,0.0,H,1.0,1.0,1.506578947368421,1.3289473684210527
2016-05-15,Figueirense,Ponte Preta,0.0,0.0,D,0.0,0.0,0.9824561403508771,1.0087719298245614
2016-05-15,Coritiba,Cruzeiro,1.0,0.0,H,1.0,1.0,1.105263157894737,1.5460526315789473
2016-05-15,Botafogo RJ,Sao Paulo,0.0,1.0,A,2.0,1.0,1.280701754385965,1.381578947368421
2016-05-15,Santa Cruz,Vitoria,4.0,1.0,H,1.0,5.0,1.0,1.263157894736842
2016-05-15,America MG,Fluminense,0.0,1.0,A,2.0,1.0,1.0,1.3486842105263157
2016-05-15,Corinthians,Gremio,0.0,0.0,D,0.0,0.0,1.3026315789473684,1.2236842105263157
2016-05-15,Internacional,Chapecoense-SC,0.0,0.0,D,0.0,0.0,1.230263157894737,0.9605263157894737
2016-05-21,Fluminense,Santa Cruz,2.0,2.0,D,0.0,4.0,1.34640522875817,4.0
2016-05-21,Ponte Preta,Palmeiras,2.0,1.0,H,1.0,3.0,1.0,1.191304347826087
2016-05-22,Cruzeiro,Figueirense,2.0,2.0,D,0.0,4.0,1.5359477124183007,0.9739130434782609
2016-05-22,Athletico-PR,Atletico-MG,1.0,1.0,D,0.0,2.0,1.3130434782608695,1.5032679738562091
2016-05-22,Santos,Coritiba,2.0,1.0,H,1.0,3.0,1.3202614379084967,1.1045751633986929
2016-05-22,Chapecoense-SC,America MG,3.0,1.0,H,1.0,4.0,0.948051948051948,0.0
2016-05-22,Gremio,Flamengo RJ,1.0,0.0,H,1.0,1.0,1.2156862745098038,1.1372549019607843
2016-05-22,Sao Paulo,Internacional,1.0,2.0,A,2.0,3.0,1.3790849673202614,1.2222222222222223
2016-05-22,Vitoria,Corinthians,3.0,2.0,H,1.0,5.0,1.2597402597402598,1.2941176470588236
2016-05-22,Sport Recife,Botafogo RJ,1.0,1.0,D,0.0,2.0,1.1130434782608696,1.2695652173913043
2016-05-25,Figueirense,Santos,2.0,2.0,D,0.0,4.0,0.9827586206896551,1.3246753246753247
2016-05-25,Botafogo RJ,Athletico-PR,2.0,1.0,H,1.0,3.0,1.2672413793103448,1.3103448275862069
2016-05-26,America MG,Vitoria,1.0,1.0,D,0.0,2.0,0.5,1.2820512820512822
2016-05-26,Flamengo RJ,Chapecoense-SC,2.0,2.0,D,0.0,4.0,1.12987012987013,0.9743589743589743
2016-05-26,Coritiba,Sao Paulo,1.0,1.0,D,0.0,2.0,1.103896103896104,1.3766233766233766
2016-05-26,Palmeiras,Fluminense,2.0,0.0,H,1.0,2.0,1.1896551724137931,1.3506493506493507
2016-05-26,Santa Cruz,Cruzeiro,4.0,1.0,H,1.0,5.0,3.0,1.5389610389610389
2016-05-26,Corinthians,Ponte Preta,3.0,0.0,H,1.0,3.0,1.2987012987012987,1.0086206896551724
2016-05-26,Internacional,Sport Recife,1.0,0.0,H,1.0,1.0,1.2272727272727273,1.1120689655172413
2016-05-27,Atletico-MG,Gremio,0.0,3.0,A,2.0,3.0,1.5,1.2142857142857142
2016-05-28,Athletico-PR,Figueirense,2.0,1.0,H,1.0,3.0,1.3076923076923077,0.9914529914529915
2016-05-28,Cruzeiro,America MG,1.0,1.0,D,0.0,2.0,1.5354838709677419,0.6666666666666666
2016-05-29,Chapecoense-SC,Santa Cruz,1.0,1.0,D,0.0,2.0,0.9873417721518988,3.3333333333333335
2016-05-29,Ponte Preta,Flamengo RJ,1.0,2.0,A,2.0,3.0,1.0,1.135483870967742
2016-05-29,Sport Recife,Corinthians,0.0,2.0,A,2.0,2.0,1.1025641025641026,1.3096774193548386
2016-05-29,Fluminense,Botafogo RJ,1.0,0.0,H,1.0,1.0,1.3419354838709678,1.2735042735042734
2016-05-29,Sao Paulo,Palmeiras,1.0,0.0,H,1.0,1.0,1.3741935483870968,1.1965811965811965
2016-05-29,Vitoria,Atletico-MG,1.0,1.0,D,0.0,2.0,1.2784810126582278,1.4903225806451612
2016-05-29,Gremio,Coritiba,2.0,0.0,H,1.0,2.0,1.2258064516129032,1.103225806451613
2016-05-29,Santos,Internacional,0.0,1.0,A,2.0,1.0,1.3290322580645162,1.2258064516129032
2016-06-01,Internacional,Athletico-PR,1.0,0.0,H,1.0,1.0,1.2243589743589745,1.3135593220338984
2016-06-02,Corinthians,Santos,1.0,0.0,H,1.0,1.0,1.314102564102564,1.3205128205128205
2016-06-02,Coritiba,Chapecoense-SC,3.0,4.0,A,2.0,7.0,1.0961538461538463,0.9875
2016-06-02,Santa Cruz,Sport Recife,0.0,1.0,A,2.0,1.0,2.75,1.0932203389830508
2016-06-02,Atletico-MG,Fluminense,1.0,1.0,D,0.0,2.0,1.4871794871794872,1.3397435897435896
2016-06-02,Botafogo RJ,Cruzeiro,0.0,1.0,A,2.0,1.0,1.2627118644067796,1.5320512820512822
2016-06-02,Figueirense,Sao Paulo,1.0,0.0,H,1.0,1.0,0.9915254237288136,1.3717948717948718
2016-06-02,America MG,Ponte Preta,1.0,2.0,A,2.0,3.0,0.75,1.0
2016-06-03,Flamengo RJ,Vitoria,1.0,0.0,H,1.0,1.0,1.141025641025641,1.275
2016-06-03,Palmeiras,Gremio,4.0,3.0,H,1.0,7.0,1.1864406779661016,1.2307692307692308
2016-06-04,Athletico-PR,Santa Cruz,1.0,0.0,H,1.0,1.0,1.3025210084033614,2.2
2016-06-05,Sport Recife,Atletico-MG,4.0,4.0,D,0.0,8.0,1.0924369747899159,1.484076433121019
2016-06-05,Vitoria,Internacional,1.0,0.0,H,1.0,1.0,1.2592592592592593,1.2229299363057324
2016-06-05,Cruzeiro,Sao Paulo,0.0,1.0,A,2.0,1.0,1.5286624203821657,1.3630573248407643
2016-06-05,Gremio,Ponte Preta,1.0,0.0,H,1.0,1.0,1.2420382165605095,1.0084033613445378
2016-06-05,Chapecoense-SC,Fluminense,0.0,0.0,D,0.0,0.0,1.0246913580246915,1.3375796178343948
2016-06-05,Santos,Botafogo RJ,3.0,0.0,H,1.0,3.0,1.3121019108280254,1.2521008403361344
2016-06-05,Corinthians,Coritiba,2.0,1.0,H,1.0,3.0,1.3121019108280254,1.10828025477707
2016-06-05,Flamengo RJ,Palmeiras,1.0,2.0,A,2.0,3.0,1.1401273885350318,1.2100840336134453
2016-06-05,America MG,Figueirense,1.0,0.0,H,1.0,1.0,0.8,0.9915966386554622
2016-06-11,Internacional,America MG,3.0,1.0,H,1.0,4.0,1.2151898734177216,0.8333333333333334
2016-06-11,Ponte Preta,Chapecoense-SC,2.0,1.0,H,1.0,3.0,1.0,1.0121951219512195
2016-06-11,Fluminense,Gremio,1.0,1.0,D,0.0,2.0,1.3291139240506329,1.240506329113924
2016-06-12,Figueirense,Flamengo RJ,1.0,0.0,H,1.0,1.0,0.9833333333333333,1.139240506329114
2016-06-12,Santa Cruz,Santos,0.0,2.0,A,2.0,2.0,1.8333333333333333,1.3227848101265822
2016-06-12,Palmeiras,Corinthians,1.0,0.0,H,1.0,1.0,1.2166666666666666,1.3164556962025316
2016-06-12,Coritiba,Sport Recife,3.0,2.0,H,1.0,5.0,1.1075949367088607,1.1166666666666667
2016-06-12,Botafogo RJ,Vitoria,1.0,1.0,D,0.0,2.0,1.2416666666666667,1.2560975609756098
2016-06-12,Sao Paulo,Athletico-PR,1.0,2.0,A,2.0,3.0,1.360759493670886,1.3
2016-06-12,Atletico-MG,Cruzeiro,2.0,3.0,A,2.0,5.0,1.5,1.518987341772152
2016-06-15,Chapecoense-SC,Gremio,3.0,3.0,D,0.0,6.0,1.0120481927710843,1.2389937106918238
2016-06-15,Ponte Preta,Athletico-PR,3.0,2.0,H,1.0,5.0,1.0082644628099173,1.3057851239669422
2016-06-15,Sao Paulo,Vitoria,2.0,0.0,H,1.0,2.0,1.3584905660377358,1.2530120481927711
2016-06-16,Coritiba,Palmeiras,2.0,2.0,D,0.0,4.0,1.119496855345912,1.2148760330578512
2016-06-16,Cruzeiro,Flamengo RJ,0.0,1.0,A,2.0,1.0,1.528301886792453,1.1320754716981132
2016-06-16,Internacional,Atletico-MG,2.0,0.0,H,1.0,2.0,1.2264150943396226,1.5031446540880504
2016-06-16,Santos,Sport Recife,2.0,0.0,H,1.0,2.0,1.3270440251572326,1.1239669421487604
2016-06-16,Botafogo RJ,America MG,3.0,1.0,H,1.0,4.0,1.2396694214876034,0.8571428571428571
2016-06-16,Santa Cruz,Figueirense,1.0,0.0,H,1.0,1.0,1.5714285714285714,0.9834710743801653
2016-06-17,Fluminense,Corinthians,1.0,0.0,H,1.0,1.0,1.3270440251572326,1.3081761006289307
2016-06-18,Palmeiras,Santa Cruz,3.0,1.0,H,1.0,4.0,1.221311475409836,1.5
2016-06-18,Athletico-PR,Santos,1.0,0.0,H,1.0,1.0,1.3114754098360655,1.33125
2016-06-19,Gremio,Cruzeiro,2.0,0.0,H,1.0,2.0,1.25,1.51875
2016-06-19,Sport Recife,Fluminense,2.0,1.0,H,1.0,3.0,1.1147540983606556,1.325
2016-06-19,Flamengo RJ,Sao Paulo,2.0,2.0,D,0.0,4.0,1.13125,1.3625
2016-06-19,Figueirense,Internacional,3.0,2.0,H,1.0,5.0,0.9754098360655737,1.23125
2016-06-19,Corinthians,Botafogo RJ,3.0,1.0,H,1.0,4.0,1.3,1.2540983606557377
2016-06-19,Atletico-MG,Ponte Preta,3.0,0.0,H,1.0,3.0,1.49375,1.0245901639344261
2016-06-19,America MG,Coritiba,2.0,1.0,H,1.0,3.0,0.875,1.125
2016-06-19,Vitoria,Chapecoense-SC,1.0,2.0,A,2.0,3.0,1.2380952380952381,1.0357142857142858
2016-06-22,Palmeiras,America MG,2.0,0.0,H,1.0,2.0,1.2357723577235773,1.0
2016-06-22,Ponte Preta,Cruzeiro,0.0,4.0,A,2.0,4.0,1.016260162601626,1.5093167701863355
2016-06-23,Gremio,Vitoria,1.0,2.0,A,2.0,3.0,1.2546583850931676,1.2352941176470589
2016-06-23,Chapecoense-SC,Athletico-PR,0.0,0.0,D,0.0,0.0,1.0470588235294118,1.3089430894308942
2016-06-23,Fluminense,Santos,2.0,4.0,A,2.0,6.0,1.3229813664596273,1.3229813664596273
2016-06-23,Santa Cruz,Flamengo RJ,0.0,1.0,A,2.0,1.0,1.4444444444444444,1.1366459627329193
2016-06-23,Botafogo RJ,Figueirense,0.0,0.0,D,0.0,0.0,1.2520325203252032,0.991869918699187
2016-06-23,Atletico-MG,Corinthians,2.0,1.0,H,1.0,3.0,1.5031055900621118,1.31055900621118
2016-06-24,Sao Paulo,Sport Recife,0.0,0.0,D,0.0,0.0,1.3664596273291925,1.1219512195121952
2016-06-24,Coritiba,Internacional,1.0,1.0,D,0.0,2.0,1.124223602484472,1.236024844720497
2016-06-25,Cruzeiro,Palmeiras,2.0,1.0,H,1.0,3.0,1.5246913580246915,1.2419354838709677
2016-06-26,Sport Recife,Chapecoense-SC,5.0,1.0,H,1.0,6.0,1.1129032258064515,1.0348837209302326
2016-06-26,Figueirense,Coritiba,0.0,0.0,D,0.0,0.0,0.9838709677419355,1.123456790123457
2016-06-26,Vitoria,Ponte Preta,1.0,1.0,D,0.0,2.0,1.244186046511628,1.0080645161290323
2016-06-26,Santos,Sao Paulo,3.0,0.0,H,1.0,3.0,1.3395061728395061,1.3580246913580247
2016-06-26,Internacional,Botafogo RJ,2.0,3.0,A,2.0,5.0,1.2345679012345678,1.2419354838709677
2016-06-26,Flamengo RJ,Fluminense,1.0,2.0,A,2.0,3.0,1.1358024691358024,1.3271604938271604
2016-06-26,Athletico-PR,Gremio,2.0,0.0,H,1.0,2.0,1.2983870967741935,1.2530864197530864
2016-06-26,America MG,Atletico-MG,0.0,1.0,A,2.0,1.0,0.9,1.5061728395061729
2016-06-26,Corinthians,Santa Cruz,2.0,1.0,H,1.0,3.0,1.308641975308642,1.3
2016-06-29,Flamengo RJ,Internacional,1.0,0.0,H,1.0,1.0,1.1349693251533743,1.2392638036809815
2016-06-29,Gremio,Santos,3.0,2.0,H,1.0,5.0,1.2453987730061349,1.3496932515337423
2016-06-29,Vitoria,Sport Recife,3.0,2.0,H,1.0,5.0,1.2413793103448276,1.144
2016-06-30,Santa Cruz,Ponte Preta,0.0,3.0,A,2.0,3.0,1.2727272727272727,1.008
2016-06-30,Palmeiras,Figueirense,4.0,0.0,H,1.0,4.0,1.24,0.976
2016-06-30,Sao Paulo,Fluminense,2.0,1.0,H,1.0,3.0,1.3496932515337423,1.3312883435582823
2016-06-30,Chapecoense-SC,Cruzeiro,3.0,2.0,H,1.0,5.0,1.0344827586206897,1.5276073619631902
2016-06-30,Coritiba,Athletico-PR,1.0,0.0,H,1.0,1.0,1.116564417177914,1.304
2016-06-30,America MG,Corinthians,0.0,2.0,A,2.0,2.0,0.8181818181818182,1.312883435582822
2016-07-01,Atletico-MG,Botafogo RJ,5.0,3.0,H,1.0,8.0,1.5030674846625767,1.256
2016-07-02,Fluminense,Coritiba,0.0,0.0,D,0.0,0.0,1.329268292682927,1.1158536585365855
2016-07-02,Athletico-PR,America MG,1.0,0.0,H,1.0,1.0,1.2936507936507937,0.75
2016-07-03,Cruzeiro,Vitoria,2.0,2.0,D,0.0,4.0,1.5304878048780488,1.2613636363636365
2016-07-03,Internacional,Gremio,0.0,1.0,A,2.0,1.0,1.2317073170731707,1.2560975609756098
2016-07-03,Botafogo RJ,Santa Cruz,2.0,1.0,H,1.0,3.0,1.2698412698412698,1.1666666666666667
2016-07-03,Corinthians,Flamengo RJ,4.0,0.0,H,1.0,4.0,1.3170731707317074,1.1341463414634145
2016-07-03,Ponte Preta,Sao Paulo,1.0,0.0,H,1.0,1.0,1.0238095238095237,1.353658536585366
2016-07-03,Santos,Chapecoense-SC,3.0,0.0,H,1.0,3.0,1.353658536585366,1.0568181818181819
2016-07-03,Figueirense,Atletico-MG,1.0,1.0,D,0.0,2.0,0.9682539682539683,1.524390243902439
2016-07-05,Sport Recife,Palmeiras,1.0,3.0,A,2.0,4.0,1.1507936507936507,1.2619047619047619
2016-07-09,Chapecoense-SC,Corinthians,0.0,2.0,A,2.0,2.0,1.0449438202247192,1.3333333333333333
2016-07-09,Coritiba,Botafogo RJ,0.0,0.0,D,0.0,0.0,1.1090909090909091,1.2755905511811023
2016-07-10,Sao Paulo,America MG,3.0,0.0,H,1.0,3.0,1.3454545454545455,0.6923076923076923
2016-07-10,Santa Cruz,Internacional,1.0,0.0,H,1.0,1.0,1.1538461538461537,1.2242424242424241
2016-07-10,Vitoria,Fluminense,0.0,0.0,D,0.0,0.0,1.2696629213483146,1.3212121212121213
2016-07-10,Flamengo RJ,Atletico-MG,2.0,0.0,H,1.0,2.0,1.1272727272727272,1.5212121212121212
2016-07-10,Ponte Preta,Sport Recife,2.0,1.0,H,1.0,3.0,1.0236220472440944,1.1496062992125984
2016-07-10,Gremio,Figueirense,2.0,1.0,H,1.0,3.0,1.2545454545454546,0.968503937007874
2016-07-12,Cruzeiro,Athletico-PR,0.0,3.0,A,2.0,3.0,1.5333333333333334,1.2913385826771653
2016-07-13,Palmeiras,Santos,1.0,1.0,D,0.0,2.0,1.2755905511811023,1.3636363636363635
2016-07-16,Botafogo RJ,Flamengo RJ,3.0,3.0,D,0.0,6.0,1.265625,1.1325301204819278
2016-07-16,Santos,Ponte Preta,3.0,1.0,H,1.0,4.0,1.3614457831325302,1.03125
2016-07-17,Sport Recife,Gremio,4.0,2.0,H,1.0,6.0,1.1484375,1.2590361445783131
2016-07-17,Internacional,Palmeiras,0.0,1.0,A,2.0,1.0,1.216867469879518,1.2734375
2016-07-17,Fluminense,Cruzeiro,2.0,0.0,H,1.0,2.0,1.3132530120481927,1.5240963855421688
2016-07-17,Corinthians,Sao Paulo,1.0,1.0,D,0.0,2.0,1.3373493975903614,1.355421686746988
2016-07-17,Athletico-PR,Vitoria,1.0,1.0,D,0.0,2.0,1.3046875,1.2555555555555555
2016-07-17,America MG,Santa Cruz,0.0,3.0,A,2.0,3.0,0.6428571428571429,1.1428571428571428
2016-07-17,Figueirense,Chapecoense-SC,1.0,1.0,D,0.0,2.0,0.96875,1.0333333333333334
2016-07-19,Atletico-MG,Coritiba,2.0,1.0,H,1.0,3.0,1.5120481927710843,1.1024096385542168
2016-07-23,Corinthians,Figueirense,1.0,1.0,D,0.0,2.0,1.3353293413173652,0.9689922480620154
2016-07-23,Santa Cruz,Coritiba,0.0,1.0,A,2.0,1.0,1.2666666666666666,1.1017964071856288
2016-07-24,Gremio,Sao Paulo,1.0,0.0,H,1.0,1.0,1.2634730538922156,1.3532934131736527
2016-07-24,Vitoria,Santos,2.0,3.0,A,2.0,5.0,1.2527472527472527,1.3712574850299402
2016-07-24,Cruzeiro,Sport Recife,1.0,2.0,A,2.0,3.0,1.5149700598802396,1.1705426356589148
2016-07-24,Athletico-PR,Fluminense,1.0,0.0,H,1.0,1.0,1.302325581395349,1.3173652694610778
2016-07-24,Ponte Preta,Internacional,2.0,2.0,D,0.0,4.0,1.0310077519379846,1.2095808383233533
2016-07-24,Palmeiras,Atletico-MG,0.0,1.0,A,2.0,1.0,1.2713178294573644,1.5149700598802396
2016-07-24,Chapecoense-SC,Botafogo RJ,2.0,1.0,H,1.0,3.0,1.032967032967033,1.2790697674418605
2016-07-26,Flamengo RJ,America MG,2.0,1.0,H,1.0,3.0,1.1437125748502994,0.6
2016-07-30,Figueirense,Vitoria,1.0,0.0,H,1.0,1.0,0.9692307692307692,1.2608695652173914
2016-07-30,Sport Recife,Athletico-PR,2.0,0.0,H,1.0,2.0,1.176923076923077,1.3
2016-07-31,Sao Paulo,Chapecoense-SC,2.0,2.0,D,0.0,4.0,1.3452380952380953,1.0434782608695652
2016-07-31,Atletico-MG,Santa Cruz,3.0,0.0,H,1.0,3.0,1.5119047619047619,1.1875
2016-07-31,Fluminense,Ponte Preta,3.0,0.0,H,1.0,3.0,1.3095238095238095,1.0384615384615385
2016-07-31,Coritiba,Flamengo RJ,0.0,2.0,A,2.0,2.0,1.1011904761904763,1.1488095238095237
2016-07-31,Internacional,Corinthians,0.0,1.0,A,2.0,1.0,1.2142857142857142,1.3333333333333333
2016-07-31,Santos,Cruzeiro,2.0,0.0,H,1.0,2.0,1.380952380952381,1.5119047619047619
2016-07-31,America MG,Gremio,0.0,0.0,D,0.0,0.0,0.625,1.2619047619047619
2016-07-31,Botafogo RJ,Palmeiras,3.0,1.0,H,1.0,4.0,1.2769230769230768,1.2615384615384615
2016-08-03,Sport Recife,America MG,1.0,1.0,D,0.0,2.0,1.183206106870229,0.5882352941176471
2016-08-03,Vitoria,Coritiba,3.0,1.0,H,1.0,4.0,1.2473118279569892,1.0946745562130178
2016-08-04,Gremio,Santa Cruz,0.0,0.0,D,0.0,0.0,1.2544378698224852,1.1176470588235294
2016-08-04,Ponte Preta,Botafogo RJ,2.0,0.0,H,1.0,2.0,1.0305343511450382,1.2900763358778626
2016-08-04,Sao Paulo,Atletico-MG,1.0,2.0,A,2.0,3.0,1.349112426035503,1.5207100591715976
2016-08-04,Athletico-PR,Corinthians,2.0,0.0,H,1.0,2.0,1.2900763358778626,1.331360946745562
2016-08-04,Santos,Flamengo RJ,0.0,0.0,D,0.0,0.0,1.3846153846153846,1.1538461538461537
2016-08-05,Cruzeiro,Internacional,4.0,2.0,H,1.0,6.0,1.5029585798816567,1.2071005917159763
2016-08-05,Chapecoense-SC,Palmeiras,1.0,1.0,D,0.0,2.0,1.053763440860215,1.2595419847328244
2016-08-06,Flamengo RJ,Athletico-PR,1.0,0.0,H,1.0,1.0,1.1470588235294117,1.2954545454545454
2016-08-07,Figueirense,Sport Recife,1.0,1.0,D,0.0,2.0,0.9694656488549618,1.1818181818181819
2016-08-07,Santa Cruz,Sao Paulo,1.0,2.0,A,2.0,3.0,1.0555555555555556,1.3470588235294119
2016-08-07,Internacional,Fluminense,2.0,2.0,D,0.0,4.0,1.2117647058823529,1.319526627218935
2016-08-07,Coritiba,Ponte Preta,3.0,1.0,H,1.0,4.0,1.0941176470588236,1.0378787878787878
2016-08-07,America MG,Santos,1.0,0.0,H,1.0,1.0,0.6111111111111112,1.3764705882352941
2016-08-07,Palmeiras,Vitoria,2.0,1.0,H,1.0,3.0,1.2575757575757576,1.2659574468085106
2016-08-09,Atletico-MG,Chapecoense-SC,3.0,1.0,H,1.0,4.0,1.5235294117647058,1.053191489361702
2016-08-09,Corinthians,Cruzeiro,1.0,1.0,D,0.0,2.0,1.3235294117647058,1.5176470588235293
2016-08-13,Sport Recife,Flamengo RJ,1.0,0.0,H,1.0,1.0,1.1804511278195489,1.1461988304093567
2016-08-13,Ponte Preta,Figueirense,2.0,0.0,H,1.0,2.0,1.037593984962406,0.9696969696969697
2016-08-14,Vitoria,Santa Cruz,2.0,2.0,D,0.0,4.0,1.263157894736842,1.0526315789473684
2016-08-14,Sao Paulo,Botafogo RJ,0.0,1.0,A,2.0,1.0,1.3508771929824561,1.2803030303030303
2016-08-14,Santos,Atletico-MG,3.0,0.0,H,1.0,3.0,1.368421052631579,1.5321637426900585
2016-08-14,Athletico-PR,Palmeiras,0.0,1.0,A,2.0,1.0,1.2857142857142858,1.263157894736842
2016-08-14,Gremio,Corinthians,3.0,0.0,H,1.0,3.0,1.2470588235294118,1.3216374269005848
2016-08-14,Fluminense,America MG,1.0,0.0,H,1.0,1.0,1.3235294117647058,0.631578947368421
2016-08-14,Cruzeiro,Coritiba,2.0,2.0,D,0.0,4.0,1.5146198830409356,1.105263157894737
2016-08-16,Chapecoense-SC,Internacional,1.0,0.0,H,1.0,1.0,1.0526315789473684,1.2163742690058479
2016-08-20,America MG,Chapecoense-SC,1.0,2.0,A,2.0,3.0,0.6,1.0520833333333333
2016-08-21,Coritiba,Santos,2.0,1.0,H,1.0,3.0,1.1104651162790697,1.377906976744186
2016-08-21,Santa Cruz,Fluminense,0.0,1.0,A,2.0,1.0,1.1,1.3216374269005848
2016-08-21,Palmeiras,Ponte Preta,2.0,2.0,D,0.0,4.0,1.2611940298507462,1.044776119402985
2016-08-21,Figueirense,Cruzeiro,1.0,2.0,A,2.0,3.0,0.9624060150375939,1.5174418604651163
2016-08-21,Flamengo RJ,Gremio,2.0,1.0,H,1.0,3.0,1.1395348837209303,1.2573099415204678
2016-08-21,Atletico-MG,Athletico-PR,1.0,0.0,H,1.0,1.0,1.5232558139534884,1.2761194029850746
2016-08-21,Botafogo RJ,Sport Recife,3.0,0.0,H,1.0,3.0,1.2781954887218046,1.1791044776119404
2016-08-21,Internacional,Sao Paulo,1.0,1.0,D,0.0,2.0,1.2093023255813953,1.3430232558139534
2016-08-23,Corinthians,Vitoria,2.0,1.0,H,1.0,3.0,1.313953488372093,1.2708333333333333
2016-08-27,Ponte Preta,Corinthians,2.0,0.0,H,1.0,2.0,1.0518518518518518,1.3179190751445087
2016-08-28,Cruzeiro,Santa Cruz,2.0,0.0,H,1.0,2.0,1.5202312138728324,1.0476190476190477
2016-08-28,Santos,Figueirense,0.0,1.0,A,2.0,1.0,1.3757225433526012,0.9626865671641791
2016-08-28,Chapecoense-SC,Flamengo RJ,1.0,3.0,A,2.0,4.0,1.0618556701030928,1.1445086705202312
2016-08-28,Fluminense,Palmeiras,0.0,2.0,A,2.0,2.0,1.319767441860465,1.2666666666666666
2016-08-28,Gremio,Atletico-MG,1.0,1.0,D,0.0,2.0,1.255813953488372,1.5202312138728324
2016-08-28,Sao Paulo,Coritiba,0.0,0.0,D,0.0,0.0,1.3410404624277457,1.115606936416185
2016-08-28,Sport Recife,Internacional,1.0,1.0,D,0.0,2.0,1.1703703703703703,1.2080924855491328
2016-08-28,Vitoria,America MG,2.0,1.0,H,1.0,3.0,1.268041237113402,0.6190476190476191
2016-08-30,Athletico-PR,Botafogo RJ,1.0,0.0,H,1.0,1.0,1.2666666666666666,1.291044776119403
2016-09-03,Fluminense,Figueirense,3.0,2.0,H,1.0,5.0,1.3121387283236994,0.9629629629629629
2016-09-04,Botafogo RJ,Gremio,2.0,1.0,H,1.0,3.0,1.2814814814814814,1.254335260115607
2016-09-07,Botafogo RJ,Fluminense,1.0,0.0,H,1.0,1.0,1.286764705882353,1.3218390804597702
2016-09-07,Figueirense,Athletico-PR,1.0,0.0,H,1.0,1.0,0.9705882352941176,1.2647058823529411
2016-09-07,Santa Cruz,Chapecoense-SC,2.0,2.0,D,0.0,4.0,1.0,1.0612244897959184
2016-09-07,Atletico-MG,Vitoria,2.0,1.0,H,1.0,3.0,1.5172413793103448,1.2755102040816326
2016-09-08,Coritiba,Gremio,4.0,0.0,H,1.0,4.0,1.1091954022988506,1.2528735632183907
2016-09-08,Flamengo RJ,Ponte Preta,2.0,1.0,H,1.0,3.0,1.1551724137931034,1.0588235294117647
2016-09-08,Palmeiras,Sao Paulo,2.0,1.0,H,1.0,3.0,1.2720588235294117,1.3333333333333333
2016-09-08,Corinthians,Sport Recife,3.0,0.0,H,1.0,3.0,1.3103448275862069,1.1691176470588236
2016-09-09,Internacional,Santos,2.0,1.0,H,1.0,3.0,1.206896551724138,1.367816091954023
2016-09-09,America MG,Cruzeiro,0.0,2.0,A,2.0,2.0,0.6363636363636364,1.5229885057471264
2016-09-10,Vitoria,Flamengo RJ,1.0,2.0,A,2.0,3.0,1.2727272727272727,1.16
2016-09-11,Gremio,Palmeiras,0.0,0.0,D,0.0,0.0,1.2457142857142858,1.2773722627737227
2016-09-11,Chapecoense-SC,Coritiba,1.0,0.0,H,1.0,1.0,1.0707070707070707,1.1257142857142857
2016-09-11,Sao Paulo,Figueirense,3.0,1.0,H,1.0,4.0,1.3314285714285714,0.9708029197080292
2016-09-11,Athletico-PR,Internacional,2.0,1.0,H,1.0,3.0,1.2554744525547445,1.2114285714285715
2016-09-11,Cruzeiro,Botafogo RJ,0.0,2.0,A,2.0,2.0,1.5257142857142858,1.2846715328467153
2016-09-11,Santos,Corinthians,2.0,1.0,H,1.0,3.0,1.3657142857142857,1.32
2016-09-11,Sport Recife,Santa Cruz,5.0,3.0,H,1.0,8.0,1.1605839416058394,1.0434782608695652
2016-09-11,Ponte Preta,America MG,1.0,1.0,D,0.0,2.0,1.0583941605839415,0.6086956521739131
2016-09-13,Fluminense,Atletico-MG,4.0,2.0,H,1.0,6.0,1.3142857142857143,1.52
2016-09-14,Botafogo RJ,Santos,0.0,1.0,A,2.0,1.0,1.289855072463768,1.3693181818181819
2016-09-14,Figueirense,America MG,2.0,2.0,D,0.0,4.0,0.9710144927536232,0.625
2016-09-15,Ponte Preta,Gremio,3.0,0.0,H,1.0,3.0,1.0579710144927537,1.2386363636363635
2016-09-15,Santa Cruz,Athletico-PR,1.0,0.0,H,1.0,1.0,1.125,1.2608695652173914
2016-09-15,Coritiba,Corinthians,1.0,1.0,D,0.0,2.0,1.1193181818181819,1.3181818181818181
2016-09-15,Palmeiras,Flamengo RJ,1.0,1.0,D,0.0,2.0,1.2681159420289856,1.1647727272727273
2016-09-15,Atletico-MG,Sport Recife,1.0,0.0,H,1.0,1.0,1.5227272727272727,1.1884057971014492
2016-09-15,Fluminense,Chapecoense-SC,1.0,2.0,A,2.0,3.0,1.3295454545454546,1.07
2016-09-16,Sao Paulo,Cruzeiro,1.0,0.0,H,1.0,1.0,1.3409090909090908,1.5170454545454546
2016-09-16,Internacional,Vitoria,0.0,1.0,A,2.0,1.0,1.2102272727272727,1.27
2016-09-17,Corinthians,Palmeiras,0.0,2.0,A,2.0,2.0,1.3163841807909604,1.2661870503597121
2016-09-18,Vitoria,Botafogo RJ,0.0,1.0,A,2.0,1.0,1.2673267326732673,1.2805755395683454
2016-09-18,Flamengo RJ,Figueirense,2.0,0.0,H,1.0,2.0,1.1638418079096045,0.9784172661870504
2016-09-18,Athletico-PR,Sao Paulo,1.0,0.0,H,1.0,1.0,1.2517985611510791,1.3389830508474576
2016-09-18,Chapecoense-SC,Ponte Preta,2.0,2.0,D,0.0,4.0,1.0792079207920793,1.0719424460431655
2016-09-18,Cruzeiro,Atletico-MG,1.0,1.0,D,0.0,2.0,1.5084745762711864,1.5197740112994351
2016-09-18,Gremio,Fluminense,0.0,1.0,A,2.0,1.0,1.231638418079096,1.3276836158192091
2016-09-18,Sport Recife,Coritiba,0.0,1.0,A,2.0,1.0,1.1798561151079137,1.11864406779661
2016-09-18,Santos,Santa Cruz,3.0,2.0,H,1.0,5.0,1.3672316384180792,1.12
2016-09-20,America MG,Internacional,1.0,0.0,H,1.0,1.0,0.68,1.2033898305084745
2016-09-24,Sport Recife,Santos,1.0,0.0,H,1.0,1.0,1.1714285714285715,1.3764044943820224
2016-09-24,Palmeiras,Coritiba,2.0,1.0,H,1.0,3.0,1.2714285714285714,1.1179775280898876
2016-09-25,America MG,Botafogo RJ,1.0,0.0,H,1.0,1.0,0.6923076923076923,1.2785714285714285
2016-09-25,Athletico-PR,Ponte Preta,3.0,0.0,H,1.0,3.0,1.25,1.0785714285714285
2016-09-25,Figueirense,Santa Cruz,3.0,1.0,H,1.0,4.0,0.9714285714285714,1.1538461538461537
2016-09-25,Corinthians,Fluminense,0.0,1.0,A,2.0,1.0,1.3089887640449438,1.3258426966292134
2016-09-25,Flamengo RJ,Cruzeiro,2.0,1.0,H,1.0,3.0,1.1685393258426966,1.5056179775280898
2016-09-25,Gremio,Chapecoense-SC,1.0,0.0,H,1.0,1.0,1.2247191011235956,1.088235294117647
2016-09-25,Vitoria,Sao Paulo,2.0,0.0,H,1.0,2.0,1.2549019607843137,1.3314606741573034
2016-09-25,Atletico-MG,Internacional,3.0,1.0,H,1.0,4.0,1.5168539325842696,1.196629213483146
2016-10-01,Santos,Athletico-PR,2.0,0.0,H,1.0,2.0,1.3687150837988826,1.2624113475177305
2016-10-01,Cruzeiro,Gremio,1.0,0.0,H,1.0,1.0,1.5027932960893855,1.223463687150838
2016-10-01,Ponte Preta,Atletico-MG,1.0,2.0,A,2.0,3.0,1.070921985815603,1.5251396648044693
2016-10-01,Botafogo RJ,Corinthians,2.0,0.0,H,1.0,2.0,1.2695035460992907,1.3016759776536313
2016-10-01,Fluminense,Sport Recife,3.0,1.0,H,1.0,4.0,1.324022346368715,1.1702127659574468
2016-10-01,Chapecoense-SC,Vitoria,1.0,4.0,A,2.0,5.0,1.0776699029126213,1.2621359223300972
2016-10-01,Sao Paulo,Flamengo RJ,0.0,0.0,D,0.0,0.0,1.324022346368715,1.1731843575418994
2016-10-02,Internacional,Figueirense,1.0,0.0,H,1.0,1.0,1.1955307262569832,0.9858156028368794
2016-10-04,Coritiba,America MG,3.0,0.0,H,1.0,3.0,1.1173184357541899,0.7037037037037037
2016-10-04,Santa Cruz,Palmeiras,2.0,3.0,A,2.0,5.0,1.1481481481481481,1.2765957446808511
2016-10-05,Vitoria,Gremio,0.0,1.0,A,2.0,1.0,1.2884615384615385,1.2166666666666666
2016-10-05,Athletico-PR,Chapecoense-SC,3.0,1.0,H,1.0,4.0,1.2535211267605635,1.0769230769230769
2016-10-06,Internacional,Coritiba,1.0,0.0,H,1.0,1.0,1.1944444444444444,1.1277777777777778
2016-10-06,Sport Recife,Sao Paulo,1.0,1.0,D,0.0,2.0,1.1690140845070423,1.3166666666666667
2016-10-06,Corinthians,Atletico-MG,0.0,0.0,D,0.0,0.0,1.2944444444444445,1.5277777777777777
2016-10-06,Santos,Fluminense,2.0,1.0,H,1.0,3.0,1.3722222222222222,1.3333333333333333
2016-10-09,Cruzeiro,Ponte Preta,2.0,0.0,H,1.0,2.0,1.5,1.0704225352112675
2016-10-09,America MG,Palmeiras,0.0,2.0,A,2.0,2.0,0.6785714285714286,1.2887323943661972
2016-10-09,Figueirense,Botafogo RJ,0.0,1.0,A,2.0,1.0,0.9788732394366197,1.2746478873239437
2016-10-09,Flamengo RJ,Santa Cruz,3.0,0.0,H,1.0,3.0,1.1666666666666667,1.1785714285714286
2016-10-12,Chapecoense-SC,Sport Recife,3.0,0.0,H,1.0,3.0,1.0761904761904761,1.167832167832168
2016-10-12,Coritiba,Figueirense,0.0,0.0,D,0.0,0.0,1.1215469613259668,0.972027972027972
2016-10-13,Botafogo RJ,Internacional,1.0,0.0,H,1.0,1.0,1.2727272727272727,1.1933701657458564
2016-10-13,Santa Cruz,Corinthians,2.0,4.0,A,2.0,6.0,1.1379310344827587,1.287292817679558
2016-10-13,Atletico-MG,America MG,3.0,0.0,H,1.0,3.0,1.5193370165745856,0.6551724137931034
2016-10-13,Palmeiras,Cruzeiro,0.0,0.0,D,0.0,0.0,1.2937062937062938,1.5027624309392265
2016-10-13,Ponte Preta,Vitoria,2.0,0.0,H,1.0,2.0,1.062937062937063,1.276190476190476
2016-10-14,Sao Paulo,Santos,0.0,1.0,A,2.0,1.0,1.3149171270718232,1.3756906077348066
2016-10-14,Fluminense,Flamengo RJ,1.0,2.0,A,2.0,3.0,1.3314917127071824,1.1767955801104972
2016-10-14,Gremio,Athletico-PR,1.0,0.0,H,1.0,1.0,1.2154696132596685,1.2657342657342658
2016-10-16,Ponte Preta,Santa Cruz,3.0,0.0,H,1.0,3.0,1.0694444444444444,1.1666666666666667
2016-10-16,Sport Recife,Vitoria,1.0,0.0,H,1.0,1.0,1.1597222222222223,1.2641509433962264
2016-10-16,Santos,Gremio,1.0,1.0,D,0.0,2.0,1.3736263736263736,1.2142857142857142
2016-10-16,Corinthians,America MG,2.0,0.0,H,1.0,2.0,1.3021978021978022,0.6333333333333333
2016-10-16,Cruzeiro,Chapecoense-SC,0.0,0.0,D,0.0,0.0,1.4945054945054945,1.0943396226415094
2016-10-16,Figueirense,Palmeiras,1.0,2.0,A,2.0,3.0,0.9652777777777778,1.2847222222222223
2016-10-16,Botafogo RJ,Atletico-MG,3.0,2.0,H,1.0,5.0,1.2708333333333333,1.5274725274725274
2016-10-16,Athletico-PR,Coritiba,2.0,0.0,H,1.0,2.0,1.2569444444444444,1.1153846153846154
2016-10-16,Internacional,Flamengo RJ,2.0,1.0,H,1.0,3.0,1.1868131868131868,1.1813186813186813
2016-10-17,Fluminense,Sao Paulo,1.0,2.0,A,2.0,3.0,1.3296703296703296,1.3076923076923077
2016-10-20,Santa Cruz,Botafogo RJ,0.0,1.0,A,2.0,1.0,1.1290322580645162,1.282758620689655
2016-10-22,Sao Paulo,Ponte Preta,2.0,0.0,H,1.0,2.0,1.3114754098360655,1.0827586206896551
2016-10-23,Chapecoense-SC,Santos,0.0,1.0,A,2.0,1.0,1.0841121495327102,1.3715846994535519
2016-10-23,Atletico-MG,Figueirense,3.0,0.0,H,1.0,3.0,1.530054644808743,0.9655172413793104
2016-10-23,Coritiba,Fluminense,1.0,1.0,D,0.0,2.0,1.1092896174863387,1.3278688524590163
2016-10-23,Palmeiras,Sport Recife,2.0,1.0,H,1.0,3.0,1.289655172413793,1.1586206896551725
2016-10-23,Gremio,Internacional,0.0,0.0,D,0.0,0.0,1.2131147540983607,1.1912568306010929
2016-10-23,Flamengo RJ,Corinthians,2.0,2.0,D,0.0,4.0,1.180327868852459,1.3060109289617485
2016-10-23,Vitoria,Cruzeiro,0.0,1.0,A,2.0,1.0,1.2523364485981308,1.4863387978142077
2016-10-24,America MG,Athletico-PR,1.0,0.0,H,1.0,1.0,0.6129032258064516,1.2620689655172415
2016-10-27,Sport Recife,Ponte Preta,1.0,0.0,H,1.0,1.0,1.1575342465753424,1.0753424657534247
2016-10-28,Fluminense,Vitoria,2.0,2.0,D,0.0,4.0,1.326086956521739,1.2407407407407407
2016-10-29,Figueirense,Gremio,0.0,0.0,D,0.0,0.0,0.958904109589041,1.2065217391304348
2016-10-29,Santos,Palmeiras,1.0,0.0,H,1.0,1.0,1.3695652173913044,1.2945205479452055
2016-10-29,Internacional,Santa Cruz,1.0,1.0,D,0.0,2.0,1.184782608695652,1.09375
2016-10-29,Athletico-PR,Cruzeiro,1.0,0.0,H,1.0,1.0,1.2534246575342465,1.483695652173913
2016-10-29,Corinthians,Chapecoense-SC,1.0,1.0,D,0.0,2.0,1.309782608695652,1.0740740740740742
2016-10-29,Atletico-MG,Flamengo RJ,2.0,2.0,D,0.0,4.0,1.5380434782608696,1.184782608695652
2016-10-29,Botafogo RJ,Coritiba,0.0,0.0,D,0.0,0.0,1.2808219178082192,1.108695652173913
2016-10-31,America MG,Sao Paulo,1.0,0.0,H,1.0,1.0,0.625,1.315217391304348
2016-11-05,Flamengo RJ,Botafogo RJ,0.0,0.0,D,0.0,0.0,1.1891891891891893,1.272108843537415
2016-11-05,Sao Paulo,Corinthians,4.0,0.0,H,1.0,4.0,1.308108108108108,1.308108108108108
2016-11-06,Coritiba,Atletico-MG,2.0,0.0,H,1.0,2.0,1.1027027027027028,1.5405405405405406
2016-11-06,Chapecoense-SC,Figueirense,1.0,0.0,H,1.0,1.0,1.073394495412844,0.9523809523809523
2016-11-06,Vitoria,Athletico-PR,3.0,2.0,H,1.0,5.0,1.2477064220183487,1.251700680272109
2016-11-06,Palmeiras,Internacional,1.0,0.0,H,1.0,1.0,1.2857142857142858,1.1837837837837837
2016-11-06,Cruzeiro,Fluminense,4.0,2.0,H,1.0,6.0,1.4756756756756757,1.3297297297297297
2016-11-06,Ponte Preta,Santos,1.0,2.0,A,2.0,3.0,1.0680272108843538,1.3675675675675676
2016-11-06,Santa Cruz,America MG,1.0,0.0,H,1.0,1.0,1.0909090909090908,0.6363636363636364
2016-11-07,Gremio,Sport Recife,0.0,3.0,A,2.0,3.0,1.2,1.1564625850340136
2016-11-15,Fluminense,Athletico-PR,1.0,1.0,D,0.0,2.0,1.3333333333333333,1.2567567567567568
2016-11-16,Sport Recife,Cruzeiro,0.0,1.0,A,2.0,1.0,1.1689189189189189,1.489247311827957
2016-11-16,America MG,Flamengo RJ,0.0,1.0,A,2.0,1.0,0.6176470588235294,1.1827956989247312
2016-11-16,Figueirense,Corinthians,1.0,1.0,D,0.0,2.0,0.9459459459459459,1.3010752688172043
2016-11-16,Botafogo RJ,Chapecoense-SC,0.0,2.0,A,2.0,2.0,1.2635135135135136,1.0727272727272728
2016-11-16,Coritiba,Santa Cruz,1.0,0.0,H,1.0,1.0,1.10752688172043,1.088235294117647
2016-11-17,Santos,Vitoria,3.0,2.0,H,1.0,5.0,1.3709677419354838,1.2636363636363637
2016-11-17,Sao Paulo,Gremio,1.0,1.0,D,0.0,2.0,1.3225806451612903,1.1935483870967742
2016-11-17,Atletico-MG,Palmeiras,1.0,1.0,D,0.0,2.0,1.532258064516129,1.2837837837837838
2016-11-17,Internacional,Ponte Preta,1.0,1.0,D,0.0,2.0,1.1774193548387097,1.0675675675675675
2016-11-20,Ponte Preta,Fluminense,1.0,0.0,H,1.0,1.0,1.0671140939597314,1.3315508021390374
2016-11-20,Santa Cruz,Atletico-MG,3.0,3.0,D,0.0,6.0,1.0571428571428572,1.5294117647058822
2016-11-20,Flamengo RJ,Coritiba,2.0,2.0,D,0.0,4.0,1.1818181818181819,1.106951871657754
2016-11-20,Chapecoense-SC,Sao Paulo,2.0,0.0,H,1.0,2.0,1.0810810810810811,1.320855614973262
2016-11-20,Vitoria,Figueirense,4.0,0.0,H,1.0,4.0,1.2702702702702702,0.9463087248322147
2016-11-20,Gremio,America MG,3.0,0.0,H,1.0,3.0,1.1925133689839573,0.6
2016-11-20,Cruzeiro,Santos,2.0,2.0,D,0.0,4.0,1.4866310160427807,1.3796791443850267
2016-11-20,Athletico-PR,Sport Recife,2.0,0.0,H,1.0,2.0,1.25503355704698,1.1610738255033557
2016-11-20,Palmeiras,Botafogo RJ,1.0,0.0,H,1.0,1.0,1.2818791946308725,1.25503355704698
2016-11-21,Corinthians,Internacional,1.0,0.0,H,1.0,1.0,1.2994652406417113,1.1764705882352942
2016-11-26,Botafogo RJ,Ponte Preta,1.0,1.0,D,0.0,2.0,1.2466666666666666,1.0666666666666667
2016-11-26,Corinthians,Athletico-PR,0.0,0.0,D,0.0,0.0,1.297872340425532,1.26
2016-11-26,America MG,Sport Recife,2.0,2.0,D,0.0,4.0,0.5833333333333334,1.1533333333333333
2016-11-27,Santa Cruz,Gremio,5.0,1.0,H,1.0,6.0,1.1111111111111112,1.202127659574468
2016-11-27,Figueirense,Fluminense,1.0,0.0,H,1.0,1.0,0.94,1.324468085106383
2016-11-27,Palmeiras,Chapecoense-SC,1.0,0.0,H,1.0,1.0,1.28,1.0892857142857142
2016-11-27,Flamengo RJ,Santos,2.0,0.0,H,1.0,2.0,1.1861702127659575,1.3829787234042554
2016-11-27,Atletico-MG,Sao Paulo,1.0,2.0,A,2.0,3.0,1.5372340425531914,1.3138297872340425
2016-11-27,Internacional,Cruzeiro,1.0,0.0,H,1.0,1.0,1.1702127659574468,1.4893617021276595
2016-11-28,Coritiba,Vitoria,0.0,1.0,A,2.0,1.0,1.1117021276595744,1.2946428571428572
2016-12-11,Athletico-PR,Flamengo RJ,0.0,0.0,D,0.0,0.0,1.2516556291390728,1.1904761904761905
2016-12-11,Chapecoense-SC,Atletico-MG,,,,,,1.079646017699115,1.5343915343915344
2016-12-11,Cruzeiro,Corinthians,3.0,2.0,H,1.0,5.0,1.4814814814814814,1.291005291005291
2016-12-11,Fluminense,Internacional,1.0,1.0,D,0.0,2.0,1.3174603174603174,1.1693121693121693
2016-12-11,Gremio,Botafogo RJ,0.0,1.0,A,2.0,1.0,1.2010582010582012,1.2450331125827814
2016-12-11,Ponte Preta,Coritiba,2.0,0.0,H,1.0,2.0,1.0662251655629138,1.1058201058201058
2016-12-11,Santos,America MG,1.0,0.0,H,1.0,1.0,1.3756613756613756,0.6216216216216216
2016-12-11,Sao Paulo,Santa Cruz,5.0,0.0,H,1.0,5.0,1.3174603174603174,1.2162162162162162
2016-12-11,Sport Recife,Figueirense,2.0,0.0,H,1.0,2.0,1.1589403973509933,0.9403973509933775
2016-12-11,Vitoria,Palmeiras,1.0,2.0,A,2.0,3.0,1.2920353982300885,1.2781456953642385
2017-05-13,Flamengo RJ,Atletico-MG,1.0,1.0,D,0.0,2.0,1.1842105263157894,
2017-05-13,Corinthians,Chapecoense-SC,1.0,1.0,D,0.0,2.0,1.2947368421052632,
2017-05-14,Palmeiras,Vasco,4.0,0.0,H,1.0,4.0,1.2828947368421053,1.0789473684210527
2017-05-14,Gremio,Botafogo RJ,2.0,0.0,H,1.0,2.0,1.194736842105263,1.243421052631579
2017-05-14,Cruzeiro,Sao Paulo,1.0,0.0,H,1.0,1.0,1.4894736842105263,1.3368421052631578
2017-05-14,Ponte Preta,Sport Recife,4.0,0.0,H,1.0,4.0,1.0723684210526316,1.1644736842105263
2017-05-14,Avai,Vitoria,0.0,0.0,D,0.0,0.0,1.0,1.2894736842105263
2017-05-14,Fluminense,Santos,3.0,2.0,H,1.0,5.0,1.3157894736842106,1.3736842105263158
2017-05-14,Bahia,Athletico-PR,6.0,2.0,H,1.0,8.0,0.9210526315789473,1.243421052631579
2017-05-16,Coritiba,Atletico GO,4.0,1.0,H,1.0,5.0,1.1,0.9736842105263158
2017-05-20,Santos,Coritiba,1.0,0.0,H,1.0,1.0,1.3769633507853403,1.1151832460732984
2017-05-20,Atletico GO,Flamengo RJ,0.0,3.0,A,2.0,3.0,0.9743589743589743,1.1832460732984293
2017-05-20,Chapecoense-SC,Palmeiras,1.0,0.0,H,1.0,1.0,,1.3006535947712419
2017-05-21,Sport Recife,Cruzeiro,1.0,1.0,D,0.0,2.0,1.1568627450980393,1.486910994764398
2017-05-21,Botafogo RJ,Ponte Preta,2.0,0.0,H,1.0,2.0,1.2352941176470589,1.091503267973856
2017-05-21,Vitoria,Corinthians,0.0,1.0,A,2.0,1.0,1.2782608695652173,1.293193717277487
2017-05-21,Athletico-PR,Gremio,0.0,2.0,A,2.0,2.0,1.2483660130718954,1.198952879581152
2017-05-21,Atletico-MG,Fluminense,1.0,2.0,A,2.0,3.0,,1.324607329842932
2017-05-21,Vasco,Bahia,2.0,1.0,H,1.0,3.0,1.0695652173913044,0.9652173913043478
2017-05-23,Sao Paulo,Avai,2.0,0.0,H,1.0,2.0,1.3298429319371727,0.9743589743589743
2017-05-27,Vasco,Fluminense,3.0,2.0,H,1.0,5.0,1.0775862068965518,1.328125
2017-05-27,Sao Paulo,Palmeiras,2.0,0.0,H,1.0,2.0,1.3333333333333333,1.2922077922077921
2017-05-28,Botafogo RJ,Bahia,1.0,0.0,H,1.0,1.0,1.2402597402597402,0.9655172413793104
2017-05-28,Sport Recife,Gremio,4.0,3.0,H,1.0,7.0,1.155844155844156,1.203125
2017-05-28,Santos,Cruzeiro,0.0,1.0,A,2.0,1.0,1.375,1.484375
2017-05-28,Athletico-PR,Flamengo RJ,1.0,1.0,D,0.0,2.0,1.2402597402597402,1.1927083333333333
2017-05-28,Atletico GO,Corinthians,0.0,1.0,A,2.0,1.0,0.95,1.2916666666666667
2017-05-28,Atletico-MG,Ponte Preta,2.0,2.0,D,0.0,4.0,,1.0844155844155845
2017-05-28,Vitoria,Coritiba,0.0,1.0,A,2.0,1.0,1.2672413793103448,1.109375
2017-05-30,Chapecoense-SC,Avai,2.0,0.0,H,1.0,2.0,,0.95
2017-06-03,Coritiba,Athletico-PR,1.0,0.0,H,1.0,1.0,1.1088082901554404,1.238709677419355
2017-06-03,Fluminense,Vitoria,2.0,1.0,H,1.0,3.0,1.3316062176165804,1.2564102564102564
2017-06-03,Corinthians,Santos,2.0,0.0,H,1.0,2.0,1.2901554404145077,1.3678756476683938
2017-06-04,Cruzeiro,Chapecoense-SC,0.0,2.0,A,2.0,2.0,1.4818652849740932,
2017-06-04,Ponte Preta,Sao Paulo,1.0,0.0,H,1.0,1.0,1.0903225806451613,1.3367875647668395
2017-06-04,Palmeiras,Atletico-MG,0.0,0.0,D,0.0,0.0,1.2838709677419355,
2017-06-04,Gremio,Vasco,2.0,0.0,H,1.0,2.0,1.2124352331606219,1.0940170940170941
2017-06-04,Flamengo RJ,Botafogo RJ,0.0,0.0,D,0.0,0.0,1.1917098445595855,1.238709677419355
2017-06-04,Avai,Sport Recife,1.0,0.0,H,1.0,1.0,0.926829268292683,1.1741935483870967
2017-06-06,Bahia,Atletico GO,3.0,0.0,H,1.0,3.0,0.9572649572649573,0.926829268292683
2017-06-07,Fluminense,Athletico-PR,1.0,1.0,D,0.0,2.0,1.3350515463917525,1.2307692307692308
2017-06-07,Atletico-MG,Avai,1.0,0.0,H,1.0,1.0,,0.9285714285714286
2017-06-07,Coritiba,Palmeiras,1.0,0.0,H,1.0,1.0,1.1082474226804124,1.2756410256410255
2017-06-08,Atletico GO,Ponte Preta,3.0,0.0,H,1.0,3.0,0.9047619047619048,1.0897435897435896
2017-06-08,Vasco,Corinthians,2.0,5.0,A,2.0,7.0,1.0847457627118644,1.2938144329896908
2017-06-08,Sao Paulo,Vitoria,2.0,0.0,H,1.0,2.0,1.3298969072164948,1.2542372881355932
2017-06-08,Santos,Botafogo RJ,1.0,0.0,H,1.0,1.0,1.3608247422680413,1.2307692307692308
2017-06-08,Sport Recife,Flamengo RJ,2.0,0.0,H,1.0,2.0,1.1666666666666667,1.1855670103092784
2017-06-09,Chapecoense-SC,Gremio,3.0,6.0,A,2.0,9.0,,1.2164948453608246
2017-06-09,Bahia,Cruzeiro,1.0,0.0,H,1.0,1.0,0.9745762711864406,1.4742268041237114
2017-06-10,Palmeiras,Fluminense,3.0,1.0,H,1.0,4.0,1.267515923566879,1.3333333333333333
2017-06-10,Vasco,Sport Recife,2.0,1.0,H,1.0,3.0,1.0924369747899159,1.1719745222929936
2017-06-11,Athletico-PR,Santos,0.0,2.0,A,2.0,2.0,1.2292993630573248,1.358974358974359
2017-06-11,Cruzeiro,Atletico GO,2.0,0.0,H,1.0,2.0,1.4666666666666666,0.9534883720930233
2017-06-11,Vitoria,Atletico-MG,2.0,0.0,H,1.0,2.0,1.2436974789915967,
2017-06-11,Ponte Preta,Chapecoense-SC,3.0,2.0,H,1.0,5.0,1.0828025477707006,
2017-06-11,Avai,Flamengo RJ,1.0,1.0,D,0.0,2.0,0.9069767441860465,1.1794871794871795
2017-06-11,Botafogo RJ,Coritiba,2.0,2.0,D,0.0,4.0,1.2229299363057324,1.1076923076923078
2017-06-11,Corinthians,Sao Paulo,3.0,2.0,H,1.0,5.0,1.3128205128205128,1.3333333333333333
2017-06-13,Gremio,Bahia,1.0,0.0,H,1.0,1.0,1.241025641025641,0.9747899159663865
2017-06-14,Atletico GO,Avai,3.0,1.0,H,1.0,4.0,0.9318181818181818,0.9090909090909091
2017-06-14,Atletico-MG,Athletico-PR,0.0,1.0,A,2.0,1.0,,1.2215189873417722
2017-06-14,Sport Recife,Sao Paulo,0.0,0.0,D,0.0,0.0,1.1708860759493671,1.336734693877551
2017-06-14,Vitoria,Botafogo RJ,2.0,2.0,D,0.0,4.0,1.25,1.2278481012658229
2017-06-15,Coritiba,Bahia,0.0,0.0,D,0.0,0.0,1.1122448979591837,0.9666666666666667
2017-06-15,Corinthians,Cruzeiro,1.0,0.0,H,1.0,1.0,1.3214285714285714,1.469387755102041
2017-06-15,Santos,Palmeiras,1.0,0.0,H,1.0,1.0,1.3622448979591837,1.2784810126582278
2017-06-15,Flamengo RJ,Ponte Preta,2.0,0.0,H,1.0,2.0,1.1785714285714286,1.0949367088607596
2017-06-15,Chapecoense-SC,Vasco,2.0,1.0,H,1.0,3.0,,1.1
2017-06-16,Fluminense,Gremio,0.0,2.0,A,2.0,2.0,1.3316326530612246,1.239795918367347
2017-06-17,Atletico GO,Athletico-PR,0.0,1.0,A,2.0,1.0,0.9777777777777777,1.220125786163522
2017-06-17,Vasco,Avai,1.0,0.0,H,1.0,1.0,1.0991735537190082,0.9111111111111111
2017-06-18,Sao Paulo,Atletico-MG,1.0,2.0,A,2.0,3.0,1.3299492385786802,
2017-06-18,Fluminense,Flamengo RJ,2.0,2.0,D,0.0,4.0,1.3248730964467006,1.1827411167512691
2017-06-18,Chapecoense-SC,Botafogo RJ,0.0,2.0,A,2.0,2.0,,1.2327044025157232
2017-06-18,Sport Recife,Vitoria,1.0,3.0,A,2.0,4.0,1.1635220125786163,1.256198347107438
2017-06-18,Coritiba,Corinthians,0.0,0.0,D,0.0,0.0,1.1065989847715736,1.3197969543147208
2017-06-18,Santos,Ponte Preta,0.0,0.0,D,0.0,0.0,1.3604060913705585,1.0880503144654088
2017-06-18,Bahia,Palmeiras,2.0,4.0,A,2.0,6.0,0.9586776859504132,1.270440251572327
2017-06-20,Cruzeiro,Gremio,3.0,3.0,D,0.0,6.0,1.4619289340101522,1.2436548223350254
2017-06-21,Vitoria,Santos,0.0,2.0,A,2.0,2.0,1.2704918032786885,1.3535353535353536
2017-06-22,Botafogo RJ,Vasco,3.0,1.0,H,1.0,4.0,1.2375,1.098360655737705
2017-06-22,Palmeiras,Atletico GO,1.0,0.0,H,1.0,1.0,1.2875,0.9565217391304348
2017-06-22,Atletico-MG,Sport Recife,2.0,2.0,D,0.0,4.0,,1.1625
2017-06-22,Athletico-PR,Sao Paulo,1.0,0.0,H,1.0,1.0,1.21875,1.3282828282828283
2017-06-22,Avai,Fluminense,0.0,3.0,A,2.0,3.0,0.8913043478260869,1.3282828282828283
2017-06-22,Corinthians,Bahia,3.0,0.0,H,1.0,3.0,1.3131313131313131,0.9672131147540983
2017-06-22,Ponte Preta,Cruzeiro,1.0,0.0,H,1.0,1.0,1.08125,1.4696969696969697
2017-06-23,Flamengo RJ,Chapecoense-SC,5.0,1.0,H,1.0,6.0,1.1868686868686869,
2017-06-23,Gremio,Coritiba,2.0,0.0,H,1.0,2.0,1.2525252525252526,1.101010101010101
2017-06-24,Santos,Sport Recife,0.0,1.0,A,2.0,1.0,1.35678391959799,1.1677018633540373
2017-06-25,Vasco,Atletico GO,1.0,0.0,H,1.0,1.0,1.0975609756097562,0.9361702127659575
2017-06-25,Athletico-PR,Vitoria,4.0,1.0,H,1.0,5.0,1.2173913043478262,1.2601626016260163
2017-06-25,Cruzeiro,Coritiba,2.0,0.0,H,1.0,2.0,1.4623115577889447,1.0954773869346734
2017-06-25,Gremio,Corinthians,0.0,1.0,A,2.0,1.0,1.256281407035176,1.321608040201005
2017-06-25,Ponte Preta,Palmeiras,1.0,2.0,A,2.0,3.0,1.0807453416149069,1.2857142857142858
2017-06-25,Sao Paulo,Fluminense,1.0,1.0,D,0.0,2.0,1.321608040201005,1.3366834170854272
2017-06-25,Bahia,Flamengo RJ,0.0,1.0,A,2.0,1.0,0.959349593495935,1.2060301507537687
2017-06-25,Chapecoense-SC,Atletico-MG,0.0,1.0,A,2.0,1.0,,
2017-06-27,Botafogo RJ,Avai,0.0,2.0,A,2.0,2.0,1.2484472049689441,0.8723404255319149
2017-07-01,Atletico GO,Santos,1.0,1.0,D,0.0,2.0,0.9166666666666666,1.35
2017-07-01,Palmeiras,Gremio,1.0,0.0,H,1.0,1.0,1.2901234567901234,1.25
2017-07-02,Atletico-MG,Cruzeiro,3.0,1.0,H,1.0,4.0,,1.465
2017-07-02,Corinthians,Botafogo RJ,1.0,0.0,H,1.0,1.0,1.32,1.2407407407407407
2017-07-02,Flamengo RJ,Sao Paulo,2.0,0.0,H,1.0,2.0,1.205,1.32
2017-07-02,Sport Recife,Athletico-PR,1.0,0.0,H,1.0,1.0,1.1666666666666667,1.2345679012345678
2017-07-02,Vitoria,Bahia,0.0,0.0,D,0.0,0.0,1.2580645161290323,0.9516129032258065
2017-07-02,Avai,Ponte Preta,0.0,0.0,D,0.0,0.0,0.8958333333333334,1.0802469135802468
2017-07-02,Coritiba,Vasco,2.0,2.0,D,0.0,4.0,1.09,1.096774193548387
2017-07-04,Fluminense,Chapecoense-SC,3.0,3.0,D,0.0,6.0,1.335,
2017-07-08,Vasco,Flamengo RJ,0.0,1.0,A,2.0,1.0,1.104,1.208955223880597
2017-07-08,Corinthians,Ponte Preta,2.0,0.0,H,1.0,2.0,1.318407960199005,1.0736196319018405
2017-07-08,Atletico GO,Vitoria,1.0,2.0,A,2.0,3.0,0.9183673469387755,1.248
2017-07-09,Chapecoense-SC,Athletico-PR,1.0,1.0,D,0.0,2.0,,1.2269938650306749
2017-07-09,Bahia,Fluminense,1.0,1.0,D,0.0,2.0,0.944,1.3432835820895523
2017-07-09,Cruzeiro,Palmeiras,3.0,1.0,H,1.0,4.0,1.462686567164179,1.2883435582822085
2017-07-09,Gremio,Avai,0.0,2.0,A,2.0,2.0,1.243781094527363,0.8775510204081632
2017-07-09,Botafogo RJ,Atletico-MG,1.0,1.0,D,0.0,2.0,1.2331288343558282,
2017-07-09,Santos,Sao Paulo,3.0,2.0,H,1.0,5.0,1.3482587064676617,1.3134328358208955
2017-07-11,Coritiba,Sport Recife,0.0,3.0,A,2.0,3.0,1.0945273631840795,1.165644171779141
2017-07-12,Ponte Preta,Bahia,0.0,3.0,A,2.0,3.0,1.0670731707317074,0.9444444444444444
2017-07-12,Atletico-MG,Santos,0.0,1.0,A,2.0,1.0,,1.3564356435643565
2017-07-13,Sport Recife,Chapecoense-SC,3.0,0.0,H,1.0,3.0,1.1768292682926829,
2017-07-13,Sao Paulo,Atletico GO,2.0,2.0,D,0.0,4.0,1.316831683168317,0.92
2017-07-13,Flamengo RJ,Gremio,0.0,1.0,A,2.0,1.0,1.2079207920792079,1.2376237623762376
2017-07-13,Athletico-PR,Cruzeiro,0.0,2.0,A,2.0,2.0,1.225609756097561,1.4702970297029703
2017-07-13,Palmeiras,Corinthians,0.0,2.0,A,2.0,2.0,1.2865853658536586,1.3217821782178218
2017-07-13,Fluminense,Botafogo RJ,0.0,1.0,A,2.0,1.0,1.3415841584158417,1.2317073170731707
2017-07-13,Vitoria,Vasco,1.0,4.0,A,2.0,5.0,1.253968253968254,1.0952380952380953
2017-07-14,Avai,Coritiba,1.0,4.0,A,2.0,5.0,0.9,1.0891089108910892
2017-07-15,Corinthians,Athletico-PR,2.0,2.0,D,0.0,4.0,1.3251231527093597,1.2181818181818183
2017-07-16,Bahia,Avai,1.0,1.0,D,0.0,2.0,0.9606299212598425,0.9019607843137255
2017-07-16,Vasco,Santos,0.0,0.0,D,0.0,0.0,1.1181102362204725,1.354679802955665
2017-07-16,Coritiba,Fluminense,1.0,2.0,A,2.0,3.0,1.103448275862069,1.3349753694581281
2017-07-16,Gremio,Ponte Preta,3.0,1.0,H,1.0,4.0,1.2364532019704433,1.0606060606060606
2017-07-16,Atletico GO,Atletico-MG,1.0,2.0,A,2.0,3.0,0.9411764705882353,
2017-07-16,Chapecoense-SC,Sao Paulo,2.0,0.0,H,1.0,2.0,,1.3201970443349753
2017-07-16,Palmeiras,Vitoria,4.0,2.0,H,1.0,6.0,1.2787878787878788,1.2519685039370079
2017-07-16,Cruzeiro,Flamengo RJ,1.0,1.0,D,0.0,2.0,1.4729064039408868,1.2019704433497538
2017-07-18,Botafogo RJ,Sport Recife,2.0,1.0,H,1.0,3.0,1.2303030303030302,1.187878787878788
2017-07-19,Santos,Chapecoense-SC,1.0,0.0,H,1.0,1.0,1.3480392156862746,
2017-07-19,Vitoria,Gremio,1.0,3.0,A,2.0,4.0,1.2578125,1.2450980392156863
2017-07-20,Avai,Corinthians,0.0,0.0,D,0.0,0.0,0.9038461538461539,1.3284313725490196
2017-07-20,Ponte Preta,Coritiba,4.0,0.0,H,1.0,4.0,1.0602409638554218,1.1029411764705883
2017-07-20,Atletico-MG,Bahia,0.0,2.0,A,2.0,2.0,,0.9609375
2017-07-20,Sao Paulo,Vasco,1.0,0.0,H,1.0,1.0,1.3137254901960784,1.109375
2017-07-20,Fluminense,Cruzeiro,1.0,1.0,D,0.0,2.0,1.338235294117647,1.4705882352941178
2017-07-20,Flamengo RJ,Palmeiras,2.0,2.0,D,0.0,4.0,1.2009803921568627,1.2951807228915662
2017-07-21,Sport Recife,Atletico GO,4.0,0.0,H,1.0,4.0,1.1867469879518073,0.9423076923076923
2017-07-21,Athletico-PR,Botafogo RJ,0.0,0.0,D,0.0,0.0,1.2228915662650603,1.2349397590361446
2017-07-22,Vitoria,Chapecoense-SC,1.0,2.0,A,2.0,3.0,1.255813953488372,
2017-07-22,Flamengo RJ,Coritiba,2.0,1.0,H,1.0,3.0,1.2048780487804878,1.0975609756097562
2017-07-23,Atletico GO,Botafogo RJ,1.0,1.0,D,0.0,2.0,0.9245283018867925,1.2275449101796407
2017-07-23,Atletico-MG,Vasco,1.0,2.0,A,2.0,3.0,,1.1007751937984496
2017-07-23,Athletico-PR,Ponte Preta,0.0,2.0,A,2.0,2.0,1.215568862275449,1.0778443113772456
2017-07-23,Fluminense,Corinthians,0.0,1.0,A,2.0,1.0,1.3365853658536586,1.3219512195121952
2017-07-23,Avai,Cruzeiro,1.0,0.0,H,1.0,1.0,0.8867924528301887,1.4682926829268292
2017-07-23,Santos,Bahia,3.0,0.0,H,1.0,3.0,1.3463414634146342,0.9689922480620154
2017-07-23,Sport Recife,Palmeiras,0.0,2.0,A,2.0,2.0,1.2035928143712575,1.2994011976047903
2017-07-25,Sao Paulo,Gremio,1.0,1.0,D,0.0,2.0,1.3121951219512196,1.2536585365853659
2017-07-29,Botafogo RJ,Sao Paulo,3.0,4.0,A,2.0,7.0,1.2261904761904763,1.3106796116504855
2017-07-29,Palmeiras,Avai,2.0,0.0,H,1.0,2.0,1.3035714285714286,0.8888888888888888
2017-07-30,Gremio,Santos,1.0,1.0,D,0.0,2.0,1.2524271844660195,1.354368932038835
2017-07-30,Cruzeiro,Vitoria,0.0,0.0,D,0.0,0.0,1.4611650485436893,1.2538461538461538
2017-07-30,Coritiba,Atletico-MG,0.0,2.0,A,2.0,2.0,1.0970873786407767,
2017-07-30,Corinthians,Flamengo RJ,1.0,1.0,D,0.0,2.0,1.3203883495145632,1.2087378640776698
2017-07-30,Chapecoense-SC,Atletico GO,1.0,2.0,A,2.0,3.0,,0.9259259259259259
2017-07-30,Bahia,Sport Recife,1.0,3.0,A,2.0,4.0,0.9615384615384616,1.1964285714285714
2017-08-01,Vasco,Athletico-PR,0.0,1.0,A,2.0,1.0,1.1076923076923078,1.2083333333333333
2017-08-02,Chapecoense-SC,Bahia,1.0,1.0,D,0.0,2.0,,0.9618320610687023
2017-08-02,Sport Recife,Fluminense,2.0,2.0,D,0.0,4.0,1.2071005917159763,1.3300970873786409
2017-08-03,Athletico-PR,Avai,5.0,0.0,H,1.0,5.0,1.2071005917159763,0.8727272727272727
2017-08-03,Sao Paulo,Coritiba,1.0,2.0,A,2.0,3.0,1.3236714975845412,1.0917874396135265
2017-08-03,Santos,Flamengo RJ,3.0,2.0,H,1.0,5.0,1.3526570048309179,1.2077294685990339
2017-08-03,Vitoria,Ponte Preta,3.0,1.0,H,1.0,4.0,1.2442748091603053,1.0833333333333333
2017-08-03,Atletico GO,Gremio,0.0,1.0,A,2.0,1.0,0.9454545454545454,1.251207729468599
2017-08-03,Atletico-MG,Corinthians,0.0,2.0,A,2.0,2.0,,1.318840579710145
2017-08-03,Botafogo RJ,Palmeiras,1.0,2.0,A,2.0,3.0,1.2366863905325445,1.3076923076923077
2017-08-04,Vasco,Cruzeiro,0.0,3.0,A,2.0,3.0,1.099236641221374,1.4541062801932367
2017-08-05,Corinthians,Sport Recife,3.0,1.0,H,1.0,4.0,1.3221153846153846,1.2117647058823529
2017-08-05,Fluminense,Atletico GO,3.0,1.0,H,1.0,4.0,1.3333333333333333,0.9285714285714286
2017-08-06,Flamengo RJ,Vitoria,0.0,2.0,A,2.0,2.0,1.2115384615384615,1.2575757575757576
2017-08-06,Bahia,Sao Paulo,2.0,1.0,H,1.0,3.0,0.9621212121212122,1.3221153846153846
2017-08-06,Coritiba,Chapecoense-SC,2.0,0.0,H,1.0,2.0,1.0961538461538463,
2017-08-06,Cruzeiro,Botafogo RJ,0.0,0.0,D,0.0,0.0,1.4615384615384615,1.2352941176470589
2017-08-06,Gremio,Atletico-MG,2.0,0.0,H,1.0,2.0,1.25,
2017-08-06,Palmeiras,Athletico-PR,0.0,1.0,A,2.0,1.0,1.311764705882353,1.2294117647058824
2017-08-06,Avai,Santos,0.0,0.0,D,0.0,0.0,0.8571428571428571,1.3605769230769231
2017-08-06,Ponte Preta,Vasco,0.0,0.0,D,0.0,0.0,1.0828402366863905,1.0909090909090908
2017-08-10,Ponte Preta,Fluminense,0.0,0.0,D,0.0,0.0,1.076470588235294,1.3413461538461537
2017-08-12,Atletico GO,Coritiba,1.0,0.0,H,1.0,1.0,0.9298245614035088,1.1004784688995215
2017-08-12,Vitoria,Avai,0.0,1.0,A,2.0,1.0,1.263157894736842,0.8421052631578947
2017-08-13,Botafogo RJ,Gremio,1.0,0.0,H,1.0,1.0,1.2280701754385965,1.2535885167464116
2017-08-13,Vasco,Palmeiras,1.0,1.0,D,0.0,2.0,1.0827067669172932,1.304093567251462
2017-08-13,Athletico-PR,Bahia,4.0,1.0,H,1.0,5.0,1.2280701754385965,0.9699248120300752
2017-08-13,Atletico-MG,Flamengo RJ,2.0,0.0,H,1.0,2.0,,1.2057416267942584
2017-08-13,Sao Paulo,Cruzeiro,3.0,2.0,H,1.0,5.0,1.3205741626794258,1.4545454545454546
2017-08-13,Sport Recife,Ponte Preta,0.0,0.0,D,0.0,0.0,1.2105263157894737,1.0701754385964912
2017-08-15,Santos,Fluminense,0.0,0.0,D,0.0,0.0,1.354066985645933,1.3349282296650717
2017-08-19,Corinthians,Vitoria,0.0,1.0,A,2.0,1.0,1.3301435406698565,1.2537313432835822
2017-08-19,Flamengo RJ,Atletico GO,2.0,0.0,H,1.0,2.0,1.2,0.9310344827586207
2017-08-20,Palmeiras,Chapecoense-SC,0.0,2.0,A,2.0,2.0,1.302325581395349,
2017-08-20,Ponte Preta,Botafogo RJ,2.0,1.0,H,1.0,3.0,1.063953488372093,1.2267441860465116
2017-08-20,Coritiba,Santos,0.0,0.0,D,0.0,0.0,1.0952380952380953,1.3476190476190477
2017-08-20,Avai,Sao Paulo,1.0,1.0,D,0.0,2.0,0.8448275862068966,1.3285714285714285
2017-08-20,Gremio,Athletico-PR,0.0,0.0,D,0.0,0.0,1.2476190476190476,1.244186046511628
2017-08-20,Bahia,Vasco,3.0,0.0,H,1.0,3.0,0.9701492537313433,1.0820895522388059
2017-08-20,Cruzeiro,Sport Recife,2.0,0.0,H,1.0,2.0,1.457142857142857,1.2034883720930232
2017-08-22,Fluminense,Atletico-MG,2.0,1.0,H,1.0,3.0,1.3285714285714285,
2017-08-23,Chapecoense-SC,Corinthians,0.0,1.0,A,2.0,1.0,,1.3238095238095238
2017-08-26,Fluminense,Vasco,0.0,1.0,A,2.0,1.0,1.3317535545023698,1.0740740740740742
2017-08-26,Corinthians,Atletico GO,0.0,1.0,A,2.0,1.0,1.3222748815165877,0.9152542372881356
2017-08-27,Ponte Preta,Atletico-MG,1.0,2.0,A,2.0,3.0,1.069364161849711,
2017-08-27,Cruzeiro,Santos,1.0,1.0,D,0.0,2.0,1.4597156398104265,1.3412322274881516
2017-08-27,Avai,Chapecoense-SC,1.0,0.0,H,1.0,1.0,0.847457627118644,
2017-08-27,Palmeiras,Sao Paulo,4.0,2.0,H,1.0,6.0,1.2947976878612717,1.3270142180094786
2017-08-27,Bahia,Botafogo RJ,1.0,2.0,A,2.0,3.0,0.9851851851851852,1.2254335260115607
2017-08-27,Flamengo RJ,Athletico-PR,2.0,0.0,H,1.0,2.0,1.2037914691943128,1.2369942196531791
2017-08-29,Coritiba,Vitoria,0.0,1.0,A,2.0,1.0,1.0900473933649288,1.2518518518518518
2017-09-02,Gremio,Sport Recife,5.0,0.0,H,1.0,5.0,1.2417061611374407,1.1965317919075145
2017-09-09,Atletico-MG,Palmeiras,1.0,1.0,D,0.0,2.0,,1.3103448275862069
2017-09-09,Vasco,Gremio,1.0,0.0,H,1.0,1.0,1.0735294117647058,1.259433962264151
2017-09-09,Sao Paulo,Ponte Preta,2.0,2.0,D,0.0,4.0,1.330188679245283,1.0689655172413792
2017-09-10,Athletico-PR,Coritiba,1.0,1.0,D,0.0,2.0,1.2298850574712643,1.0849056603773586
2017-09-10,Sport Recife,Avai,0.0,1.0,A,2.0,1.0,1.1896551724137931,0.85
2017-09-10,Vitoria,Fluminense,2.0,2.0,D,0.0,4.0,1.25,1.3254716981132075
2017-09-10,Botafogo RJ,Flamengo RJ,2.0,0.0,H,1.0,2.0,1.2298850574712643,1.2075471698113207
2017-09-10,Chapecoense-SC,Cruzeiro,1.0,2.0,A,2.0,3.0,,1.4575471698113207
2017-09-10,Santos,Corinthians,2.0,0.0,H,1.0,2.0,1.3396226415094339,1.3160377358490567
2017-09-12,Atletico GO,Bahia,1.0,1.0,D,0.0,2.0,0.9166666666666666,0.9852941176470589
2017-09-16,Botafogo RJ,Santos,2.0,0.0,H,1.0,2.0,1.2342857142857142,1.3427230046948357
2017-09-17,Gremio,Chapecoense-SC,0.0,1.0,A,2.0,1.0,1.2535211267605635,
2017-09-17,Vitoria,Sao Paulo,1.0,2.0,A,2.0,3.0,1.2554744525547445,1.3333333333333333
2017-09-17,Cruzeiro,Bahia,1.0,0.0,H,1.0,1.0,1.460093896713615,0.9854014598540146
2017-09-17,Flamengo RJ,Sport Recife,2.0,0.0,H,1.0,2.0,1.2018779342723005,1.1828571428571428
2017-09-17,Athletico-PR,Fluminense,3.0,1.0,H,1.0,4.0,1.2285714285714286,1.3286384976525822
2017-09-17,Avai,Atletico-MG,1.0,1.0,D,0.0,2.0,0.8524590163934426,
2017-09-17,Ponte Preta,Atletico GO,1.0,3.0,A,2.0,4.0,1.0742857142857143,0.9180327868852459
2017-09-17,Corinthians,Vasco,1.0,0.0,H,1.0,1.0,1.3098591549295775,1.072992700729927
2017-09-19,Palmeiras,Coritiba,1.0,0.0,H,1.0,1.0,1.3085714285714285,1.0845070422535212
2017-09-23,Flamengo RJ,Avai,1.0,1.0,D,0.0,2.0,1.205607476635514,0.8548387096774194
2017-09-24,Bahia,Gremio,1.0,0.0,H,1.0,1.0,0.9782608695652174,1.2476635514018692
2017-09-24,Atletico-MG,Vitoria,1.0,3.0,A,2.0,4.0,,1.2536231884057971
2017-09-24,Fluminense,Palmeiras,0.0,1.0,A,2.0,1.0,1.3271028037383177,1.3068181818181819
2017-09-24,Coritiba,Botafogo RJ,2.0,3.0,A,2.0,5.0,1.0794392523364487,1.2386363636363635
2017-09-24,Chapecoense-SC,Ponte Preta,1.0,0.0,H,1.0,1.0,,1.0738636363636365
2017-09-24,Sao Paulo,Corinthians,1.0,1.0,D,0.0,2.0,1.3364485981308412,1.308411214953271
2017-09-24,Santos,Athletico-PR,1.0,0.0,H,1.0,1.0,1.3364485981308412,1.2386363636363635
2017-09-24,Atletico GO,Cruzeiro,1.0,2.0,A,2.0,3.0,0.9516129032258065,1.4579439252336448
2017-09-26,Sport Recife,Vasco,1.0,1.0,D,0.0,2.0,1.1761363636363635,1.065217391304348
2017-09-30,Bahia,Coritiba,1.0,1.0,D,0.0,2.0,0.9784172661870504,1.083720930232558
2017-09-30,Vasco,Chapecoense-SC,1.0,1.0,D,0.0,2.0,1.064748201438849,
2017-09-30,Palmeiras,Santos,0.0,1.0,A,2.0,1.0,1.305084745762712,1.3348837209302327
2017-10-01,Athletico-PR,Atletico-MG,0.0,2.0,A,2.0,2.0,1.231638418079096,
2017-10-01,Sao Paulo,Sport Recife,1.0,0.0,H,1.0,1.0,1.3348837209302327,1.1751412429378532
2017-10-01,Gremio,Fluminense,1.0,0.0,H,1.0,1.0,1.241860465116279,1.3209302325581396
2017-10-01,Cruzeiro,Corinthians,1.0,1.0,D,0.0,2.0,1.4604651162790698,1.3069767441860465
2017-10-01,Botafogo RJ,Vitoria,2.0,3.0,A,2.0,5.0,1.2485875706214689,1.2661870503597121
2017-10-01,Avai,Atletico GO,0.0,2.0,A,2.0,2.0,0.8571428571428571,0.9523809523809523
2017-10-03,Ponte Preta,Flamengo RJ,1.0,0.0,H,1.0,1.0,1.0677966101694916,1.2046511627906977
2017-10-07,Cruzeiro,Ponte Preta,2.0,1.0,H,1.0,3.0,1.4583333333333333,1.0674157303370786
2017-10-11,Athletico-PR,Atletico GO,2.0,2.0,D,0.0,4.0,1.2247191011235956,0.96875
2017-10-11,Botafogo RJ,Chapecoense-SC,2.0,1.0,H,1.0,3.0,1.252808988764045,
2017-10-12,Vitoria,Sport Recife,1.0,2.0,A,2.0,3.0,1.2785714285714285,1.1685393258426966
2017-10-12,Ponte Preta,Santos,1.0,1.0,D,0.0,2.0,1.0670391061452513,1.3333333333333333
2017-10-12,Flamengo RJ,Fluminense,1.0,1.0,D,0.0,2.0,1.1990740740740742,1.3148148148148149
2017-10-12,Avai,Vasco,1.0,2.0,A,2.0,3.0,0.84375,1.0642857142857143
2017-10-12,Atletico-MG,Sao Paulo,1.0,0.0,H,1.0,1.0,,1.3333333333333333
2017-10-12,Corinthians,Coritiba,3.0,1.0,H,1.0,4.0,1.3055555555555556,1.0833333333333333
2017-10-12,Gremio,Cruzeiro,0.0,1.0,A,2.0,1.0,1.2407407407407407,1.4608294930875576
2017-10-13,Palmeiras,Bahia,2.0,2.0,D,0.0,4.0,1.297752808988764,0.9785714285714285
2017-10-14,Vasco,Botafogo RJ,1.0,0.0,H,1.0,1.0,1.070921985815603,1.2569832402234637
2017-10-15,Sport Recife,Atletico-MG,1.0,1.0,D,0.0,2.0,1.1731843575418994,
2017-10-15,Coritiba,Gremio,0.0,1.0,A,2.0,1.0,1.0829493087557605,1.2350230414746544
2017-10-15,Bahia,Corinthians,2.0,0.0,H,1.0,2.0,0.9858156028368794,1.3133640552995391
2017-10-15,Fluminense,Avai,1.0,0.0,H,1.0,1.0,1.3133640552995391,0.8461538461538461
2017-10-15,Atletico GO,Palmeiras,1.0,3.0,A,2.0,4.0,0.9846153846153847,1.3016759776536313
2017-10-15,Sao Paulo,Athletico-PR,2.0,1.0,H,1.0,3.0,1.327188940092166,1.229050279329609
2017-10-15,Chapecoense-SC,Flamengo RJ,0.0,1.0,A,2.0,1.0,,1.1981566820276497
2017-10-16,Santos,Vitoria,2.0,2.0,D,0.0,4.0,1.3317972350230414,1.2765957446808511
2017-10-18,Atletico GO,Vasco,0.0,1.0,A,2.0,1.0,0.9848484848484849,1.0704225352112675
2017-10-18,Coritiba,Cruzeiro,1.0,0.0,H,1.0,1.0,1.0779816513761469,1.4587155963302751
2017-10-19,Atletico-MG,Chapecoense-SC,2.0,3.0,A,2.0,5.0,,
2017-10-19,Avai,Botafogo RJ,1.0,1.0,D,0.0,2.0,0.8333333333333334,1.25
2017-10-19,Corinthians,Gremio,0.0,0.0,D,0.0,0.0,1.3073394495412844,1.2339449541284404
2017-10-19,Fluminense,Sao Paulo,3.0,1.0,H,1.0,4.0,1.311926605504587,1.3302752293577982
2017-10-19,Palmeiras,Ponte Preta,2.0,0.0,H,1.0,2.0,1.3111111111111111,1.0666666666666667
2017-10-19,Vitoria,Athletico-PR,2.0,3.0,A,2.0,5.0,1.2816901408450705,1.2277777777777779
2017-10-20,Sport Recife,Santos,1.0,1.0,D,0.0,2.0,1.1722222222222223,1.334862385321101
2017-10-20,Flamengo RJ,Bahia,4.0,1.0,H,1.0,5.0,1.1972477064220184,0.9929577464788732
2017-10-21,Vasco,Coritiba,1.0,1.0,D,0.0,2.0,1.06993006993007,1.0776255707762556
2017-10-22,Chapecoense-SC,Fluminense,2.0,0.0,H,1.0,2.0,,1.3196347031963471
2017-10-22,Sao Paulo,Flamengo RJ,2.0,0.0,H,1.0,2.0,1.3287671232876712,1.2100456621004567
2017-10-22,Ponte Preta,Avai,1.0,2.0,A,2.0,3.0,1.0607734806629834,0.835820895522388
2017-10-22,Santos,Atletico GO,1.0,0.0,H,1.0,1.0,1.3333333333333333,0.9701492537313433
2017-10-22,Gremio,Palmeiras,1.0,3.0,A,2.0,4.0,1.2283105022831051,1.3149171270718232
2017-10-22,Cruzeiro,Atletico-MG,1.0,3.0,A,2.0,4.0,1.452054794520548,
2017-10-22,Bahia,Vitoria,2.0,1.0,H,1.0,3.0,0.993006993006993,1.2867132867132867
2017-10-22,Athletico-PR,Sport Recife,2.0,1.0,H,1.0,3.0,1.2375690607734806,1.171270718232044
2017-10-23,Botafogo RJ,Corinthians,2.0,1.0,H,1.0,3.0,1.2486187845303867,1.3013698630136987
2017-10-28,Sao Paulo,Santos,2.0,1.0,H,1.0,3.0,1.3318181818181818,1.3318181818181818
2017-10-28,Flamengo RJ,Vasco,0.0,0.0,D,0.0,0.0,1.2045454545454546,1.0694444444444444
2017-10-29,Avai,Gremio,2.0,2.0,D,0.0,4.0,0.8529411764705882,1.2272727272727273
2017-10-29,Vitoria,Atletico GO,1.0,1.0,D,0.0,2.0,1.2847222222222223,0.9558823529411765
2017-10-29,Ponte Preta,Corinthians,1.0,0.0,H,1.0,1.0,1.0604395604395604,1.3
2017-10-29,Sport Recife,Coritiba,3.0,4.0,A,2.0,7.0,1.1703296703296704,1.0772727272727274
2017-10-29,Atletico-MG,Botafogo RJ,0.0,0.0,D,0.0,0.0,,1.2527472527472527
2017-10-29,Athletico-PR,Chapecoense-SC,0.0,0.0,D,0.0,0.0,1.2417582417582418,
2017-10-29,Fluminense,Bahia,1.0,1.0,D,0.0,2.0,1.3136363636363637,1.0
2017-10-30,Palmeiras,Cruzeiro,2.0,2.0,D,0.0,4.0,1.3241758241758241,1.45
2017-11-04,Santos,Atletico-MG,3.0,1.0,H,1.0,4.0,1.330316742081448,
2017-11-04,Atletico GO,Sao Paulo,0.0,1.0,A,2.0,1.0,0.9565217391304348,1.334841628959276
2017-11-04,Botafogo RJ,Fluminense,1.0,2.0,A,2.0,3.0,1.2459016393442623,1.3122171945701357
2017-11-04,Coritiba,Avai,4.0,0.0,H,1.0,4.0,1.090497737556561,0.8695652173913043
2017-11-05,Chapecoense-SC,Sport Recife,1.0,1.0,D,0.0,2.0,,1.180327868852459
2017-11-05,Vasco,Vitoria,1.0,1.0,D,0.0,2.0,1.0620689655172413,1.282758620689655
2017-11-05,Bahia,Ponte Preta,2.0,0.0,H,1.0,2.0,1.0,1.0601092896174864
2017-11-05,Corinthians,Palmeiras,3.0,2.0,H,1.0,5.0,1.2941176470588236,1.3278688524590163
2017-11-05,Cruzeiro,Athletico-PR,1.0,0.0,H,1.0,1.0,1.4524886877828054,1.2349726775956285
2017-11-05,Gremio,Flamengo RJ,3.0,1.0,H,1.0,4.0,1.2307692307692308,1.1990950226244343
2017-11-08,Avai,Bahia,1.0,2.0,A,2.0,3.0,0.8571428571428571,1.0068493150684932
2017-11-08,Ponte Preta,Gremio,0.0,1.0,A,2.0,1.0,1.0543478260869565,1.2387387387387387
2017-11-08,Athletico-PR,Corinthians,0.0,1.0,A,2.0,1.0,1.2282608695652173,1.3018018018018018
2017-11-08,Sport Recife,Botafogo RJ,1.0,2.0,A,2.0,3.0,1.1793478260869565,1.2445652173913044
2017-11-08,Flamengo RJ,Cruzeiro,2.0,0.0,H,1.0,2.0,1.1981981981981982,1.4504504504504505
2017-11-08,Santos,Vasco,1.0,2.0,A,2.0,3.0,1.337837837837838,1.0616438356164384
2017-11-08,Vitoria,Palmeiras,3.0,1.0,H,1.0,4.0,1.2808219178082192,1.3315217391304348
2017-11-09,Atletico-MG,Atletico GO,3.0,2.0,H,1.0,5.0,,0.9428571428571428
2017-11-09,Sao Paulo,Chapecoense-SC,2.0,2.0,D,0.0,4.0,1.3333333333333333,
2017-11-09,Fluminense,Coritiba,2.0,2.0,D,0.0,4.0,1.3153153153153154,1.1036036036036037
2017-11-11,Botafogo RJ,Athletico-PR,0.0,1.0,A,2.0,1.0,1.2486486486486486,1.2216216216216216
2017-11-11,Corinthians,Avai,1.0,0.0,H,1.0,1.0,1.3004484304932735,0.8591549295774648
2017-11-12,Bahia,Atletico-MG,2.0,2.0,D,0.0,4.0,1.0136054421768708,
2017-11-12,Vasco,Sao Paulo,1.0,1.0,D,0.0,2.0,1.0680272108843538,1.336322869955157
2017-11-12,Coritiba,Ponte Preta,1.0,1.0,D,0.0,2.0,1.1076233183856503,1.0486486486486486
2017-11-12,Gremio,Vitoria,1.0,1.0,D,0.0,2.0,1.2376681614349776,1.2925170068027212
2017-11-12,Atletico GO,Sport Recife,2.0,0.0,H,1.0,2.0,0.9577464788732394,1.1783783783783783
2017-11-12,Palmeiras,Flamengo RJ,2.0,0.0,H,1.0,2.0,1.3297297297297297,1.201793721973094
2017-11-12,Cruzeiro,Fluminense,3.0,1.0,H,1.0,4.0,1.4439461883408071,1.3183856502242153
2017-11-13,Chapecoense-SC,Santos,2.0,0.0,H,1.0,2.0,,1.336322869955157
2017-11-15,Ponte Preta,Athletico-PR,2.0,1.0,H,1.0,3.0,1.0483870967741935,1.2204301075268817
2017-11-15,Cruzeiro,Avai,2.0,2.0,D,0.0,4.0,1.4508928571428572,0.8472222222222222
2017-11-15,Gremio,Sao Paulo,1.0,0.0,H,1.0,1.0,1.2366071428571428,1.3348214285714286
2017-11-15,Corinthians,Fluminense,3.0,1.0,H,1.0,4.0,1.2991071428571428,1.3169642857142858
2017-11-15,Vasco,Atletico-MG,1.0,1.0,D,0.0,2.0,1.0675675675675675,
2017-11-16,Botafogo RJ,Atletico GO,1.0,2.0,A,2.0,3.0,1.2419354838709677,0.9722222222222222
2017-11-16,Chapecoense-SC,Vitoria,2.0,1.0,H,1.0,3.0,,1.2905405405405406
2017-11-16,Palmeiras,Sport Recife,5.0,1.0,H,1.0,6.0,1.3333333333333333,1.1720430107526882
2017-11-16,Bahia,Santos,3.0,1.0,H,1.0,4.0,1.0202702702702702,1.3303571428571428
2017-11-16,Coritiba,Flamengo RJ,1.0,0.0,H,1.0,1.0,1.1071428571428572,1.1964285714285714
2017-11-19,Santos,Gremio,1.0,0.0,H,1.0,1.0,1.3288888888888888,1.2355555555555555
2017-11-19,Atletico-MG,Coritiba,3.0,0.0,H,1.0,3.0,,1.1066666666666667
2017-11-19,Vitoria,Cruzeiro,1.0,1.0,D,0.0,2.0,1.2885906040268456,1.4533333333333334
2017-11-19,Athletico-PR,Vasco,3.0,1.0,H,1.0,4.0,1.2192513368983957,1.0671140939597314
2017-11-19,Sao Paulo,Botafogo RJ,0.0,0.0,D,0.0,0.0,1.3288888888888888,1.2406417112299466
2017-11-19,Flamengo RJ,Corinthians,3.0,0.0,H,1.0,3.0,1.191111111111111,1.3066666666666666
2017-11-19,Atletico GO,Chapecoense-SC,1.0,1.0,D,0.0,2.0,0.9863013698630136,
2017-11-19,Sport Recife,Bahia,1.0,0.0,H,1.0,1.0,1.1711229946524064,1.0335570469798658
2017-11-20,Fluminense,Ponte Preta,2.0,0.0,H,1.0,2.0,1.3155555555555556,1.053475935828877
2017-11-20,Avai,Palmeiras,2.0,1.0,H,1.0,3.0,0.863013698630137,1.3529411764705883
2017-11-25,Fluminense,Sport Recife,1.0,2.0,A,2.0,3.0,1.3185840707964602,1.1702127659574468
2017-11-26,Flamengo RJ,Santos,1.0,2.0,A,2.0,3.0,1.1991150442477876,1.3274336283185841
2017-11-26,Bahia,Chapecoense-SC,0.0,1.0,A,2.0,1.0,1.0266666666666666,
2017-11-26,Ponte Preta,Vitoria,2.0,3.0,A,2.0,5.0,1.047872340425532,1.2866666666666666
2017-11-26,Gremio,Atletico GO,1.0,1.0,D,0.0,2.0,1.2300884955752212,0.9864864864864865
2017-11-26,Coritiba,Sao Paulo,1.0,2.0,A,2.0,3.0,1.1017699115044248,1.323008849557522
2017-11-26,Corinthians,Atletico-MG,2.0,2.0,D,0.0,4.0,1.3008849557522124,
2017-11-26,Avai,Athletico-PR,1.0,0.0,H,1.0,1.0,0.8783783783783784,1.2287234042553192
2017-11-26,Cruzeiro,Vasco,0.0,1.0,A,2.0,1.0,1.4513274336283186,1.0666666666666667
2017-11-27,Palmeiras,Botafogo RJ,2.0,0.0,H,1.0,2.0,1.351063829787234,1.2340425531914894
2017-12-03,Sao Paulo,Bahia,1.0,1.0,D,0.0,2.0,1.3259911894273129,1.0198675496688743
2017-12-03,Vasco,Ponte Preta,2.0,1.0,H,1.0,3.0,1.0662251655629138,1.052910052910053
2017-12-03,Sport Recife,Corinthians,1.0,0.0,H,1.0,1.0,1.1746031746031746,1.303964757709251
2017-12-03,Santos,Avai,1.0,1.0,D,0.0,2.0,1.330396475770925,0.88
2017-12-03,Vitoria,Flamengo RJ,1.0,2.0,A,2.0,3.0,1.2980132450331126,1.198237885462555
2017-12-03,Botafogo RJ,Cruzeiro,2.0,2.0,D,0.0,4.0,1.2275132275132274,1.4449339207048457
2017-12-03,Athletico-PR,Palmeiras,3.0,0.0,H,1.0,3.0,1.2222222222222223,1.3544973544973544
2017-12-03,Atletico-MG,Gremio,4.0,3.0,H,1.0,7.0,,1.2290748898678414
2017-12-03,Atletico GO,Fluminense,1.0,1.0,D,0.0,2.0,0.9866666666666667,1.3171806167400881
2017-12-03,Chapecoense-SC,Coritiba,2.0,1.0,H,1.0,3.0,,1.1013215859030836
2018-04-14,Cruzeiro,Gremio,0.0,1.0,A,2.0,1.0,1.4473684210526316,1.236842105263158
2018-04-14,Vitoria,Flamengo RJ,2.0,2.0,D,0.0,4.0,1.2960526315789473,1.2017543859649122
2018-04-15,Athletico-PR,Chapecoense-SC,5.0,1.0,H,1.0,6.0,1.231578947368421,
2018-04-15,Vasco,Atletico-MG,2.0,1.0,H,1.0,3.0,1.0723684210526316,
2018-04-15,Internacional,Bahia,2.0,0.0,H,1.0,2.0,1.168421052631579,1.019736842105263
2018-04-15,Corinthians,Fluminense,2.0,1.0,H,1.0,3.0,1.2982456140350878,1.3157894736842106
2018-04-15,America MG,Sport Recife,3.0,0.0,H,1.0,3.0,0.6052631578947368,1.1736842105263159
2018-04-15,Santos,Ceara,2.0,0.0,H,1.0,2.0,1.3289473684210527,1.0
2018-04-17,Botafogo RJ,Palmeiras,1.0,1.0,D,0.0,2.0,1.231578947368421,1.3473684210526315
2018-04-17,Sao Paulo,Parana,1.0,0.0,H,1.0,1.0,1.3245614035087718,1.0
2018-04-21,Bahia,Santos,1.0,0.0,H,1.0,1.0,1.0130718954248366,1.331877729257642
2018-04-21,Flamengo RJ,America MG,2.0,0.0,H,1.0,2.0,1.205240174672489,0.6666666666666666
2018-04-22,Gremio,Athletico-PR,0.0,0.0,D,0.0,0.0,1.2358078602620088,1.2513089005235603
2018-04-22,Fluminense,Cruzeiro,1.0,0.0,H,1.0,1.0,1.314410480349345,1.4410480349344978
2018-04-22,Chapecoense-SC,Vasco,1.0,1.0,D,0.0,2.0,,1.0784313725490196
2018-04-22,Palmeiras,Internacional,1.0,0.0,H,1.0,1.0,1.3455497382198953,1.1727748691099475
2018-04-22,Atletico-MG,Vitoria,2.0,1.0,H,1.0,3.0,,1.3006535947712419
2018-04-22,Parana,Corinthians,0.0,4.0,A,2.0,4.0,0.0,1.3013100436681222
2018-04-22,Ceara,Sao Paulo,0.0,0.0,D,0.0,0.0,0.0,1.3231441048034935
2018-04-24,Sport Recife,Botafogo RJ,1.0,1.0,D,0.0,2.0,1.1675392670157068,1.2303664921465969
2018-04-28,Botafogo RJ,Gremio,2.0,1.0,H,1.0,3.0,1.2291666666666667,1.2304347826086957
2018-04-29,Parana,Sport Recife,1.0,2.0,A,2.0,3.0,0.0,1.1666666666666667
2018-04-29,Palmeiras,Chapecoense-SC,0.0,0.0,D,0.0,0.0,1.34375,
2018-04-29,Fluminense,Sao Paulo,1.0,1.0,D,0.0,2.0,1.3130434782608695,1.317391304347826
2018-04-29,Internacional,Cruzeiro,0.0,0.0,D,0.0,0.0,1.1666666666666667,1.434782608695652
2018-04-29,Bahia,Athletico-PR,0.0,0.0,D,0.0,0.0,1.0129870129870129,1.2447916666666667
2018-04-29,Atletico-MG,Corinthians,1.0,0.0,H,1.0,1.0,,1.3130434782608695
2018-04-29,Ceara,Flamengo RJ,0.0,3.0,A,2.0,3.0,0.0,1.208695652173913
2018-05-01,America MG,Vitoria,2.0,1.0,H,1.0,3.0,0.65,1.2987012987012987
2018-05-05,Sao Paulo,Atletico-MG,2.0,2.0,D,0.0,4.0,1.316017316017316,
2018-05-05,Vasco,America MG,4.0,1.0,H,1.0,5.0,1.077922077922078,0.6829268292682927
2018-05-06,Corinthians,Ceara,1.0,1.0,D,0.0,2.0,1.3073593073593073,0.0
2018-05-06,Athletico-PR,Palmeiras,1.0,3.0,A,2.0,4.0,1.238341968911917,1.3367875647668395
2018-05-06,Cruzeiro,Botafogo RJ,1.0,0.0,H,1.0,1.0,1.4285714285714286,1.233160621761658
2018-05-06,Flamengo RJ,Internacional,2.0,0.0,H,1.0,2.0,1.2164502164502164,1.160621761658031
2018-05-06,Vitoria,Fluminense,1.0,2.0,A,2.0,3.0,1.2967741935483872,1.3116883116883118
2018-05-06,Gremio,Santos,5.0,1.0,H,1.0,6.0,1.2294372294372293,1.326086956521739
2018-05-06,Sport Recife,Bahia,2.0,0.0,H,1.0,2.0,1.1709844559585492,1.0064516129032257
2018-05-08,Chapecoense-SC,Parana,1.0,1.0,D,0.0,2.0,,0.3333333333333333
2018-05-12,Gremio,Internacional,0.0,0.0,D,0.0,0.0,1.2456896551724137,1.1546391752577319
2018-05-13,Vasco,Vitoria,2.0,3.0,A,2.0,5.0,1.096774193548387,1.294871794871795
2018-05-13,Santos,Parana,3.0,1.0,H,1.0,4.0,1.3246753246753247,0.5
2018-05-13,Corinthians,Palmeiras,1.0,0.0,H,1.0,1.0,1.3060344827586208,1.3453608247422681
2018-05-13,Bahia,Sao Paulo,2.0,2.0,D,0.0,4.0,1.0,1.3189655172413792
2018-05-13,Chapecoense-SC,Flamengo RJ,3.0,2.0,H,1.0,5.0,,1.2198275862068966
2018-05-13,Athletico-PR,Atletico-MG,1.0,2.0,A,2.0,3.0,1.2371134020618557,
2018-05-13,Cruzeiro,Sport Recife,2.0,0.0,H,1.0,2.0,1.4267241379310345,1.175257731958763
2018-05-15,Botafogo RJ,Fluminense,2.0,1.0,H,1.0,3.0,1.2268041237113403,1.3146551724137931
2018-05-15,Ceara,America MG,2.0,2.0,D,0.0,4.0,0.25,0.6904761904761905
2018-05-19,Atletico-MG,Cruzeiro,1.0,0.0,H,1.0,1.0,,1.4291845493562232
2018-05-19,Flamengo RJ,Vasco,1.0,1.0,D,0.0,2.0,1.2231759656652361,1.1025641025641026
2018-05-20,Fluminense,Athletico-PR,2.0,0.0,H,1.0,2.0,1.3133047210300428,1.235897435897436
2018-05-20,Sport Recife,Corinthians,1.0,1.0,D,0.0,2.0,1.1692307692307693,1.3047210300429184
2018-05-20,Sao Paulo,Santos,1.0,0.0,H,1.0,1.0,1.3218884120171674,1.331896551724138
2018-05-20,Parana,Gremio,0.0,0.0,D,0.0,0.0,0.6,1.240343347639485
2018-05-20,America MG,Botafogo RJ,1.0,0.0,H,1.0,1.0,0.7209302325581395,1.2307692307692308
2018-05-20,Vitoria,Ceara,2.0,1.0,H,1.0,3.0,1.305732484076433,0.6
2018-05-20,Palmeiras,Bahia,3.0,0.0,H,1.0,3.0,1.3384615384615384,1.0063694267515924
2018-05-22,Internacional,Chapecoense-SC,3.0,0.0,H,1.0,3.0,1.1487179487179486,
2018-05-26,Fluminense,Chapecoense-SC,3.0,1.0,H,1.0,4.0,1.3162393162393162,
2018-05-26,Palmeiras,Sport Recife,2.0,3.0,A,2.0,5.0,1.346938775510204,1.1683673469387754
2018-05-27,Ceara,Gremio,0.0,1.0,A,2.0,1.0,0.6666666666666666,1.235042735042735
2018-05-27,America MG,Sao Paulo,1.0,3.0,A,2.0,4.0,0.7272727272727273,1.3205128205128205
2018-05-27,Santos,Cruzeiro,0.0,1.0,A,2.0,1.0,1.3261802575107295,1.4230769230769231
2018-05-27,Internacional,Corinthians,2.0,1.0,H,1.0,3.0,1.1581632653061225,1.3034188034188035
2018-05-27,Bahia,Vasco,3.0,0.0,H,1.0,3.0,1.0,1.1019108280254777
2018-05-27,Parana,Athletico-PR,0.0,0.0,D,0.0,0.0,0.5,1.2295918367346939
2018-05-27,Atletico-MG,Flamengo RJ,0.0,1.0,A,2.0,1.0,,1.2222222222222223
2018-05-27,Botafogo RJ,Vitoria,1.0,1.0,D,0.0,2.0,1.2244897959183674,1.3101265822784811
2018-05-30,Sport Recife,Atletico-MG,3.0,2.0,H,1.0,5.0,1.1776649746192893,
2018-05-30,Vasco,Parana,1.0,0.0,H,1.0,1.0,1.0949367088607596,0.42857142857142855
2018-05-30,Vitoria,Internacional,2.0,3.0,A,2.0,5.0,1.3081761006289307,1.1624365482233503
2018-05-31,Cruzeiro,Palmeiras,1.0,0.0,H,1.0,1.0,1.421276595744681,1.350253807106599
2018-05-31,Chapecoense-SC,Ceara,2.0,0.0,H,1.0,2.0,,0.5714285714285714
2018-05-31,Sao Paulo,Botafogo RJ,3.0,2.0,H,1.0,5.0,1.327659574468085,1.2233502538071066
2018-05-31,Gremio,Fluminense,0.0,0.0,D,0.0,0.0,1.2340425531914894,1.323404255319149
2018-05-31,Flamengo RJ,Bahia,2.0,0.0,H,1.0,2.0,1.221276595744681,1.0125786163522013
2018-05-31,Corinthians,America MG,1.0,0.0,H,1.0,1.0,1.3021276595744682,0.7333333333333333
2018-06-01,Athletico-PR,Santos,2.0,0.0,H,1.0,2.0,1.2233502538071066,1.3205128205128205
2018-06-02,Atletico-MG,Chapecoense-SC,3.0,3.0,D,0.0,6.0,,
2018-06-02,Internacional,Sport Recife,0.0,0.0,D,0.0,0.0,1.1717171717171717,1.1868686868686869
2018-06-02,Vasco,Botafogo RJ,1.0,2.0,A,2.0,3.0,1.0943396226415094,1.2272727272727273
2018-06-03,Ceara,Cruzeiro,0.0,1.0,A,2.0,1.0,0.5,1.4194915254237288
2018-06-03,Santos,Vitoria,5.0,2.0,H,1.0,7.0,1.3148936170212766,1.3125
2018-06-03,Flamengo RJ,Corinthians,1.0,0.0,H,1.0,1.0,1.2245762711864407,1.3008474576271187
2018-06-03,Bahia,Gremio,0.0,2.0,A,2.0,2.0,1.00625,1.228813559322034
2018-06-03,America MG,Athletico-PR,3.0,1.0,H,1.0,4.0,0.717391304347826,1.2272727272727273
2018-06-03,Palmeiras,Sao Paulo,3.0,1.0,H,1.0,4.0,1.3434343434343434,1.3347457627118644
2018-06-05,Parana,Fluminense,2.0,1.0,H,1.0,3.0,0.375,1.3177966101694916
2018-06-06,Sao Paulo,Internacional,0.0,0.0,D,0.0,0.0,1.3333333333333333,1.1658291457286432
2018-06-06,Botafogo RJ,Ceara,0.0,0.0,D,0.0,0.0,1.2311557788944723,0.4444444444444444
2018-06-06,Vitoria,Chapecoense-SC,1.0,0.0,H,1.0,1.0,1.3167701863354038,
2018-06-07,Cruzeiro,Vasco,1.0,1.0,D,0.0,2.0,1.4177215189873418,1.09375
2018-06-07,Gremio,Palmeiras,0.0,2.0,A,2.0,2.0,1.2320675105485233,1.3517587939698492
2018-06-07,Corinthians,Santos,1.0,1.0,D,0.0,2.0,1.2953586497890295,1.3305084745762712
2018-06-07,Sport Recife,Athletico-PR,1.0,0.0,H,1.0,1.0,1.1809045226130652,1.2261306532663316
2018-06-08,Fluminense,Flamengo RJ,0.0,2.0,A,2.0,2.0,1.3164556962025316,1.2236286919831223
2018-06-08,Parana,Bahia,1.0,0.0,H,1.0,1.0,0.5555555555555556,1.0
2018-06-08,America MG,Atletico-MG,1.0,3.0,A,2.0,4.0,0.7659574468085106,
2018-06-09,Athletico-PR,Sao Paulo,0.0,1.0,A,2.0,1.0,1.22,1.3277310924369747
2018-06-09,Chapecoense-SC,Cruzeiro,2.0,0.0,H,1.0,2.0,,1.415966386554622
2018-06-09,Vasco,Sport Recife,3.0,2.0,H,1.0,5.0,1.093167701863354,1.18
2018-06-10,Gremio,America MG,1.0,0.0,H,1.0,1.0,1.226890756302521,0.7708333333333334
2018-06-10,Santos,Internacional,1.0,2.0,A,2.0,3.0,1.3291139240506329,1.16
2018-06-10,Flamengo RJ,Parana,2.0,0.0,H,1.0,2.0,1.226890756302521,0.6
2018-06-10,Ceara,Palmeiras,2.0,2.0,D,0.0,4.0,0.4,1.355
2018-06-10,Atletico-MG,Fluminense,5.0,2.0,H,1.0,7.0,,1.3109243697478992
2018-06-10,Corinthians,Vitoria,0.0,0.0,D,0.0,0.0,1.2941176470588236,1.3148148148148149
2018-06-10,Bahia,Botafogo RJ,3.0,3.0,D,0.0,6.0,0.9938271604938271,1.225
2018-06-13,Sao Paulo,Vitoria,3.0,0.0,H,1.0,3.0,1.3263598326359833,1.3067484662576687
2018-06-13,America MG,Chapecoense-SC,0.0,0.0,D,0.0,0.0,0.7551020408163265,
2018-06-13,Fluminense,Santos,0.0,1.0,A,2.0,1.0,1.3138075313807531,1.3277310924369747
2018-06-13,Parana,Cruzeiro,1.0,1.0,D,0.0,2.0,0.5454545454545454,1.4100418410041842
2018-06-13,Sport Recife,Gremio,0.0,0.0,D,0.0,0.0,1.1840796019900497,1.2259414225941423
2018-06-14,Botafogo RJ,Athletico-PR,2.0,0.0,H,1.0,2.0,1.2338308457711442,1.2139303482587065
2018-06-14,Palmeiras,Flamengo RJ,1.0,1.0,D,0.0,2.0,1.3582089552238805,1.2301255230125523
2018-06-14,Atletico-MG,Ceara,2.0,1.0,H,1.0,3.0,,0.5454545454545454
2018-06-14,Bahia,Corinthians,1.0,0.0,H,1.0,1.0,1.0061349693251533,1.288702928870293
2018-06-14,Internacional,Vasco,3.0,1.0,H,1.0,4.0,1.164179104477612,1.1049382716049383
2018-07-18,Ceara,Sport Recife,1.0,0.0,H,1.0,1.0,0.5833333333333334,1.1782178217821782
2018-07-19,Chapecoense-SC,Bahia,1.0,1.0,D,0.0,2.0,,1.0060975609756098
2018-07-19,Gremio,Atletico-MG,2.0,0.0,H,1.0,2.0,1.2208333333333334,
2018-07-19,Cruzeiro,America MG,3.0,1.0,H,1.0,4.0,1.4083333333333334,0.74
2018-07-19,Corinthians,Botafogo RJ,2.0,0.0,H,1.0,2.0,1.2833333333333334,1.2376237623762376
2018-07-19,Vitoria,Parana,1.0,0.0,H,1.0,1.0,1.298780487804878,0.5833333333333334
2018-07-19,Flamengo RJ,Sao Paulo,0.0,1.0,A,2.0,1.0,1.2291666666666667,1.3333333333333333
2018-07-20,Athletico-PR,Internacional,2.0,2.0,D,0.0,4.0,1.2079207920792079,1.1732673267326732
2018-07-20,Santos,Palmeiras,1.0,1.0,D,0.0,2.0,1.3263598326359833,1.3564356435643565
2018-07-20,Vasco,Fluminense,1.0,1.0,D,0.0,2.0,1.1042944785276074,1.3083333333333333
2018-07-21,Flamengo RJ,Botafogo RJ,2.0,0.0,H,1.0,2.0,1.2240663900414939,1.2315270935960592
2018-07-22,Sao Paulo,Corinthians,3.0,1.0,H,1.0,4.0,1.3319502074688796,1.2863070539419088
2018-07-22,Bahia,Vitoria,4.0,1.0,H,1.0,5.0,1.006060606060606,1.2969696969696969
2018-07-22,Palmeiras,Atletico-MG,3.0,2.0,H,1.0,5.0,1.354679802955665,
2018-07-22,Parana,America MG,1.0,0.0,H,1.0,1.0,0.5384615384615384,0.7450980392156863
2018-07-22,Sport Recife,Fluminense,1.0,2.0,A,2.0,3.0,1.1724137931034482,1.3070539419087137
2018-07-22,Vasco,Gremio,1.0,0.0,H,1.0,1.0,1.103658536585366,1.2240663900414939
2018-07-22,Chapecoense-SC,Santos,0.0,0.0,D,0.0,0.0,,1.325
2018-07-22,Cruzeiro,Athletico-PR,2.0,1.0,H,1.0,3.0,1.4149377593360997,1.2118226600985222
2018-07-24,Internacional,Ceara,1.0,0.0,H,1.0,1.0,1.1773399014778325,0.6153846153846154
2018-07-25,Fluminense,Palmeiras,1.0,0.0,H,1.0,1.0,1.3099173553719008,1.3627450980392157
2018-07-26,Atletico-MG,Parana,2.0,0.0,H,1.0,2.0,,0.5714285714285714
2018-07-26,Corinthians,Cruzeiro,2.0,0.0,H,1.0,2.0,1.2851239669421488,1.4173553719008265
2018-07-26,Santos,Flamengo RJ,1.0,1.0,D,0.0,2.0,1.3195020746887967,1.2272727272727273
2018-07-26,Botafogo RJ,Chapecoense-SC,1.0,0.0,H,1.0,1.0,1.2254901960784315,
2018-07-26,Gremio,Sao Paulo,2.0,1.0,H,1.0,3.0,1.21900826446281,1.3388429752066116
2018-07-26,Vitoria,Sport Recife,1.0,0.0,H,1.0,1.0,1.2951807228915662,1.1715686274509804
2018-07-27,America MG,Internacional,2.0,1.0,H,1.0,3.0,0.7307692307692307,1.1764705882352942
2018-07-28,Ceara,Fluminense,1.0,0.0,H,1.0,1.0,0.5714285714285714,1.308641975308642
2018-07-29,Santos,America MG,0.0,1.0,A,2.0,1.0,1.3181818181818181,0.7547169811320755
2018-07-29,Chapecoense-SC,Gremio,1.0,1.0,D,0.0,2.0,,1.2222222222222223
2018-07-29,Internacional,Botafogo RJ,3.0,0.0,H,1.0,3.0,1.175609756097561,1.224390243902439
2018-07-29,Flamengo RJ,Sport Recife,4.0,1.0,H,1.0,5.0,1.2263374485596708,1.1658536585365853
2018-07-29,Palmeiras,Parana,3.0,0.0,H,1.0,3.0,1.3560975609756099,0.5333333333333333
2018-07-29,Athletico-PR,Vitoria,4.0,0.0,H,1.0,4.0,1.2107843137254901,1.2934131736526946
2018-07-29,Vasco,Corinthians,1.0,4.0,A,2.0,5.0,1.103030303030303,1.2880658436213992
2018-07-29,Cruzeiro,Sao Paulo,0.0,2.0,A,2.0,2.0,1.4115226337448559,1.337448559670782
2018-07-31,Bahia,Atletico-MG,2.0,2.0,D,0.0,4.0,1.0240963855421688,
2018-08-04,Botafogo RJ,Santos,0.0,0.0,D,0.0,0.0,1.2184466019417475,1.3127572016460904
2018-08-04,Gremio,Flamengo RJ,2.0,0.0,H,1.0,2.0,1.221311475409836,1.2377049180327868
2018-08-05,Corinthians,Athletico-PR,0.0,0.0,D,0.0,0.0,1.2991803278688525,1.224390243902439
2018-08-05,America MG,Palmeiras,0.0,0.0,D,0.0,0.0,0.7592592592592593,1.3640776699029127
2018-08-05,Parana,Ceara,0.0,1.0,A,2.0,1.0,0.5,0.6
2018-08-05,Sao Paulo,Vasco,2.0,1.0,H,1.0,3.0,1.3401639344262295,1.1024096385542168
2018-08-05,Vitoria,Cruzeiro,1.0,1.0,D,0.0,2.0,1.2857142857142858,1.4057377049180328
2018-08-05,Fluminense,Bahia,1.0,1.0,D,0.0,2.0,1.3032786885245902,1.029940119760479
2018-08-05,Sport Recife,Chapecoense-SC,1.0,1.0,D,0.0,2.0,1.1650485436893203,
2018-08-07,Atletico-MG,Internacional,0.0,1.0,A,2.0,1.0,,1.1844660194174756
2018-08-08,Ceara,Santos,1.0,1.0,D,0.0,2.0,0.625,1.3073770491803278
2018-08-11,Bahia,America MG,1.0,0.0,H,1.0,1.0,1.0297619047619047,0.7454545454545455
2018-08-11,Ceara,Athletico-PR,0.0,0.0,D,0.0,0.0,0.6470588235294118,1.2184466019417475
2018-08-12,Atletico-MG,Santos,3.0,1.0,H,1.0,4.0,,1.3061224489795917
2018-08-12,Parana,Botafogo RJ,1.0,1.0,D,0.0,2.0,0.47058823529411764,1.21256038647343
2018-08-12,Chapecoense-SC,Corinthians,2.0,1.0,H,1.0,3.0,,1.2938775510204081
2018-08-12,Flamengo RJ,Cruzeiro,1.0,0.0,H,1.0,1.0,1.2326530612244897,1.4040816326530612
2018-08-12,Sport Recife,Sao Paulo,1.0,3.0,A,2.0,4.0,1.1642512077294687,1.3428571428571427
2018-08-12,Gremio,Vitoria,4.0,0.0,H,1.0,4.0,1.2244897959183674,1.2840236686390532
2018-08-12,Palmeiras,Vasco,1.0,0.0,H,1.0,1.0,1.357487922705314,1.1017964071856288
2018-08-14,Fluminense,Internacional,0.0,3.0,A,2.0,3.0,1.3020408163265307,1.183574879227053
2018-08-18,Corinthians,Gremio,0.0,1.0,A,2.0,1.0,1.2926829268292683,1.2357723577235773
2018-08-18,Santos,Sport Recife,3.0,0.0,H,1.0,3.0,1.3048780487804879,1.1634615384615385
2018-08-19,Athletico-PR,Flamengo RJ,3.0,0.0,H,1.0,3.0,1.21256038647343,1.2317073170731707
2018-08-19,Internacional,Parana,1.0,0.0,H,1.0,1.0,1.1923076923076923,0.5
2018-08-19,Botafogo RJ,Atletico-MG,0.0,3.0,A,2.0,3.0,1.2115384615384615,
2018-08-19,Cruzeiro,Bahia,1.0,1.0,D,0.0,2.0,1.3983739837398375,1.029585798816568
2018-08-19,Vitoria,Palmeiras,0.0,3.0,A,2.0,3.0,1.276470588235294,1.3557692307692308
2018-08-19,America MG,Fluminense,0.0,0.0,D,0.0,0.0,0.7321428571428571,1.2967479674796747
2018-08-19,Sao Paulo,Chapecoense-SC,2.0,0.0,H,1.0,2.0,1.3495934959349594,
2018-08-21,Vasco,Ceara,1.0,1.0,D,0.0,2.0,1.0952380952380953,0.6111111111111112
2018-08-22,Bahia,Internacional,0.0,1.0,A,2.0,1.0,1.0294117647058822,1.1913875598086126
2018-08-22,Parana,Sao Paulo,1.0,1.0,D,0.0,2.0,0.47368421052631576,1.3522267206477734
2018-08-23,Palmeiras,Botafogo RJ,2.0,0.0,H,1.0,2.0,1.3636363636363635,1.2057416267942584
2018-08-23,Sport Recife,America MG,0.0,2.0,A,2.0,2.0,1.1578947368421053,0.7192982456140351
2018-08-23,Fluminense,Corinthians,1.0,0.0,H,1.0,1.0,1.291497975708502,1.2874493927125505
2018-08-23,Gremio,Cruzeiro,1.0,1.0,D,0.0,2.0,1.2348178137651822,1.3967611336032388
2018-08-23,Flamengo RJ,Vitoria,1.0,0.0,H,1.0,1.0,1.2267206477732793,1.2690058479532165
2018-08-24,Atletico-MG,Vasco,0.0,0.0,D,0.0,0.0,,1.0946745562130178
2018-08-25,Corinthians,Parana,1.0,0.0,H,1.0,1.0,1.282258064516129,0.5
2018-08-25,Santos,Bahia,2.0,0.0,H,1.0,2.0,1.311740890688259,1.023391812865497
2018-08-25,Athletico-PR,Gremio,2.0,1.0,H,1.0,3.0,1.2211538461538463,1.2338709677419355
2018-08-26,Vitoria,Atletico-MG,1.0,0.0,H,1.0,1.0,1.2616279069767442,
2018-08-26,Botafogo RJ,Sport Recife,2.0,0.0,H,1.0,2.0,1.2,1.1523809523809523
2018-08-26,Cruzeiro,Fluminense,2.0,1.0,H,1.0,3.0,1.3951612903225807,1.2903225806451613
2018-08-26,Sao Paulo,Ceara,1.0,0.0,H,1.0,1.0,1.3508064516129032,0.631578947368421
2018-08-26,America MG,Flamengo RJ,2.0,2.0,D,0.0,4.0,0.7413793103448276,1.2258064516129032
2018-08-26,Internacional,Palmeiras,0.0,0.0,D,0.0,0.0,1.1904761904761905,1.3666666666666667
2018-08-26,Vasco,Chapecoense-SC,3.0,1.0,H,1.0,4.0,1.088235294117647,
2018-08-29,Ceara,Bahia,0.0,2.0,A,2.0,2.0,0.6,1.0174418604651163
2018-08-29,Athletico-PR,Vasco,1.0,0.0,H,1.0,1.0,1.2248803827751196,1.0994152046783625
2018-09-01,Vasco,Santos,0.0,3.0,A,2.0,3.0,1.0930232558139534,1.314516129032258
2018-09-01,Vitoria,America MG,1.0,0.0,H,1.0,1.0,1.260115606936416,0.7627118644067796
2018-09-01,Gremio,Botafogo RJ,4.0,0.0,H,1.0,4.0,1.2329317269076305,1.2037914691943128
2018-09-02,Corinthians,Atletico-MG,1.0,1.0,D,0.0,2.0,1.2811244979919678,
2018-09-02,Flamengo RJ,Ceara,0.0,1.0,A,2.0,1.0,1.2289156626506024,0.5714285714285714
2018-09-02,Athletico-PR,Bahia,2.0,0.0,H,1.0,2.0,1.223809523809524,1.023121387283237
2018-09-02,Sao Paulo,Fluminense,1.0,1.0,D,0.0,2.0,1.3493975903614457,1.2891566265060241
2018-09-02,Sport Recife,Parana,1.0,0.0,H,1.0,1.0,1.146919431279621,0.47619047619047616
2018-09-02,Chapecoense-SC,Palmeiras,1.0,2.0,A,2.0,3.0,,1.3601895734597156
2018-09-02,Cruzeiro,Internacional,0.0,0.0,D,0.0,0.0,1.3975903614457832,1.1848341232227488
2018-09-05,Bahia,Sport Recife,2.0,0.0,H,1.0,2.0,1.0172413793103448,1.1462264150943395
2018-09-05,Botafogo RJ,Cruzeiro,1.0,1.0,D,0.0,2.0,1.1981132075471699,1.392
2018-09-06,Santos,Gremio,0.0,0.0,D,0.0,0.0,1.321285140562249,1.244
2018-09-06,Fluminense,Vitoria,0.0,0.0,D,0.0,0.0,1.288,1.2586206896551724
2018-09-06,Internacional,Flamengo RJ,2.0,1.0,H,1.0,3.0,1.179245283018868,1.224
2018-09-06,Palmeiras,Athletico-PR,2.0,0.0,H,1.0,2.0,1.3632075471698113,1.2274881516587677
2018-09-06,Parana,Chapecoense-SC,1.0,1.0,D,0.0,2.0,0.45454545454545453,
2018-09-06,Ceara,Corinthians,2.0,1.0,H,1.0,3.0,0.5909090909090909,1.28
2018-09-06,Atletico-MG,Sao Paulo,1.0,0.0,H,1.0,1.0,,1.348
2018-09-07,America MG,Vasco,2.0,1.0,H,1.0,3.0,0.75,1.0867052023121386
2018-09-08,Sport Recife,Cruzeiro,0.0,0.0,D,0.0,0.0,1.1408450704225352,1.3904382470119523
2018-09-08,Sao Paulo,Bahia,1.0,0.0,H,1.0,1.0,1.342629482071713,1.022857142857143
2018-09-09,Parana,Santos,0.0,2.0,A,2.0,2.0,0.4782608695652174,1.316
2018-09-09,Vitoria,Vasco,1.0,0.0,H,1.0,1.0,1.2514285714285713,1.0862068965517242
2018-09-09,Palmeiras,Corinthians,1.0,0.0,H,1.0,1.0,1.3661971830985915,1.2788844621513944
2018-09-09,America MG,Ceara,0.0,0.0,D,0.0,0.0,0.7704918032786885,0.6521739130434783
2018-09-09,Fluminense,Botafogo RJ,1.0,0.0,H,1.0,1.0,1.2828685258964143,1.1971830985915493
2018-09-09,Flamengo RJ,Chapecoense-SC,2.0,0.0,H,1.0,2.0,1.2231075697211156,
2018-09-09,Internacional,Gremio,1.0,0.0,H,1.0,1.0,1.1830985915492958,1.2390438247011952
2018-09-11,Atletico-MG,Athletico-PR,3.0,1.0,H,1.0,4.0,,1.221698113207547
2018-09-14,Chapecoense-SC,Athletico-PR,2.0,1.0,H,1.0,3.0,,1.2206572769953052
2018-09-15,Ceara,Vitoria,2.0,0.0,H,1.0,2.0,0.625,1.25
2018-09-15,Gremio,Parana,2.0,0.0,H,1.0,2.0,1.2341269841269842,0.4583333333333333
2018-09-15,Vasco,Flamengo RJ,1.0,1.0,D,0.0,2.0,1.08,1.2261904761904763
2018-09-16,Corinthians,Sport Recife,2.0,1.0,H,1.0,3.0,1.2738095238095237,1.1355140186915889
2018-09-16,Santos,Sao Paulo,0.0,0.0,D,0.0,0.0,1.3187250996015936,1.3412698412698412
2018-09-16,Cruzeiro,Atletico-MG,0.0,0.0,D,0.0,0.0,1.3849206349206349,
2018-09-16,Athletico-PR,Fluminense,3.0,1.0,H,1.0,4.0,1.219626168224299,1.2817460317460319
2018-09-16,Botafogo RJ,America MG,1.0,0.0,H,1.0,1.0,1.191588785046729,0.7580645161290323
2018-09-16,Bahia,Palmeiras,1.0,1.0,D,0.0,2.0,1.0170454545454546,1.3644859813084111
2018-09-18,Chapecoense-SC,Internacional,2.0,1.0,H,1.0,3.0,,1.1822429906542056
2018-09-22,Sao Paulo,America MG,1.0,1.0,D,0.0,2.0,1.3359683794466404,0.746031746031746
2018-09-23,Vitoria,Botafogo RJ,3.0,4.0,A,2.0,7.0,1.2429378531073447,1.1906976744186046
2018-09-23,Cruzeiro,Santos,2.0,1.0,H,1.0,3.0,1.3794466403162056,1.3134920634920635
2018-09-23,Sport Recife,Palmeiras,0.0,1.0,A,2.0,1.0,1.1348837209302325,1.3627906976744186
2018-09-23,Gremio,Ceara,3.0,2.0,H,1.0,5.0,1.2371541501976284,0.68
2018-09-23,Corinthians,Internacional,1.0,1.0,D,0.0,2.0,1.2766798418972332,1.1813953488372093
2018-09-23,Flamengo RJ,Atletico-MG,2.0,1.0,H,1.0,3.0,1.225296442687747,
2018-09-23,Athletico-PR,Parana,3.0,0.0,H,1.0,3.0,1.2279069767441861,0.44
2018-09-25,Chapecoense-SC,Fluminense,1.0,2.0,A,2.0,3.0,,1.2806324110671936
2018-09-25,Vasco,Bahia,2.0,1.0,H,1.0,3.0,1.0795454545454546,1.0169491525423728
2018-09-28,Santos,Vasco,1.0,1.0,D,0.0,2.0,1.3122529644268774,1.0847457627118644
2018-09-29,Fluminense,Gremio,0.0,1.0,A,2.0,1.0,1.2834645669291338,1.2440944881889764
2018-09-29,America MG,Corinthians,0.0,0.0,D,0.0,0.0,0.75,1.2755905511811023
2018-09-30,Atletico-MG,Sport Recife,5.0,2.0,H,1.0,7.0,,1.1296296296296295
2018-09-30,Ceara,Chapecoense-SC,3.0,1.0,H,1.0,4.0,0.7307692307692307,
2018-09-30,Santos,Athletico-PR,1.0,0.0,H,1.0,1.0,1.311023622047244,1.2361111111111112
2018-09-30,Internacional,Vitoria,2.0,1.0,H,1.0,3.0,1.1805555555555556,1.252808988764045
2018-09-30,Palmeiras,Cruzeiro,3.0,1.0,H,1.0,4.0,1.3611111111111112,1.3818897637795275
2018-09-30,Bahia,Flamengo RJ,0.0,0.0,D,0.0,0.0,1.0168539325842696,1.2283464566929134
2018-09-30,Botafogo RJ,Sao Paulo,2.0,2.0,D,0.0,4.0,1.2037037037037037,1.3346456692913387
2018-10-02,Parana,Vasco,1.0,1.0,D,0.0,2.0,0.4230769230769231,1.0842696629213484
2018-10-05,Sport Recife,Internacional,2.0,1.0,H,1.0,3.0,1.1336405529953917,1.1843317972350231
2018-10-06,Chapecoense-SC,Atletico-MG,1.0,0.0,H,1.0,1.0,,
2018-10-06,Sao Paulo,Palmeiras,0.0,2.0,A,2.0,2.0,1.3372549019607842,1.368663594470046
2018-10-06,Vitoria,Santos,0.0,1.0,A,2.0,1.0,1.2513966480446927,1.3098039215686275
2018-10-06,Corinthians,Flamengo RJ,0.0,3.0,A,2.0,3.0,1.2705882352941176,1.223529411764706
2018-10-06,Athletico-PR,America MG,4.0,0.0,H,1.0,4.0,1.2304147465437787,0.7384615384615385
2018-10-07,Gremio,Bahia,2.0,2.0,D,0.0,4.0,1.2431372549019608,1.011173184357542
2018-10-09,Fluminense,Parana,4.0,0.0,H,1.0,4.0,1.2784313725490195,0.4444444444444444
2018-10-10,Botafogo RJ,Vasco,1.0,1.0,D,0.0,2.0,1.207373271889401,1.0837988826815643
2018-10-13,Flamengo RJ,Fluminense,3.0,0.0,H,1.0,3.0,1.23046875,1.2890625
2018-10-13,Santos,Corinthians,1.0,0.0,H,1.0,1.0,1.30859375,1.265625
2018-10-14,Athletico-PR,Sport Recife,4.0,0.0,H,1.0,4.0,1.2431192660550459,1.1376146788990826
2018-10-14,Atletico-MG,America MG,0.0,0.0,D,0.0,0.0,,0.7272727272727273
2018-10-14,Vasco,Cruzeiro,2.0,0.0,H,1.0,2.0,1.0833333333333333,1.380392156862745
2018-10-14,Chapecoense-SC,Vitoria,0.0,1.0,A,2.0,1.0,,1.2444444444444445
2018-10-14,Internacional,Sao Paulo,3.0,1.0,H,1.0,4.0,1.18348623853211,1.33203125
2018-10-14,Bahia,Parana,2.0,0.0,H,1.0,2.0,1.0166666666666666,0.42857142857142855
2018-10-14,Palmeiras,Gremio,2.0,0.0,H,1.0,2.0,1.371559633027523,1.24609375
2018-10-16,Ceara,Botafogo RJ,0.0,0.0,D,0.0,0.0,0.8148148148148148,1.2064220183486238
2018-10-20,Sport Recife,Vasco,2.0,1.0,H,1.0,3.0,1.1324200913242009,1.0883977900552486
2018-10-20,Botafogo RJ,Bahia,0.0,1.0,A,2.0,1.0,1.2009132420091324,1.022099447513812
2018-10-20,America MG,Gremio,1.0,1.0,D,0.0,2.0,0.7164179104477612,1.2412451361867705
2018-10-20,Sao Paulo,Athletico-PR,0.0,0.0,D,0.0,0.0,1.3307392996108949,1.2557077625570776
2018-10-21,Fluminense,Atletico-MG,1.0,0.0,H,1.0,1.0,1.284046692607004,
2018-10-21,Palmeiras,Ceara,2.0,1.0,H,1.0,3.0,1.3744292237442923,0.7857142857142857
2018-10-21,Vitoria,Corinthians,2.0,2.0,D,0.0,4.0,1.2430939226519337,1.2607003891050583
2018-10-21,Cruzeiro,Chapecoense-SC,3.0,0.0,H,1.0,3.0,1.375,
2018-10-21,Parana,Flamengo RJ,0.0,4.0,A,2.0,4.0,0.41379310344827586,1.2373540856031129
2018-10-23,Internacional,Santos,2.0,2.0,D,0.0,4.0,1.1917808219178083,1.3073929961089494
2018-10-24,Cruzeiro,Ceara,0.0,2.0,A,2.0,2.0,1.3813229571984436,0.7931034482758621
2018-10-26,Vitoria,Sao Paulo,0.0,1.0,A,2.0,1.0,1.2472527472527473,1.3255813953488371
2018-10-27,Flamengo RJ,Palmeiras,1.0,1.0,D,0.0,2.0,1.248062015503876,1.3772727272727272
2018-10-27,Corinthians,Bahia,2.0,1.0,H,1.0,3.0,1.2635658914728682,1.021978021978022
2018-10-27,Chapecoense-SC,America MG,1.0,0.0,H,1.0,1.0,,0.7205882352941176
2018-10-27,Vasco,Internacional,1.0,1.0,D,0.0,2.0,1.0879120879120878,1.1954545454545455
2018-10-27,Gremio,Sport Recife,3.0,4.0,A,2.0,7.0,1.2403100775193798,1.1363636363636365
2018-10-27,Santos,Fluminense,3.0,0.0,H,1.0,3.0,1.310077519379845,1.2829457364341086
2018-10-28,Athletico-PR,Botafogo RJ,2.0,1.0,H,1.0,3.0,1.25,1.1954545454545455
2018-10-28,Cruzeiro,Parana,3.0,1.0,H,1.0,4.0,1.375968992248062,0.4
2018-10-29,Ceara,Atletico-MG,2.0,1.0,H,1.0,3.0,0.8333333333333334,
2018-11-03,Palmeiras,Santos,3.0,2.0,H,1.0,5.0,1.3755656108597285,1.3166023166023166
2018-11-03,Atletico-MG,Gremio,0.0,1.0,A,2.0,1.0,,1.247104247104247
2018-11-03,Fluminense,Vasco,0.0,1.0,A,2.0,1.0,1.277992277992278,1.0874316939890711
2018-11-04,America MG,Cruzeiro,1.0,2.0,A,2.0,3.0,0.7101449275362319,1.3822393822393821
2018-11-04,Botafogo RJ,Corinthians,1.0,0.0,H,1.0,1.0,1.1945701357466063,1.2664092664092663
2018-11-04,Parana,Vitoria,1.0,1.0,D,0.0,2.0,0.41935483870967744,1.2404371584699454
2018-11-04,Sao Paulo,Flamengo RJ,2.0,2.0,D,0.0,4.0,1.3243243243243243,1.247104247104247
2018-11-04,Bahia,Chapecoense-SC,1.0,0.0,H,1.0,1.0,1.0218579234972678,
2018-11-04,Internacional,Athletico-PR,2.0,1.0,H,1.0,3.0,1.1945701357466063,1.253393665158371
2018-11-05,Sport Recife,Ceara,1.0,0.0,H,1.0,1.0,1.1493212669683257,0.8709677419354839
2018-11-10,America MG,Parana,0.0,1.0,A,2.0,1.0,0.7142857142857143,0.4375
2018-11-10,Corinthians,Sao Paulo,1.0,1.0,D,0.0,2.0,1.2615384615384615,1.3269230769230769
2018-11-10,Athletico-PR,Cruzeiro,2.0,0.0,H,1.0,2.0,1.2522522522522523,1.3846153846153846
2018-11-10,Botafogo RJ,Flamengo RJ,2.0,1.0,H,1.0,3.0,1.1936936936936937,1.25
2018-11-11,Gremio,Vasco,2.0,1.0,H,1.0,3.0,1.2461538461538462,1.0869565217391304
2018-11-11,Vitoria,Bahia,2.0,2.0,D,0.0,4.0,1.2391304347826086,1.0217391304347827
2018-11-11,Atletico-MG,Palmeiras,1.0,1.0,D,0.0,2.0,,1.382882882882883
2018-11-11,Ceara,Internacional,1.0,1.0,D,0.0,2.0,0.84375,1.1981981981981982
2018-11-11,Fluminense,Sport Recife,0.0,0.0,D,0.0,0.0,1.273076923076923,1.1486486486486487
2018-11-12,Santos,Chapecoense-SC,0.0,1.0,A,2.0,1.0,1.3192307692307692,
2018-11-14,Palmeiras,Fluminense,3.0,0.0,H,1.0,3.0,1.3811659192825112,1.2681992337164751
2018-11-14,Sport Recife,Vitoria,0.0,0.0,D,0.0,0.0,1.1434977578475336,1.2432432432432432
2018-11-14,Cruzeiro,Corinthians,1.0,0.0,H,1.0,1.0,1.3793103448275863,1.260536398467433
2018-11-14,Vasco,Athletico-PR,1.0,1.0,D,0.0,2.0,1.0864864864864865,1.2556053811659194
2018-11-14,Bahia,Ceara,2.0,1.0,H,1.0,3.0,1.027027027027027,0.8484848484848485
2018-11-14,Parana,Atletico-MG,0.0,1.0,A,2.0,1.0,0.45454545454545453,
2018-11-15,Chapecoense-SC,Botafogo RJ,0.0,1.0,A,2.0,1.0,,1.1973094170403586
2018-11-15,Flamengo RJ,Santos,1.0,0.0,H,1.0,1.0,1.2490421455938698,1.314176245210728
2018-11-15,Sao Paulo,Gremio,1.0,1.0,D,0.0,2.0,1.3256704980842913,1.2490421455938698
2018-11-15,Internacional,America MG,2.0,0.0,H,1.0,2.0,1.1973094170403586,0.704225352112676
2018-11-17,Corinthians,Vasco,1.0,0.0,H,1.0,1.0,1.2557251908396947,1.086021505376344
2018-11-17,Vitoria,Athletico-PR,1.0,2.0,A,2.0,3.0,1.2365591397849462,1.2544642857142858
2018-11-17,Atletico-MG,Bahia,1.0,0.0,H,1.0,1.0,,1.032258064516129
2018-11-18,Sao Paulo,Cruzeiro,1.0,0.0,H,1.0,1.0,1.3244274809160306,1.3778625954198473
2018-11-18,Gremio,Chapecoense-SC,2.0,0.0,H,1.0,2.0,1.248091603053435,
2018-11-18,Sport Recife,Flamengo RJ,0.0,1.0,A,2.0,1.0,1.1383928571428572,1.248091603053435
2018-11-18,America MG,Santos,2.0,1.0,H,1.0,3.0,0.6944444444444444,1.3091603053435115
2018-11-18,Botafogo RJ,Internacional,1.0,0.0,H,1.0,1.0,1.1964285714285714,1.2008928571428572
2018-11-18,Parana,Palmeiras,1.0,1.0,D,0.0,2.0,0.4411764705882353,1.3883928571428572
2018-11-19,Fluminense,Ceara,0.0,0.0,D,0.0,0.0,1.2633587786259541,0.8529411764705882
2018-11-21,Flamengo RJ,Gremio,2.0,0.0,H,1.0,2.0,1.247148288973384,1.2509505703422052
2018-11-21,Palmeiras,America MG,4.0,0.0,H,1.0,4.0,1.3866666666666667,0.7123287671232876
2018-11-21,Cruzeiro,Vitoria,3.0,0.0,H,1.0,3.0,1.3726235741444868,1.2352941176470589
2018-11-21,Internacional,Atletico-MG,1.0,2.0,A,2.0,3.0,1.1955555555555555,
2018-11-21,Santos,Botafogo RJ,1.0,1.0,D,0.0,2.0,1.3079847908745248,1.1955555555555555
2018-11-21,Athletico-PR,Corinthians,1.0,0.0,H,1.0,1.0,1.2577777777777779,1.2547528517110267
2018-11-22,Vasco,Sao Paulo,2.0,0.0,H,1.0,2.0,1.0802139037433156,1.3231939163498099
2018-11-22,Bahia,Fluminense,2.0,0.0,H,1.0,2.0,1.0267379679144386,1.258555133079848
2018-11-22,Ceara,Parana,1.0,0.0,H,1.0,1.0,0.8285714285714286,0.45714285714285713
2018-11-22,Chapecoense-SC,Sport Recife,2.0,1.0,H,1.0,3.0,,1.1333333333333333
2018-11-24,Santos,Atletico-MG,3.0,2.0,H,1.0,5.0,1.3068181818181819,
2018-11-25,Corinthians,Chapecoense-SC,0.0,0.0,D,0.0,0.0,1.25,
2018-11-25,Athletico-PR,Ceara,2.0,2.0,D,0.0,4.0,1.2566371681415929,0.8333333333333334
2018-11-25,Cruzeiro,Flamengo RJ,0.0,2.0,A,2.0,2.0,1.378787878787879,1.25
2018-11-25,Vasco,Palmeiras,0.0,1.0,A,2.0,1.0,1.0851063829787233,1.3982300884955752
2018-11-25,Vitoria,Gremio,0.0,0.0,D,0.0,0.0,1.2287234042553192,1.246212121212121
2018-11-25,America MG,Bahia,1.0,0.0,H,1.0,1.0,0.7027027027027027,1.0319148936170213
2018-11-25,Internacional,Fluminense,2.0,0.0,H,1.0,2.0,1.1946902654867257,1.253787878787879
2018-11-26,Botafogo RJ,Parana,2.0,1.0,H,1.0,3.0,1.1946902654867257,0.4444444444444444
2018-11-26,Sao Paulo,Sport Recife,0.0,0.0,D,0.0,0.0,1.3181818181818181,1.1327433628318584
2018-12-01,Atletico-MG,Botafogo RJ,1.0,0.0,H,1.0,1.0,,1.198237885462555
2018-12-01,Flamengo RJ,Athletico-PR,1.0,2.0,A,2.0,3.0,1.2528301886792452,1.2599118942731278
2018-12-02,Palmeiras,Vitoria,3.0,2.0,H,1.0,5.0,1.39647577092511,1.2222222222222223
2018-12-02,Parana,Internacional,1.0,1.0,D,0.0,2.0,0.4594594594594595,1.198237885462555
2018-12-02,Gremio,Corinthians,1.0,0.0,H,1.0,1.0,1.241509433962264,1.2452830188679245
2018-12-02,Sport Recife,Santos,2.0,1.0,H,1.0,3.0,1.1277533039647578,1.3132075471698113
2018-12-02,Chapecoense-SC,Sao Paulo,1.0,0.0,H,1.0,1.0,,1.3132075471698113
2018-12-02,Ceara,Vasco,0.0,0.0,D,0.0,0.0,0.8648648648648649,1.0793650793650793
2018-12-02,Bahia,Cruzeiro,0.0,0.0,D,0.0,0.0,1.0264550264550265,1.3735849056603773
2018-12-02,Fluminense,America MG,1.0,0.0,H,1.0,1.0,1.2490566037735849,0.7066666666666667
2019-04-27,Sao Paulo,Botafogo RJ,2.0,0.0,H,1.0,2.0,1.3082706766917294,1.1929824561403508
2019-04-27,Atletico-MG,Avai,2.0,1.0,H,1.0,3.0,,0.881578947368421
2019-04-27,Chapecoense-SC,Internacional,2.0,0.0,H,1.0,2.0,,1.1973684210526316
2019-04-28,Palmeiras,Fortaleza,4.0,0.0,H,1.0,4.0,1.4035087719298245,1.0
2019-04-28,Fluminense,Goias,0.0,1.0,A,2.0,1.0,1.2481203007518797,1.0964912280701755
2019-04-28,Ceara,CSA,4.0,0.0,H,1.0,4.0,0.8421052631578947,1.0
2019-04-28,Bahia,Corinthians,3.0,2.0,H,1.0,5.0,1.0210526315789474,1.2406015037593985
2019-04-28,Athletico-PR,Vasco,4.0,1.0,H,1.0,5.0,1.263157894736842,1.0736842105263158
2019-04-28,Gremio,Santos,1.0,2.0,A,2.0,3.0,1.2406015037593985,1.3120300751879699
2019-04-28,Flamengo RJ,Cruzeiro,3.0,1.0,H,1.0,4.0,1.2518796992481203,1.368421052631579
2019-05-01,Corinthians,Chapecoense-SC,1.0,0.0,H,1.0,1.0,1.243445692883895,
2019-05-01,CSA,Palmeiras,1.0,1.0,D,0.0,2.0,0.0,1.4148471615720524
2019-05-01,Internacional,Flamengo RJ,2.0,1.0,H,1.0,3.0,1.1921397379912664,1.2584269662921348
2019-05-01,Avai,Gremio,1.0,1.0,D,0.0,2.0,0.8831168831168831,1.2397003745318351
2019-05-01,Cruzeiro,Ceara,1.0,0.0,H,1.0,1.0,1.3670411985018727,0.9230769230769231
2019-05-02,Santos,Fluminense,2.0,1.0,H,1.0,3.0,1.3146067415730338,1.243445692883895
2019-05-02,Vasco,Atletico-MG,1.0,2.0,A,2.0,3.0,1.0732984293193717,
2019-05-02,Fortaleza,Athletico-PR,2.0,1.0,H,1.0,3.0,0.0,1.275109170305677
2019-05-02,Goias,Sao Paulo,1.0,2.0,A,2.0,3.0,1.0956521739130434,1.3108614232209739
2019-05-03,Botafogo RJ,Bahia,3.0,2.0,H,1.0,5.0,1.1877729257641922,1.031413612565445
2019-05-04,Palmeiras,Internacional,1.0,0.0,H,1.0,1.0,1.4130434782608696,1.1956521739130435
2019-05-04,Vasco,Corinthians,1.0,1.0,D,0.0,2.0,1.0729166666666667,1.242537313432836
2019-05-05,CSA,Santos,0.0,0.0,D,0.0,0.0,0.5,1.3171641791044777
2019-05-05,Ceara,Atletico-MG,1.0,2.0,A,2.0,3.0,0.9,
2019-05-05,Chapecoense-SC,Athletico-PR,1.0,1.0,D,0.0,2.0,,1.2739130434782608
2019-05-05,Botafogo RJ,Fortaleza,1.0,0.0,H,1.0,1.0,1.1956521739130435,1.0
2019-05-05,Cruzeiro,Goias,2.0,1.0,H,1.0,3.0,1.3656716417910448,1.0948275862068966
2019-05-05,Sao Paulo,Flamengo RJ,1.0,1.0,D,0.0,2.0,1.3134328358208955,1.257462686567164
2019-05-05,Bahia,Avai,1.0,0.0,H,1.0,1.0,1.0364583333333333,0.8846153846153846
2019-05-05,Gremio,Fluminense,4.0,5.0,A,2.0,9.0,1.2388059701492538,1.242537313432836
2019-05-11,Fluminense,Botafogo RJ,0.0,1.0,A,2.0,1.0,1.2565055762081785,1.1948051948051948
2019-05-11,Corinthians,Gremio,0.0,0.0,D,0.0,0.0,1.241635687732342,1.2490706319702602
2019-05-12,Avai,CSA,0.0,0.0,D,0.0,0.0,0.8734177215189873,0.3333333333333333
2019-05-12,Fortaleza,Sao Paulo,0.0,1.0,A,2.0,1.0,0.6666666666666666,1.312267657992565
2019-05-12,Athletico-PR,Bahia,1.0,0.0,H,1.0,1.0,1.2727272727272727,1.0362694300518134
2019-05-12,Santos,Vasco,3.0,0.0,H,1.0,3.0,1.312267657992565,1.072538860103627
2019-05-12,Internacional,Cruzeiro,3.0,1.0,H,1.0,4.0,1.1904761904761905,1.3680297397769516
2019-05-12,Atletico-MG,Palmeiras,0.0,2.0,A,2.0,2.0,,1.4112554112554112
2019-05-12,Flamengo RJ,Chapecoense-SC,2.0,1.0,H,1.0,3.0,1.2565055762081785,
2019-05-12,Goias,Ceara,2.0,1.0,H,1.0,3.0,1.0940170940170941,0.9024390243902439
2019-05-18,Fluminense,Cruzeiro,4.0,1.0,H,1.0,5.0,1.2518518518518518,1.3666666666666667
2019-05-18,Atletico-MG,Flamengo RJ,2.0,1.0,H,1.0,3.0,,1.2592592592592593
2019-05-18,Palmeiras,Santos,4.0,0.0,H,1.0,4.0,1.4137931034482758,1.3185185185185184
2019-05-19,Vasco,Avai,1.0,1.0,D,0.0,2.0,1.0670103092783505,0.8625
2019-05-19,Ceara,Gremio,2.0,1.0,H,1.0,3.0,0.9047619047619048,1.2444444444444445
2019-05-19,Internacional,CSA,2.0,0.0,H,1.0,2.0,1.1982758620689655,0.25
2019-05-19,Athletico-PR,Corinthians,0.0,2.0,A,2.0,2.0,1.271551724137931,1.237037037037037
2019-05-19,Chapecoense-SC,Fortaleza,1.0,3.0,A,2.0,4.0,,0.5
2019-05-19,Sao Paulo,Bahia,0.0,0.0,D,0.0,0.0,1.3111111111111111,1.0309278350515463
2019-05-19,Goias,Botafogo RJ,1.0,0.0,H,1.0,1.0,1.1016949152542372,1.1939655172413792
2019-05-25,Botafogo RJ,Palmeiras,0.0,1.0,A,2.0,1.0,1.1888412017167382,1.4248927038626609
2019-05-25,Gremio,Atletico-MG,1.0,0.0,H,1.0,1.0,1.2435424354243543,
2019-05-26,Fortaleza,Vasco,1.0,1.0,D,0.0,2.0,1.0,1.0666666666666667
2019-05-26,Cruzeiro,Chapecoense-SC,1.0,2.0,A,2.0,3.0,1.3653136531365313,
2019-05-26,Corinthians,Sao Paulo,1.0,0.0,H,1.0,1.0,1.2398523985239853,1.3062730627306274
2019-05-26,Santos,Internacional,0.0,0.0,D,0.0,0.0,1.3136531365313653,1.201716738197425
2019-05-26,Flamengo RJ,Athletico-PR,3.0,2.0,H,1.0,5.0,1.2583025830258303,1.2660944206008584
2019-05-26,Bahia,Fluminense,3.0,2.0,H,1.0,5.0,1.0256410256410255,1.2619926199261993
2019-05-28,Avai,Ceara,1.0,2.0,A,2.0,3.0,0.8641975308641975,0.9302325581395349
2019-05-28,CSA,Goias,1.0,0.0,H,1.0,1.0,0.2,1.1008403361344539
2019-06-01,Flamengo RJ,Fortaleza,2.0,0.0,H,1.0,2.0,1.2647058823529411,1.0
2019-06-01,Bahia,Gremio,1.0,0.0,H,1.0,1.0,1.0357142857142858,1.2426470588235294
2019-06-02,Ceara,Santos,0.0,1.0,A,2.0,1.0,0.9545454545454546,1.3088235294117647
2019-06-02,Botafogo RJ,Vasco,1.0,0.0,H,1.0,1.0,1.1837606837606838,1.066326530612245
2019-06-02,Athletico-PR,Fluminense,3.0,0.0,H,1.0,3.0,1.2692307692307692,1.2647058823529411
2019-06-02,Sao Paulo,Cruzeiro,1.0,1.0,D,0.0,2.0,1.3014705882352942,1.3639705882352942
2019-06-02,Atletico-MG,CSA,4.0,0.0,H,1.0,4.0,,0.3333333333333333
2019-06-02,Chapecoense-SC,Palmeiras,1.0,2.0,A,2.0,3.0,,1.4230769230769231
2019-06-02,Internacional,Avai,2.0,0.0,H,1.0,2.0,1.1965811965811965,0.8658536585365854
2019-06-08,Gremio,Fortaleza,1.0,0.0,H,1.0,1.0,1.2380952380952381,0.8571428571428571
2019-06-08,Cruzeiro,Corinthians,0.0,0.0,D,0.0,0.0,1.3626373626373627,1.2389705882352942
2019-06-08,Ceara,Bahia,0.0,0.0,D,0.0,0.0,0.9333333333333333,1.0355329949238579
2019-06-08,Vasco,Internacional,2.0,1.0,H,1.0,3.0,1.0609137055837563,1.2
2019-06-08,Palmeiras,Athletico-PR,1.0,0.0,H,1.0,1.0,1.425531914893617,1.2765957446808511
2019-06-09,CSA,Botafogo RJ,1.0,2.0,A,2.0,3.0,0.2857142857142857,1.1829787234042553
2019-06-09,Fluminense,Flamengo RJ,0.0,0.0,D,0.0,0.0,1.26007326007326,1.2673992673992673
2019-06-09,Avai,Sao Paulo,0.0,0.0,D,0.0,0.0,0.8554216867469879,1.3003663003663004
2019-06-09,Santos,Atletico-MG,3.0,1.0,H,1.0,4.0,1.3076923076923077,
2019-06-11,Goias,Chapecoense-SC,3.0,1.0,H,1.0,4.0,1.0916666666666666,
2019-06-12,Botafogo RJ,Gremio,0.0,1.0,A,2.0,1.0,1.1864406779661016,1.2372262773722629
2019-06-13,Fortaleza,Cruzeiro,2.0,1.0,H,1.0,3.0,0.75,1.3576642335766422
2019-06-13,CSA,Flamengo RJ,0.0,2.0,A,2.0,2.0,0.375,1.2627737226277371
2019-06-13,Internacional,Bahia,3.0,1.0,H,1.0,4.0,1.1991525423728813,1.0303030303030303
2019-06-13,Santos,Corinthians,1.0,0.0,H,1.0,1.0,1.313868613138686,1.2344322344322345
2019-06-13,Vasco,Ceara,1.0,0.0,H,1.0,1.0,1.0656565656565657,0.9130434782608695
2019-06-14,Atletico-MG,Sao Paulo,1.0,1.0,D,0.0,2.0,,1.2956204379562044
2019-06-14,Chapecoense-SC,Fluminense,1.0,1.0,D,0.0,2.0,,1.2554744525547445
2019-06-14,Goias,Athletico-PR,2.0,1.0,H,1.0,3.0,1.1074380165289257,1.271186440677966
2019-06-14,Palmeiras,Avai,2.0,0.0,H,1.0,2.0,1.423728813559322,0.8452380952380952
2019-07-13,Sao Paulo,Palmeiras,1.0,1.0,D,0.0,2.0,1.2945454545454544,1.4261603375527425
2019-07-13,Bahia,Santos,0.0,1.0,A,2.0,1.0,1.0301507537688441,1.3127272727272727
2019-07-13,Fortaleza,Avai,2.0,0.0,H,1.0,2.0,0.8888888888888888,0.8352941176470589
2019-07-13,Gremio,Vasco,2.0,1.0,H,1.0,3.0,1.2363636363636363,1.065326633165829
2019-07-14,Flamengo RJ,Goias,6.0,1.0,H,1.0,7.0,1.2654545454545454,1.1147540983606556
2019-07-14,Athletico-PR,Internacional,1.0,0.0,H,1.0,1.0,1.270042194092827,1.2067510548523206
2019-07-14,Corinthians,CSA,1.0,0.0,H,1.0,1.0,1.22992700729927,0.3333333333333333
2019-07-14,Cruzeiro,Botafogo RJ,0.0,0.0,D,0.0,0.0,1.3563636363636364,1.1814345991561181
2019-07-14,Chapecoense-SC,Atletico-MG,1.0,2.0,A,2.0,3.0,,
2019-07-16,Fluminense,Ceara,1.0,1.0,D,0.0,2.0,1.2545454545454546,0.8936170212765957
2019-07-20,Internacional,Gremio,1.0,1.0,D,0.0,2.0,1.2016806722689075,1.2391304347826086
2019-07-20,CSA,Athletico-PR,0.0,4.0,A,2.0,4.0,0.3,1.26890756302521
2019-07-20,Vasco,Fluminense,2.0,1.0,H,1.0,3.0,1.065,1.2536231884057971
2019-07-20,Bahia,Cruzeiro,0.0,0.0,D,0.0,0.0,1.025,1.3514492753623188
2019-07-20,Ceara,Palmeiras,2.0,0.0,H,1.0,2.0,0.8958333333333334,1.4243697478991597
2019-07-21,Botafogo RJ,Santos,0.0,1.0,A,2.0,1.0,1.1764705882352942,1.3115942028985508
2019-07-21,Atletico-MG,Fortaleza,2.0,2.0,D,0.0,4.0,,1.0
2019-07-21,Corinthians,Flamengo RJ,1.0,1.0,D,0.0,2.0,1.229090909090909,1.2826086956521738
2019-07-21,Avai,Goias,0.0,0.0,D,0.0,0.0,0.8255813953488372,1.113821138211382
2019-07-23,Sao Paulo,Chapecoense-SC,4.0,0.0,H,1.0,4.0,1.2934782608695652,
2019-07-27,Internacional,Ceara,1.0,0.0,H,1.0,1.0,1.200836820083682,0.9183673469387755
2019-07-27,Fluminense,Sao Paulo,1.0,2.0,A,2.0,3.0,1.2527075812274369,1.3032490974729243
2019-07-27,Cruzeiro,Athletico-PR,0.0,2.0,A,2.0,2.0,1.3465703971119134,1.2803347280334727
2019-07-27,Palmeiras,Vasco,1.0,1.0,D,0.0,2.0,1.4184100418410042,1.0696517412935322
2019-07-28,Chapecoense-SC,Bahia,0.0,0.0,D,0.0,0.0,,1.0199004975124377
2019-07-28,Flamengo RJ,Botafogo RJ,3.0,2.0,H,1.0,5.0,1.2815884476534296,1.1715481171548117
2019-07-28,Santos,Avai,3.0,1.0,H,1.0,4.0,1.3104693140794224,0.8160919540229885
2019-07-28,Fortaleza,Corinthians,1.0,3.0,A,2.0,4.0,1.0909090909090908,1.2282608695652173
2019-07-28,Goias,Atletico-MG,0.0,0.0,D,0.0,0.0,1.1048387096774193,
2019-07-30,CSA,Gremio,0.0,0.0,D,0.0,0.0,0.2727272727272727,1.2382671480144405
2019-08-03,Fluminense,Internacional,2.0,1.0,H,1.0,3.0,1.2517985611510791,1.2
2019-08-03,Ceara,Fortaleza,2.0,1.0,H,1.0,3.0,0.9,1.0833333333333333
2019-08-04,Santos,Goias,6.0,1.0,H,1.0,7.0,1.316546762589928,1.096
2019-08-04,Avai,Botafogo RJ,0.0,2.0,A,2.0,2.0,0.8181818181818182,1.175
2019-08-04,Bahia,Flamengo RJ,3.0,0.0,H,1.0,3.0,1.0148514851485149,1.2877697841726619
2019-08-04,Atletico-MG,Cruzeiro,2.0,0.0,H,1.0,2.0,,1.341726618705036
2019-08-04,Corinthians,Palmeiras,1.0,1.0,D,0.0,2.0,1.2346570397111913,1.4166666666666667
2019-08-04,Vasco,CSA,0.0,0.0,D,0.0,0.0,1.0693069306930694,0.25
2019-08-06,Gremio,Chapecoense-SC,3.0,3.0,D,0.0,6.0,1.2338129496402879,
2019-08-07,Corinthians,Goias,2.0,0.0,H,1.0,2.0,1.2338129496402879,1.0952380952380953
2019-08-10,Flamengo RJ,Gremio,3.0,1.0,H,1.0,4.0,1.2831541218637992,1.2401433691756272
2019-08-10,Sao Paulo,Santos,3.0,2.0,H,1.0,5.0,1.3057553956834533,1.3333333333333333
2019-08-10,Ceara,Chapecoense-SC,4.0,1.0,H,1.0,5.0,0.9215686274509803,
2019-08-11,Atletico-MG,Fluminense,2.0,1.0,H,1.0,3.0,,1.2544802867383513
2019-08-11,Internacional,Corinthians,0.0,0.0,D,0.0,0.0,1.1991701244813278,1.2365591397849462
2019-08-11,Avai,Cruzeiro,2.0,2.0,D,0.0,4.0,0.8089887640449438,1.3369175627240144
2019-08-11,Botafogo RJ,Athletico-PR,2.0,1.0,H,1.0,3.0,1.1784232365145229,1.2833333333333334
2019-08-11,Palmeiras,Bahia,2.0,2.0,D,0.0,4.0,1.4149377593360997,1.0246305418719213
2019-08-11,Goias,Vasco,0.0,1.0,A,2.0,1.0,1.0866141732283465,1.064039408866995
2019-08-13,CSA,Fortaleza,0.0,2.0,A,2.0,2.0,0.23076923076923078,1.0769230769230769
2019-08-17,Vasco,Flamengo RJ,1.0,4.0,A,2.0,5.0,1.0637254901960784,1.2892857142857144
2019-08-17,Athletico-PR,Atletico-MG,1.0,0.0,H,1.0,1.0,1.2821576763485478,
2019-08-17,Fortaleza,Internacional,0.0,1.0,A,2.0,1.0,1.1428571428571428,1.1942148760330578
2019-08-17,Corinthians,Botafogo RJ,2.0,0.0,H,1.0,2.0,1.2321428571428572,1.1818181818181819
2019-08-18,Gremio,Palmeiras,1.0,1.0,D,0.0,2.0,1.2392857142857143,1.4173553719008265
2019-08-18,Bahia,Goias,1.0,1.0,D,0.0,2.0,1.0294117647058822,1.078125
2019-08-18,Cruzeiro,Santos,2.0,0.0,H,1.0,2.0,1.3392857142857142,1.3357142857142856
2019-08-18,Fluminense,CSA,0.0,1.0,A,2.0,1.0,1.2535714285714286,0.21428571428571427
2019-08-18,Sao Paulo,Ceara,1.0,0.0,H,1.0,1.0,1.3118279569892473,0.9807692307692307
2019-08-18,Chapecoense-SC,Avai,1.0,0.0,H,1.0,1.0,,0.8222222222222222
2019-08-21,Athletico-PR,Sao Paulo,0.0,1.0,A,2.0,1.0,1.28099173553719,1.3107142857142857
2019-08-24,Gremio,Athletico-PR,2.0,1.0,H,1.0,3.0,1.2384341637010676,1.2757201646090535
2019-08-24,Atletico-MG,Bahia,0.0,1.0,A,2.0,1.0,,1.0292682926829269
2019-08-25,Goias,Internacional,2.0,1.0,H,1.0,3.0,1.0775193798449612,1.1934156378600822
2019-08-25,Santos,Fortaleza,3.0,3.0,D,0.0,6.0,1.3309608540925266,1.0666666666666667
2019-08-25,Vasco,Sao Paulo,2.0,0.0,H,1.0,2.0,1.0634146341463415,1.309608540925267
2019-08-25,Avai,Corinthians,1.0,1.0,D,0.0,2.0,0.8131868131868132,1.2348754448398576
2019-08-25,Ceara,Flamengo RJ,0.0,3.0,A,2.0,3.0,0.9622641509433962,1.298932384341637
2019-08-25,CSA,Cruzeiro,1.0,1.0,D,0.0,2.0,0.26666666666666666,1.3416370106761566
2019-08-27,Botafogo RJ,Chapecoense-SC,0.0,0.0,D,0.0,0.0,1.176954732510288,
2019-08-31,Chapecoense-SC,Santos,0.0,1.0,A,2.0,1.0,,1.3368794326241136
2019-08-31,Athletico-PR,Ceara,1.0,0.0,H,1.0,1.0,1.2745901639344261,0.9444444444444444
2019-08-31,Bahia,CSA,1.0,0.0,H,1.0,1.0,1.029126213592233,0.3125
2019-08-31,Sao Paulo,Gremio,0.0,0.0,D,0.0,0.0,1.3049645390070923,1.2411347517730495
2019-09-01,Internacional,Botafogo RJ,3.0,2.0,H,1.0,5.0,1.1926229508196722,1.1721311475409837
2019-09-01,Flamengo RJ,Palmeiras,3.0,0.0,H,1.0,3.0,1.3049645390070923,1.4156378600823045
2019-09-01,Fortaleza,Goias,2.0,0.0,H,1.0,2.0,1.1875,1.0846153846153845
2019-09-01,Corinthians,Atletico-MG,1.0,0.0,H,1.0,1.0,1.2340425531914894,
2019-09-01,Cruzeiro,Vasco,1.0,0.0,H,1.0,1.0,1.3404255319148937,1.0679611650485437
2019-09-03,Fluminense,Avai,0.0,1.0,A,2.0,1.0,1.2491103202846976,0.8152173913043478
2019-09-07,Internacional,Sao Paulo,1.0,0.0,H,1.0,1.0,1.2,1.3003533568904593
2019-09-07,Fortaleza,Fluminense,0.0,1.0,A,2.0,1.0,1.2352941176470589,1.2446808510638299
2019-09-07,Avai,Flamengo RJ,0.0,3.0,A,2.0,3.0,0.8172043010752689,1.3109540636042403
2019-09-07,Vasco,Bahia,0.0,2.0,A,2.0,2.0,1.0628019323671498,1.0289855072463767
2019-09-07,Corinthians,Ceara,2.0,2.0,D,0.0,4.0,1.2332155477031803,0.9272727272727272
2019-09-08,Goias,Palmeiras,1.0,2.0,A,2.0,3.0,1.0763358778625953,1.4098360655737705
2019-09-08,Cruzeiro,Gremio,1.0,4.0,A,2.0,5.0,1.3392226148409894,1.2367491166077738
2019-09-08,Botafogo RJ,Atletico-MG,2.0,1.0,H,1.0,3.0,1.1755102040816328,
2019-09-08,Santos,Athletico-PR,1.0,1.0,D,0.0,2.0,1.3356890459363957,1.273469387755102
2019-09-08,CSA,Chapecoense-SC,2.0,0.0,H,1.0,2.0,0.29411764705882354,
2019-09-11,Palmeiras,Fluminense,3.0,0.0,H,1.0,3.0,1.4122448979591837,1.243816254416961
2019-09-14,Palmeiras,Cruzeiro,1.0,0.0,H,1.0,1.0,1.41869918699187,1.3380281690140845
2019-09-14,Chapecoense-SC,Vasco,1.0,2.0,A,2.0,3.0,,1.0576923076923077
2019-09-14,Flamengo RJ,Santos,1.0,0.0,H,1.0,1.0,1.3169014084507042,1.3345070422535212
2019-09-15,Ceara,Botafogo RJ,0.0,0.0,D,0.0,0.0,0.9464285714285714,1.1788617886178863
2019-09-15,Athletico-PR,Avai,0.0,1.0,A,2.0,1.0,1.2723577235772359,0.8085106382978723
2019-09-15,Atletico-MG,Internacional,1.0,3.0,A,2.0,4.0,,1.1991869918699187
2019-09-15,Bahia,Fortaleza,1.0,1.0,D,0.0,2.0,1.0336538461538463,1.1666666666666667
2019-09-15,Fluminense,Corinthians,1.0,0.0,H,1.0,1.0,1.2394366197183098,1.2359154929577465
2019-09-15,Gremio,Goias,3.0,0.0,H,1.0,3.0,1.2464788732394365,1.0757575757575757
2019-09-15,Sao Paulo,CSA,1.0,1.0,D,0.0,2.0,1.295774647887324,0.3888888888888889
2019-09-21,Corinthians,Bahia,2.0,1.0,H,1.0,3.0,1.231578947368421,1.0334928229665072
2019-09-21,Cruzeiro,Flamengo RJ,1.0,2.0,A,2.0,3.0,1.3333333333333333,1.3157894736842106
2019-09-21,Botafogo RJ,Sao Paulo,1.0,2.0,A,2.0,3.0,1.174089068825911,1.2947368421052632
2019-09-22,Santos,Gremio,0.0,3.0,A,2.0,3.0,1.3298245614035087,1.2526315789473683
2019-09-22,Internacional,Chapecoense-SC,1.0,0.0,H,1.0,1.0,1.2064777327935223,
2019-09-22,CSA,Ceara,1.0,0.0,H,1.0,1.0,0.42105263157894735,0.9298245614035088
2019-09-22,Fortaleza,Palmeiras,0.0,1.0,A,2.0,1.0,1.1578947368421053,1.417004048582996
2019-09-22,Vasco,Athletico-PR,1.0,1.0,D,0.0,2.0,1.062200956937799,1.2672064777327936
2019-09-22,Goias,Fluminense,3.0,0.0,H,1.0,3.0,1.0676691729323309,1.2385964912280703
2019-09-24,Avai,Atletico-MG,1.0,0.0,H,1.0,1.0,0.8105263157894737,
2019-09-25,Ceara,Cruzeiro,0.0,0.0,D,0.0,0.0,0.9137931034482759,1.332167832167832
2019-09-26,Palmeiras,CSA,6.0,2.0,H,1.0,8.0,1.4153225806451613,0.45
2019-09-26,Sao Paulo,Goias,0.0,1.0,A,2.0,1.0,1.2972027972027973,1.0820895522388059
2019-09-26,Bahia,Botafogo RJ,2.0,0.0,H,1.0,2.0,1.0333333333333334,1.1733870967741935
2019-09-26,Flamengo RJ,Internacional,3.0,1.0,H,1.0,4.0,1.3181818181818181,1.2056451612903225
2019-09-27,Fluminense,Santos,1.0,1.0,D,0.0,2.0,1.2342657342657342,1.3251748251748252
2019-09-27,Gremio,Avai,6.0,1.0,H,1.0,7.0,1.2587412587412588,0.8125
2019-09-27,Athletico-PR,Fortaleza,4.0,1.0,H,1.0,5.0,1.2661290322580645,1.1
2019-09-28,Flamengo RJ,Sao Paulo,0.0,0.0,D,0.0,0.0,1.32404181184669,1.2926829268292683
2019-09-29,Atletico-MG,Ceara,2.0,1.0,H,1.0,3.0,,0.8983050847457628
2019-09-29,Athletico-PR,Chapecoense-SC,1.0,1.0,D,0.0,2.0,1.2771084337349397,
2019-09-29,Santos,CSA,2.0,0.0,H,1.0,2.0,1.32404181184669,0.5238095238095238
2019-09-29,Internacional,Palmeiras,1.0,1.0,D,0.0,2.0,1.2048192771084338,1.4337349397590362
2019-09-29,Fluminense,Gremio,2.0,1.0,H,1.0,3.0,1.2334494773519165,1.2752613240418118
2019-09-29,Corinthians,Vasco,1.0,0.0,H,1.0,1.0,1.2342657342657342,1.061904761904762
2019-10-01,Avai,Bahia,0.0,2.0,A,2.0,2.0,0.8144329896907216,1.037914691943128
2019-10-01,Fortaleza,Botafogo RJ,1.0,0.0,H,1.0,1.0,1.0952380952380953,1.1686746987951808
2019-10-01,Goias,Cruzeiro,1.0,0.0,H,1.0,1.0,1.0814814814814815,1.3275261324041812
2019-10-02,Atletico-MG,Vasco,1.0,2.0,A,2.0,3.0,,1.0568720379146919
2019-10-02,Chapecoense-SC,Corinthians,0.0,1.0,A,2.0,1.0,,1.2334494773519165
2019-10-05,Gremio,Corinthians,0.0,0.0,D,0.0,0.0,1.2743055555555556,1.2326388888888888
2019-10-05,Bahia,Athletico-PR,1.0,2.0,A,2.0,3.0,1.0424528301886793,1.276
2019-10-05,Sao Paulo,Fortaleza,2.0,1.0,H,1.0,3.0,1.2881944444444444,1.0909090909090908
2019-10-05,Vasco,Santos,0.0,1.0,A,2.0,1.0,1.0613207547169812,1.3263888888888888
2019-10-06,CSA,Avai,3.0,1.0,H,1.0,4.0,0.5,0.8061224489795918
2019-10-06,Palmeiras,Atletico-MG,1.0,1.0,D,0.0,2.0,1.432,
2019-10-06,Ceara,Goias,0.0,1.0,A,2.0,1.0,0.9,1.0808823529411764
2019-10-06,Cruzeiro,Internacional,1.0,1.0,D,0.0,2.0,1.3229166666666667,1.204
2019-10-06,Chapecoense-SC,Flamengo RJ,0.0,1.0,A,2.0,1.0,,1.3194444444444444
2019-10-06,Botafogo RJ,Fluminense,0.0,1.0,A,2.0,1.0,1.164,1.2361111111111112
2019-10-09,Botafogo RJ,Goias,3.0,1.0,H,1.0,4.0,1.159362549800797,1.0802919708029197
2019-10-09,CSA,Internacional,1.0,0.0,H,1.0,1.0,0.6086956521739131,1.203187250996016
2019-10-10,Fortaleza,Chapecoense-SC,2.0,0.0,H,1.0,2.0,1.0869565217391304,
2019-10-10,Bahia,Sao Paulo,0.0,0.0,D,0.0,0.0,1.0422535211267605,1.2906574394463668
2019-10-10,Gremio,Ceara,2.0,1.0,H,1.0,3.0,1.2698961937716262,0.8852459016393442
2019-10-10,Cruzeiro,Fluminense,0.0,0.0,D,0.0,0.0,1.3217993079584776,1.2352941176470589
2019-10-10,Santos,Palmeiras,2.0,0.0,H,1.0,2.0,1.3252595155709344,1.4302788844621515
2019-10-10,Avai,Vasco,0.0,0.0,D,0.0,0.0,0.8080808080808081,1.056338028169014
2019-10-10,Corinthians,Athletico-PR,2.0,2.0,D,0.0,4.0,1.2283737024221453,1.2788844621513944
2019-10-11,Flamengo RJ,Atletico-MG,3.0,1.0,H,1.0,4.0,1.3183391003460208,
2019-10-12,Fluminense,Bahia,2.0,0.0,H,1.0,2.0,1.2310344827586206,1.0373831775700935
2019-10-12,Goias,CSA,1.0,0.0,H,1.0,1.0,1.0797101449275361,0.625
2019-10-13,Atletico-MG,Gremio,1.0,4.0,A,2.0,5.0,,1.2724137931034483
2019-10-13,Sao Paulo,Corinthians,1.0,0.0,H,1.0,1.0,1.2862068965517242,1.2310344827586206
2019-10-13,Chapecoense-SC,Cruzeiro,1.0,1.0,D,0.0,2.0,,1.3172413793103448
2019-10-13,Vasco,Fortaleza,1.0,0.0,H,1.0,1.0,1.0514018691588785,1.125
2019-10-13,Athletico-PR,Flamengo RJ,0.0,2.0,A,2.0,2.0,1.2817460317460319,1.3241379310344827
2019-10-13,Ceara,Avai,1.0,0.0,H,1.0,1.0,0.8870967741935484,0.8
2019-10-13,Palmeiras,Botafogo RJ,1.0,0.0,H,1.0,1.0,1.4246031746031746,1.1666666666666667
2019-10-13,Internacional,Santos,0.0,0.0,D,0.0,0.0,1.1984126984126984,1.3275862068965518
2019-10-16,CSA,Atletico-MG,2.0,2.0,D,0.0,4.0,0.6,
2019-10-16,Gremio,Bahia,0.0,1.0,A,2.0,1.0,1.2817869415807561,1.0325581395348837
2019-10-17,Fortaleza,Flamengo RJ,1.0,2.0,A,2.0,3.0,1.08,1.3264604810996563
2019-10-17,Cruzeiro,Sao Paulo,1.0,0.0,H,1.0,1.0,1.3161512027491409,1.2852233676975946
2019-10-17,Palmeiras,Chapecoense-SC,1.0,0.0,H,1.0,1.0,1.4229249011857708,
2019-10-17,Goias,Corinthians,2.0,2.0,D,0.0,4.0,1.079136690647482,1.2268041237113403
2019-10-17,Vasco,Botafogo RJ,2.0,1.0,H,1.0,3.0,1.0511627906976744,1.1620553359683794
2019-10-17,Avai,Internacional,0.0,2.0,A,2.0,2.0,0.7920792079207921,1.1936758893280632
2019-10-17,Santos,Ceara,2.0,1.0,H,1.0,3.0,1.3230240549828178,0.8888888888888888
2019-10-18,Fluminense,Athletico-PR,1.0,2.0,A,2.0,3.0,1.2336769759450172,1.2766798418972332
2019-10-19,Fortaleza,Gremio,2.0,1.0,H,1.0,3.0,1.0769230769230769,1.2773972602739727
2019-10-19,Corinthians,Cruzeiro,1.0,2.0,A,2.0,3.0,1.2294520547945205,1.3150684931506849
2019-10-20,Athletico-PR,Palmeiras,1.0,1.0,D,0.0,2.0,1.279527559055118,1.421259842519685
2019-10-20,Sao Paulo,Avai,1.0,0.0,H,1.0,1.0,1.2808219178082192,0.7843137254901961
2019-10-20,Chapecoense-SC,Goias,2.0,2.0,D,0.0,4.0,,1.0857142857142856
2019-10-20,Flamengo RJ,Fluminense,2.0,0.0,H,1.0,2.0,1.3287671232876712,1.2328767123287672
2019-10-20,Atletico-MG,Santos,2.0,0.0,H,1.0,2.0,,1.3253424657534247
2019-10-20,Internacional,Vasco,0.0,1.0,A,2.0,1.0,1.1968503937007875,1.0555555555555556
2019-10-21,Bahia,Ceara,1.0,2.0,A,2.0,3.0,1.0324074074074074,0.890625
2019-10-22,Botafogo RJ,CSA,2.0,1.0,H,1.0,3.0,1.1614173228346456,0.6538461538461539
2019-10-26,Ceara,Vasco,1.0,1.0,D,0.0,2.0,0.9076923076923077,1.055299539170507
2019-10-26,Corinthians,Santos,0.0,0.0,D,0.0,0.0,1.2286689419795223,1.3208191126279865
2019-10-26,Bahia,Internacional,2.0,3.0,A,2.0,5.0,1.032258064516129,1.192156862745098
2019-10-26,Fluminense,Chapecoense-SC,1.0,1.0,D,0.0,2.0,1.2286689419795223,
2019-10-27,Flamengo RJ,CSA,1.0,0.0,H,1.0,1.0,1.3310580204778157,0.6666666666666666
2019-10-27,Avai,Palmeiras,1.0,2.0,A,2.0,3.0,0.7766990291262136,1.419607843137255
2019-10-27,Sao Paulo,Atletico-MG,2.0,0.0,H,1.0,2.0,1.2798634812286689,
2019-10-27,Cruzeiro,Fortaleza,1.0,1.0,D,0.0,2.0,1.31740614334471,1.1111111111111112
2019-10-27,Athletico-PR,Goias,4.0,1.0,H,1.0,5.0,1.2784313725490195,1.0921985815602837
2019-10-27,Gremio,Botafogo RJ,3.0,0.0,H,1.0,3.0,1.2764505119453924,1.1647058823529413
2019-10-30,Atletico-MG,Chapecoense-SC,0.0,2.0,A,2.0,2.0,,
2019-10-30,Avai,Fortaleza,1.0,3.0,A,2.0,4.0,0.7788461538461539,1.1071428571428572
2019-10-30,Palmeiras,Sao Paulo,3.0,0.0,H,1.0,3.0,1.421875,1.282312925170068
2019-10-31,Goias,Flamengo RJ,2.0,2.0,D,0.0,4.0,1.091549295774648,1.3299319727891157
2019-10-31,Santos,Bahia,1.0,0.0,H,1.0,1.0,1.316326530612245,1.036697247706422
2019-10-31,Vasco,Gremio,1.0,3.0,A,2.0,4.0,1.055045871559633,1.282312925170068
2019-10-31,Ceara,Fluminense,2.0,0.0,H,1.0,2.0,0.9090909090909091,1.227891156462585
2019-10-31,CSA,Corinthians,2.0,1.0,H,1.0,3.0,0.6428571428571429,1.2244897959183674
2019-11-01,Botafogo RJ,Cruzeiro,0.0,2.0,A,2.0,2.0,1.16015625,1.316326530612245
2019-11-01,Internacional,Athletico-PR,1.0,1.0,D,0.0,2.0,1.19921875,1.2890625
2019-11-02,Fortaleza,Atletico-MG,2.0,2.0,D,0.0,4.0,1.1724137931034482,
2019-11-02,Fluminense,Vasco,0.0,0.0,D,0.0,0.0,1.223728813559322,1.0547945205479452
2019-11-02,Palmeiras,Ceara,1.0,0.0,H,1.0,1.0,1.4280155642023347,0.9253731343283582
2019-11-03,Goias,Avai,2.0,0.0,H,1.0,2.0,1.097902097902098,0.780952380952381
2019-11-03,Santos,Botafogo RJ,4.0,1.0,H,1.0,5.0,1.3152542372881355,1.1556420233463034
2019-11-03,Cruzeiro,Bahia,1.0,1.0,D,0.0,2.0,1.3186440677966103,1.0319634703196348
2019-11-03,Gremio,Internacional,2.0,0.0,H,1.0,2.0,1.2881355932203389,1.198443579766537
2019-11-03,Flamengo RJ,Corinthians,4.0,1.0,H,1.0,5.0,1.3322033898305086,1.223728813559322
2019-11-03,Chapecoense-SC,Sao Paulo,0.0,3.0,A,2.0,3.0,,1.2779661016949153
2019-11-03,Athletico-PR,CSA,1.0,0.0,H,1.0,1.0,1.2879377431906616,0.6896551724137931
2019-11-06,Corinthians,Fortaleza,3.0,2.0,H,1.0,5.0,1.222972972972973,1.2
2019-11-06,Atletico-MG,Goias,2.0,0.0,H,1.0,2.0,,1.1041666666666667
2019-11-07,Ceara,Internacional,2.0,0.0,H,1.0,2.0,0.9117647058823529,1.193798449612403
2019-11-07,Sao Paulo,Fluminense,0.0,2.0,A,2.0,2.0,1.2837837837837838,1.2195945945945945
2019-11-07,Botafogo RJ,Flamengo RJ,0.0,1.0,A,2.0,1.0,1.1550387596899225,1.3412162162162162
2019-11-07,Vasco,Palmeiras,1.0,2.0,A,2.0,3.0,1.05,1.426356589147287
2019-11-07,Athletico-PR,Cruzeiro,0.0,0.0,D,0.0,0.0,1.2868217054263567,1.3175675675675675
2019-11-07,Avai,Santos,1.0,2.0,A,2.0,3.0,0.7735849056603774,1.3243243243243243
2019-11-07,Bahia,Chapecoense-SC,1.0,1.0,D,0.0,2.0,1.0318181818181817,
2019-11-08,Gremio,CSA,2.0,1.0,H,1.0,3.0,1.2905405405405406,0.6666666666666666
2019-11-09,Goias,Santos,0.0,3.0,A,2.0,3.0,1.096551724137931,1.3265993265993266
2019-11-09,Palmeiras,Corinthians,1.0,1.0,D,0.0,2.0,1.4285714285714286,1.228956228956229
2019-11-10,Fortaleza,Ceara,1.0,0.0,H,1.0,1.0,1.2258064516129032,0.927536231884058
2019-11-10,CSA,Vasco,0.0,3.0,A,2.0,3.0,0.6774193548387096,1.0497737556561086
2019-11-10,Chapecoense-SC,Gremio,0.0,1.0,A,2.0,1.0,,1.292929292929293
2019-11-10,Flamengo RJ,Bahia,3.0,1.0,H,1.0,4.0,1.34006734006734,1.0316742081447965
2019-11-10,Internacional,Fluminense,2.0,1.0,H,1.0,3.0,1.1891891891891893,1.2222222222222223
2019-11-10,Cruzeiro,Atletico-MG,0.0,0.0,D,0.0,0.0,1.3131313131313131,
2019-11-10,Sao Paulo,Athletico-PR,0.0,1.0,A,2.0,1.0,1.2794612794612794,1.281853281853282
2019-11-11,Botafogo RJ,Avai,2.0,0.0,H,1.0,2.0,1.1505791505791505,0.7757009345794392
2019-11-14,Flamengo RJ,Vasco,4.0,4.0,D,0.0,8.0,1.3456375838926173,1.0585585585585586
2019-11-16,Santos,Sao Paulo,1.0,1.0,D,0.0,2.0,1.332214765100671,1.2751677852348993
2019-11-16,Fluminense,Atletico-MG,1.0,1.0,D,0.0,2.0,1.221476510067114,
2019-11-17,Corinthians,Internacional,0.0,0.0,D,0.0,0.0,1.2281879194630871,1.1923076923076923
2019-11-17,Chapecoense-SC,Ceara,1.0,0.0,H,1.0,1.0,,0.9142857142857143
2019-11-17,Fortaleza,CSA,3.0,0.0,H,1.0,3.0,1.21875,0.65625
2019-11-17,Gremio,Flamengo RJ,0.0,1.0,A,2.0,1.0,1.2919463087248322,1.354515050167224
2019-11-17,Athletico-PR,Botafogo RJ,1.0,0.0,H,1.0,1.0,1.2807692307692307,1.1538461538461537
2019-11-17,Bahia,Palmeiras,1.0,1.0,D,0.0,2.0,1.0315315315315314,1.426923076923077
2019-11-18,Vasco,Goias,1.0,1.0,D,0.0,2.0,1.0717488789237668,1.0890410958904109
2019-11-18,Cruzeiro,Avai,0.0,0.0,D,0.0,0.0,1.308724832214765,0.7685185185185185
2019-11-24,Internacional,Fortaleza,2.0,2.0,D,0.0,4.0,1.1877394636015326,1.2727272727272727
2019-11-24,Ceara,Sao Paulo,1.0,1.0,D,0.0,2.0,0.9014084507042254,1.274247491638796
2019-11-24,Botafogo RJ,Corinthians,1.0,0.0,H,1.0,1.0,1.1494252873563218,1.2240802675585285
2019-11-24,Avai,Chapecoense-SC,0.0,1.0,A,2.0,1.0,0.7614678899082569,
2019-11-24,Goias,Bahia,4.0,3.0,H,1.0,7.0,1.08843537414966,1.031390134529148
2019-11-24,Atletico-MG,Athletico-PR,0.0,1.0,A,2.0,1.0,,1.2796934865900382
2019-11-24,Santos,Cruzeiro,4.0,1.0,H,1.0,5.0,1.3311036789297659,1.3043478260869565
2019-11-24,Palmeiras,Gremio,1.0,2.0,A,2.0,3.0,1.4252873563218391,1.2876254180602007
2019-11-25,CSA,Fluminense,0.0,1.0,A,2.0,1.0,0.6363636363636364,1.2207357859531773
2019-11-27,Chapecoense-SC,Botafogo RJ,0.0,1.0,A,2.0,1.0,,1.1488549618320612
2019-11-27,Internacional,Goias,1.0,2.0,A,2.0,3.0,1.1908396946564885,1.1081081081081081
2019-11-28,Fortaleza,Santos,2.0,1.0,H,1.0,3.0,1.2941176470588236,1.34
2019-11-28,Sao Paulo,Vasco,1.0,0.0,H,1.0,1.0,1.2733333333333334,1.0714285714285714
2019-11-28,Fluminense,Palmeiras,1.0,0.0,H,1.0,1.0,1.22,1.4236641221374047
2019-11-28,Flamengo RJ,Ceara,4.0,1.0,H,1.0,5.0,1.3533333333333333,0.9027777777777778
2019-11-28,Corinthians,Avai,3.0,0.0,H,1.0,3.0,1.22,0.7545454545454545
2019-11-28,Athletico-PR,Gremio,2.0,0.0,H,1.0,2.0,1.2786259541984732,1.29
2019-11-28,Bahia,Atletico-MG,1.0,1.0,D,0.0,2.0,1.0401785714285714,
2019-11-29,Cruzeiro,CSA,0.0,1.0,A,2.0,1.0,1.3033333333333332,0.6176470588235294
2019-11-30,Botafogo RJ,Internacional,0.0,1.0,A,2.0,1.0,1.1482889733840305,1.1901140684410647
2019-11-30,Ceara,Athletico-PR,1.0,1.0,D,0.0,2.0,0.9041095890410958,1.2813688212927756
2019-12-01,Santos,Chapecoense-SC,2.0,0.0,H,1.0,2.0,1.3388704318936877,
2019-12-01,Gremio,Sao Paulo,3.0,0.0,H,1.0,3.0,1.2857142857142858,1.2724252491694352
2019-12-01,CSA,Bahia,1.0,2.0,A,2.0,3.0,0.6285714285714286,1.04
2019-12-01,Palmeiras,Flamengo RJ,1.0,3.0,A,2.0,4.0,1.4182509505703422,1.3621262458471761
2019-12-01,Goias,Fortaleza,1.0,2.0,A,2.0,3.0,1.1140939597315436,1.3142857142857143
2019-12-01,Avai,Fluminense,1.0,1.0,D,0.0,2.0,0.7477477477477478,1.2192691029900333
2019-12-01,Atletico-MG,Corinthians,2.0,1.0,H,1.0,3.0,,1.2259136212624584
2019-12-02,Vasco,Cruzeiro,1.0,0.0,H,1.0,1.0,1.0666666666666667,1.2990033222591362
2019-12-04,Atletico-MG,Botafogo RJ,2.0,0.0,H,1.0,2.0,,1.143939393939394
2019-12-04,Athletico-PR,Santos,1.0,0.0,H,1.0,1.0,1.2803030303030303,1.3410596026490067
2019-12-04,Ceara,Corinthians,0.0,1.0,A,2.0,1.0,0.9054054054054054,1.2251655629139073
2019-12-05,Flamengo RJ,Avai,6.0,1.0,H,1.0,7.0,1.3675496688741722,0.75
2019-12-05,Gremio,Cruzeiro,2.0,0.0,H,1.0,2.0,1.2913907284768211,1.294701986754967
2019-12-05,Bahia,Vasco,1.0,1.0,D,0.0,2.0,1.0442477876106195,1.0663716814159292
2019-12-05,Palmeiras,Goias,5.0,1.0,H,1.0,6.0,1.4166666666666667,1.1133333333333333
2019-12-05,Fluminense,Fortaleza,0.0,0.0,D,0.0,0.0,1.218543046357616,1.3333333333333333
2019-12-05,Chapecoense-SC,CSA,3.0,0.0,H,1.0,3.0,,0.6388888888888888
2019-12-05,Sao Paulo,Internacional,2.0,1.0,H,1.0,3.0,1.2682119205298013,1.1893939393939394
2019-12-08,Avai,Athletico-PR,0.0,0.0,D,0.0,0.0,0.7522123893805309,1.2792452830188679
2019-12-08,Vasco,Chapecoense-SC,1.0,1.0,D,0.0,2.0,1.066079295154185,
2019-12-08,Internacional,Atletico-MG,2.0,1.0,H,1.0,3.0,1.1886792452830188,
2019-12-08,Fortaleza,Bahia,2.0,1.0,H,1.0,3.0,1.2972972972972974,1.0440528634361232
2019-12-08,Santos,Flamengo RJ,4.0,0.0,H,1.0,4.0,1.3366336633663367,1.3828382838283828
2019-12-08,Cruzeiro,Palmeiras,0.0,2.0,A,2.0,2.0,1.2904290429042904,1.430188679245283
2019-12-08,Corinthians,Fluminense,1.0,2.0,A,2.0,3.0,1.2244224422442245,1.2145214521452146
2019-12-08,Botafogo RJ,Ceara,1.0,1.0,D,0.0,2.0,1.139622641509434,0.8933333333333333
2019-12-08,CSA,Sao Paulo,1.0,2.0,A,2.0,3.0,0.6216216216216216,1.2706270627062706
2019-12-08,Goias,Gremio,3.0,2.0,H,1.0,5.0,1.1125827814569536,1.2937293729372936
2020-08-08,Fortaleza,Athletico-PR,0.0,2.0,A,2.0,2.0,1.3157894736842106,1.2744360902255638
2020-08-08,Coritiba,Internacional,0.0,1.0,A,2.0,1.0,1.1008771929824561,1.1917293233082706
2020-08-09,Gremio,Fluminense,1.0,0.0,H,1.0,1.0,1.2960526315789473,1.2171052631578947
2020-08-09,Sport Recife,Ceara,3.0,2.0,H,1.0,5.0,1.131578947368421,0.8947368421052632
2020-08-09,Flamengo RJ,Atletico-MG,0.0,1.0,A,2.0,1.0,1.3782894736842106,
2020-08-09,Santos,Bragantino,1.0,1.0,D,0.0,2.0,1.3453947368421053,1.0
2020-08-12,Bragantino,Botafogo RJ,1.0,1.0,D,0.0,2.0,1.0,1.1390977443609023
2020-08-12,Atletico-MG,Corinthians,3.0,2.0,H,1.0,5.0,,1.2236842105263157
2020-08-12,Athletico-PR,Goias,2.0,1.0,H,1.0,3.0,1.2771535580524345,1.125
2020-08-13,Atletico GO,Flamengo RJ,3.0,0.0,H,1.0,3.0,0.9868421052631579,1.3737704918032787
2020-08-13,Bahia,Coritiba,1.0,0.0,H,1.0,1.0,1.043859649122807,1.0960698689956332
2020-08-13,Ceara,Gremio,1.0,1.0,D,0.0,2.0,0.9090909090909091,1.2950819672131149
2020-08-13,Fluminense,Palmeiras,1.0,1.0,D,0.0,2.0,1.2131147540983607,1.4323308270676691
2020-08-13,Sao Paulo,Fortaleza,1.0,0.0,H,1.0,1.0,1.2730263157894737,1.2820512820512822
2020-08-13,Internacional,Santos,2.0,0.0,H,1.0,2.0,1.1910112359550562,1.3442622950819672
2020-08-14,Vasco,Sport Recife,2.0,0.0,H,1.0,2.0,1.0657894736842106,1.1397379912663756
2020-08-15,Gremio,Corinthians,0.0,0.0,D,0.0,0.0,1.2941176470588236,1.2262295081967214
2020-08-15,Coritiba,Flamengo RJ,0.0,1.0,A,2.0,1.0,1.0913043478260869,1.369281045751634
2020-08-16,Atletico GO,Sport Recife,1.0,1.0,D,0.0,2.0,1.0129870129870129,1.1347826086956523
2020-08-16,Fluminense,Internacional,2.0,1.0,H,1.0,3.0,1.2124183006535947,1.1940298507462686
2020-08-16,Vasco,Sao Paulo,2.0,1.0,H,1.0,3.0,1.0698689956331877,1.2721311475409836
2020-08-16,Palmeiras,Goias,1.0,1.0,D,0.0,2.0,1.4307116104868913,1.1241830065359477
2020-08-16,Atletico-MG,Ceara,2.0,0.0,H,1.0,2.0,,0.9102564102564102
2020-08-16,Fortaleza,Botafogo RJ,0.0,0.0,D,0.0,0.0,1.25,1.1385767790262171
2020-08-16,Bahia,Bragantino,2.0,1.0,H,1.0,3.0,1.0436681222707425,1.0
2020-08-16,Santos,Athletico-PR,3.0,1.0,H,1.0,4.0,1.3398692810457515,1.2798507462686568
2020-08-19,Flamengo RJ,Gremio,1.0,1.0,D,0.0,2.0,1.3680781758957654,1.289902280130293
2020-08-19,Bragantino,Fluminense,2.0,1.0,H,1.0,3.0,1.0,1.214983713355049
2020-08-19,Athletico-PR,Palmeiras,0.0,1.0,A,2.0,1.0,1.278810408921933,1.4291044776119404
2020-08-20,Internacional,Atletico GO,3.0,0.0,H,1.0,3.0,1.1933085501858736,1.0128205128205128
2020-08-20,Sport Recife,Santos,0.0,1.0,A,2.0,1.0,1.1341991341991342,1.3452768729641693
2020-08-20,Corinthians,Coritiba,3.0,1.0,H,1.0,4.0,1.2222222222222223,1.0865800865800865
2020-08-20,Goias,Fortaleza,1.0,3.0,A,2.0,4.0,1.1233766233766234,1.2195121951219512
2020-08-20,Botafogo RJ,Atletico-MG,2.0,1.0,H,1.0,3.0,1.1343283582089552,
2020-08-21,Ceara,Vasco,0.0,3.0,A,2.0,3.0,0.8987341772151899,1.0739130434782609
2020-08-21,Sao Paulo,Bahia,1.0,1.0,D,0.0,2.0,1.2712418300653594,1.0478260869565217
2020-08-22,Athletico-PR,Fluminense,0.0,1.0,A,2.0,1.0,1.2740740740740741,1.2142857142857142
2020-08-22,Internacional,Atletico-MG,1.0,0.0,H,1.0,1.0,1.2,
2020-08-23,Sport Recife,Sao Paulo,0.0,1.0,A,2.0,1.0,1.1293103448275863,1.270358306188925
2020-08-23,Palmeiras,Santos,2.0,1.0,H,1.0,3.0,1.4275092936802973,1.344155844155844
2020-08-23,Vasco,Gremio,0.0,0.0,D,0.0,0.0,1.0822510822510822,1.2889610389610389
2020-08-23,Flamengo RJ,Botafogo RJ,1.0,1.0,D,0.0,2.0,1.3668831168831168,1.137546468401487
2020-08-23,Goias,Atletico GO,2.0,0.0,H,1.0,2.0,1.1225806451612903,1.0
2020-08-23,Bragantino,Coritiba,1.0,2.0,A,2.0,3.0,1.25,1.0862068965517242
2020-08-24,Ceara,Bahia,2.0,0.0,H,1.0,2.0,0.8875,1.0476190476190477
2020-08-26,Sao Paulo,Athletico-PR,1.0,0.0,H,1.0,1.0,1.2694805194805194,1.2693726937269372
2020-08-27,Corinthians,Fortaleza,1.0,1.0,D,0.0,2.0,1.228013029315961,1.2619047619047619
2020-08-29,Botafogo RJ,Internacional,0.0,2.0,A,2.0,2.0,1.137037037037037,1.1992619926199262
2020-08-29,Bahia,Palmeiras,1.0,1.0,D,0.0,2.0,1.043103448275862,1.4296296296296296
2020-08-29,Fluminense,Vasco,2.0,1.0,H,1.0,3.0,1.2135922330097086,1.0775862068965518
2020-08-30,Atletico GO,Ceara,0.0,2.0,A,2.0,2.0,0.9875,0.9012345679012346
2020-08-30,Coritiba,Sport Recife,1.0,0.0,H,1.0,1.0,1.090128755364807,1.1244635193133048
2020-08-30,Santos,Flamengo RJ,0.0,1.0,A,2.0,1.0,1.343042071197411,1.3656957928802589
2020-08-30,Fortaleza,Bragantino,3.0,0.0,H,1.0,3.0,1.255813953488372,1.2
2020-08-30,Sao Paulo,Corinthians,2.0,1.0,H,1.0,3.0,1.2686084142394822,1.2272727272727273
2020-09-02,Ceara,Fortaleza,1.0,0.0,H,1.0,1.0,0.9146341463414634,1.2954545454545454
2020-09-02,Fluminense,Atletico GO,1.0,1.0,D,0.0,2.0,1.2161290322580645,0.9753086419753086
2020-09-02,Goias,Corinthians,1.0,2.0,A,2.0,3.0,1.1282051282051282,1.226537216828479
2020-09-03,Gremio,Sport Recife,1.0,2.0,A,2.0,3.0,1.284789644012945,1.1196581196581197
2020-09-03,Athletico-PR,Bragantino,1.0,1.0,D,0.0,2.0,1.2647058823529411,1.0
2020-09-03,Bahia,Flamengo RJ,3.0,5.0,A,2.0,8.0,1.0429184549356223,1.364516129032258
2020-09-03,Botafogo RJ,Coritiba,0.0,0.0,D,0.0,0.0,1.132841328413284,1.0897435897435896
2020-09-03,Palmeiras,Internacional,1.0,1.0,D,0.0,2.0,1.4280442804428044,1.2022058823529411
2020-09-03,Santos,Vasco,2.0,2.0,D,0.0,4.0,1.3387096774193548,1.0772532188841202
2020-09-04,Atletico-MG,Sao Paulo,3.0,0.0,H,1.0,3.0,,1.270967741935484
2020-09-05,Flamengo RJ,Fortaleza,2.0,1.0,H,1.0,3.0,1.3762057877813505,1.2666666666666666
2020-09-05,Corinthians,Botafogo RJ,2.0,2.0,D,0.0,4.0,1.229032258064516,1.1286764705882353
2020-09-06,Vasco,Athletico-PR,1.0,0.0,H,1.0,1.0,1.0811965811965811,1.2637362637362637
2020-09-06,Sao Paulo,Fluminense,3.0,1.0,H,1.0,4.0,1.2668810289389068,1.2154340836012862
2020-09-06,Atletico GO,Gremio,1.0,1.0,D,0.0,2.0,0.975609756097561,1.2838709677419355
2020-09-06,Bragantino,Palmeiras,1.0,2.0,A,2.0,3.0,1.0,1.4264705882352942
2020-09-06,Ceara,Santos,0.0,1.0,A,2.0,1.0,0.9156626506024096,1.3408360128617363
2020-09-06,Internacional,Bahia,2.0,2.0,D,0.0,4.0,1.2014652014652014,1.0512820512820513
2020-09-07,Sport Recife,Goias,2.0,1.0,H,1.0,3.0,1.123404255319149,1.127388535031847
2020-09-07,Coritiba,Atletico-MG,0.0,1.0,A,2.0,1.0,1.0851063829787233,
2020-09-09,Athletico-PR,Botafogo RJ,1.0,1.0,D,0.0,2.0,1.2591240875912408,1.1318681318681318
2020-09-09,Fortaleza,Sport Recife,1.0,0.0,H,1.0,1.0,1.2608695652173914,1.1271186440677967
2020-09-09,Goias,Coritiba,3.0,3.0,D,0.0,6.0,1.1265822784810127,1.0805084745762712
2020-09-09,Sao Paulo,Bragantino,1.0,1.0,D,0.0,2.0,1.2724358974358974,1.0
2020-09-10,Fluminense,Flamengo RJ,1.0,2.0,A,2.0,3.0,1.2147435897435896,1.3782051282051282
2020-09-10,Santos,Atletico-MG,3.0,1.0,H,1.0,4.0,1.3397435897435896,
2020-09-10,Bahia,Gremio,0.0,2.0,A,2.0,2.0,1.0553191489361702,1.2829581993569132
2020-09-10,Corinthians,Palmeiras,0.0,2.0,A,2.0,2.0,1.2315112540192925,1.4285714285714286
2020-09-10,Internacional,Ceara,2.0,0.0,H,1.0,2.0,1.2043795620437956,0.9047619047619048
2020-09-11,Vasco,Atletico GO,1.0,2.0,A,2.0,3.0,1.0808510638297872,0.9759036144578314
2020-09-12,Athletico-PR,Coritiba,1.0,0.0,H,1.0,1.0,1.2581818181818183,1.0886075949367089
2020-09-12,Santos,Sao Paulo,2.0,2.0,D,0.0,4.0,1.3450479233226837,1.2715654952076678
2020-09-13,Goias,Internacional,1.0,0.0,H,1.0,1.0,1.1383647798742138,1.2072727272727273
2020-09-13,Ceara,Flamengo RJ,2.0,0.0,H,1.0,2.0,0.8941176470588236,1.3801916932907348
2020-09-13,Bahia,Atletico GO,0.0,1.0,A,2.0,1.0,1.0508474576271187,0.9880952380952381
2020-09-13,Palmeiras,Sport Recife,2.0,2.0,D,0.0,4.0,1.4306569343065694,1.1223628691983123
2020-09-13,Gremio,Fortaleza,1.0,1.0,D,0.0,2.0,1.2852564102564104,1.2553191489361701
2020-09-13,Fluminense,Corinthians,2.0,1.0,H,1.0,3.0,1.2140575079872205,1.2275641025641026
2020-09-13,Atletico-MG,Bragantino,2.0,1.0,H,1.0,3.0,,1.0
2020-09-14,Botafogo RJ,Vasco,2.0,3.0,A,2.0,5.0,1.1313868613138687,1.0805084745762712
2020-09-17,Corinthians,Bahia,3.0,2.0,H,1.0,5.0,1.2268370607028753,1.0464135021097047
2020-09-19,Bragantino,Ceara,4.0,2.0,H,1.0,6.0,1.0,0.9069767441860465
2020-09-19,Fortaleza,Internacional,1.0,0.0,H,1.0,1.0,1.25,1.2028985507246377
2020-09-20,Gremio,Palmeiras,1.0,1.0,D,0.0,2.0,1.2843450479233227,1.4327272727272726
2020-09-20,Botafogo RJ,Santos,0.0,0.0,D,0.0,0.0,1.1345454545454545,1.3471337579617835
2020-09-20,Atletico GO,Atletico-MG,3.0,4.0,A,2.0,7.0,0.9882352941176471,
2020-09-20,Coritiba,Vasco,1.0,0.0,H,1.0,1.0,1.084033613445378,1.0886075949367089
2020-09-21,Sport Recife,Fluminense,1.0,0.0,H,1.0,1.0,1.1260504201680672,1.21656050955414
2020-09-24,Sport Recife,Corinthians,1.0,0.0,H,1.0,1.0,1.1255230125523012,1.232484076433121
2020-09-26,Athletico-PR,Bahia,1.0,0.0,H,1.0,1.0,1.2572463768115942,1.050420168067227
2020-09-26,Internacional,Sao Paulo,1.0,1.0,D,0.0,2.0,1.1985559566787003,1.2738853503184713
2020-09-27,Ceara,Goias,2.0,2.0,D,0.0,4.0,0.9195402298850575,1.1375
2020-09-27,Atletico-MG,Gremio,3.0,1.0,H,1.0,4.0,,1.28343949044586
2020-09-27,Vasco,Bragantino,1.0,1.0,D,0.0,2.0,1.084033613445378,1.2727272727272727
2020-09-27,Palmeiras,Flamengo RJ,1.0,1.0,D,0.0,2.0,1.431159420289855,1.375796178343949
2020-09-27,Atletico GO,Botafogo RJ,1.0,1.0,D,0.0,2.0,1.0116279069767442,1.1304347826086956
2020-09-28,Santos,Fortaleza,1.0,1.0,D,0.0,2.0,1.3428571428571427,1.2448979591836735
2020-09-29,Fluminense,Coritiba,4.0,0.0,H,1.0,4.0,1.2126984126984126,1.0836820083682008
2020-10-01,Corinthians,Atletico GO,0.0,0.0,D,0.0,0.0,1.2285714285714286,1.0114942528735633
2020-10-01,Botafogo RJ,Bahia,1.0,2.0,A,2.0,3.0,1.1299638989169676,1.0460251046025104
2020-10-03,Gremio,Internacional,1.0,1.0,D,0.0,2.0,1.2825396825396826,1.1978417266187051
2020-10-03,Palmeiras,Ceara,2.0,1.0,H,1.0,3.0,1.4296028880866427,0.9318181818181818
2020-10-04,Bragantino,Corinthians,0.0,0.0,D,0.0,0.0,1.25,1.2246835443037976
2020-10-04,Botafogo RJ,Fluminense,1.0,1.0,D,0.0,2.0,1.129496402877698,1.2215189873417722
2020-10-04,Coritiba,Sao Paulo,1.0,1.0,D,0.0,2.0,1.0791666666666666,1.273015873015873
2020-10-04,Flamengo RJ,Athletico-PR,3.0,1.0,H,1.0,4.0,1.3746031746031746,1.256317689530686
2020-10-04,Bahia,Sport Recife,1.0,2.0,A,2.0,3.0,1.05,1.125
2020-10-04,Fortaleza,Atletico GO,0.0,0.0,D,0.0,0.0,1.24,1.0
2020-10-04,Goias,Santos,2.0,3.0,A,2.0,5.0,1.1428571428571428,1.3417721518987342
2020-10-05,Atletico-MG,Vasco,4.0,1.0,H,1.0,5.0,,1.0836820083682008
2020-10-07,Corinthians,Santos,1.0,1.0,D,0.0,2.0,1.220820189274448,1.3470031545741326
2020-10-07,Bahia,Vasco,3.0,0.0,H,1.0,3.0,1.049792531120332,1.0833333333333333
2020-10-07,Flamengo RJ,Sport Recife,3.0,0.0,H,1.0,3.0,1.379746835443038,1.1286307053941909
2020-10-07,Gremio,Coritiba,2.0,1.0,H,1.0,3.0,1.2816455696202531,1.0788381742738589
2020-10-08,Goias,Fluminense,2.0,4.0,A,2.0,6.0,1.1481481481481481,1.220820189274448
2020-10-08,Sao Paulo,Atletico GO,3.0,0.0,H,1.0,3.0,1.2721518987341771,0.9887640449438202
2020-10-08,Botafogo RJ,Palmeiras,2.0,1.0,H,1.0,3.0,1.1290322580645162,1.4316546762589928
2020-10-08,Fortaleza,Atletico-MG,2.0,1.0,H,1.0,3.0,1.2156862745098038,
2020-10-08,Athletico-PR,Ceara,0.0,0.0,D,0.0,0.0,1.2553956834532374,0.9325842696629213
2020-10-09,Bragantino,Internacional,0.0,2.0,A,2.0,2.0,1.1538461538461537,1.1971326164874552
2020-10-10,Vasco,Flamengo RJ,1.0,2.0,A,2.0,3.0,1.0788381742738589,1.384858044164038
2020-10-10,Coritiba,Fortaleza,0.0,0.0,D,0.0,0.0,1.078512396694215,1.2307692307692308
2020-10-10,Palmeiras,Sao Paulo,0.0,2.0,A,2.0,2.0,1.4301075268817205,1.277602523659306
2020-10-11,Atletico-MG,Goias,3.0,0.0,H,1.0,3.0,,1.1533742331288344
2020-10-11,Fluminense,Bahia,1.0,0.0,H,1.0,1.0,1.229559748427673,1.0578512396694215
2020-10-11,Santos,Gremio,2.0,1.0,H,1.0,3.0,1.3459119496855345,1.2839116719242902
2020-10-11,Atletico GO,Bragantino,2.0,1.0,H,1.0,3.0,0.9777777777777777,1.0714285714285714
2020-10-11,Sport Recife,Botafogo RJ,1.0,2.0,A,2.0,3.0,1.1239669421487604,1.1321428571428571
2020-10-12,Internacional,Athletico-PR,2.0,1.0,H,1.0,3.0,1.2,1.2508960573476702
2020-10-12,Ceara,Corinthians,2.0,1.0,H,1.0,3.0,0.9222222222222223,1.220125786163522
2020-10-13,Flamengo RJ,Goias,2.0,1.0,H,1.0,3.0,1.3867924528301887,1.146341463414634
2020-10-14,Palmeiras,Coritiba,1.0,3.0,A,2.0,4.0,1.425,1.0740740740740742
2020-10-14,Gremio,Botafogo RJ,3.0,1.0,H,1.0,4.0,1.2830188679245282,1.1352313167259787
2020-10-15,Santos,Atletico GO,0.0,1.0,A,2.0,1.0,1.347962382445141,0.989010989010989
2020-10-15,Athletico-PR,Corinthians,0.0,1.0,A,2.0,1.0,1.25,1.219435736677116
2020-10-15,Atletico-MG,Fluminense,1.0,1.0,D,0.0,2.0,,1.2288401253918495
2020-10-15,Sport Recife,Internacional,3.0,5.0,A,2.0,8.0,1.123456790123457,1.2028469750889679
2020-10-16,Flamengo RJ,Bragantino,1.0,1.0,D,0.0,2.0,1.3887147335423198,1.0666666666666667
2020-10-17,Fluminense,Ceara,2.0,2.0,D,0.0,4.0,1.228125,0.9340659340659341
2020-10-17,Coritiba,Santos,1.0,2.0,A,2.0,3.0,1.0819672131147542,1.34375
2020-10-17,Atletico GO,Athletico-PR,1.0,1.0,D,0.0,2.0,0.9891304347826086,1.2455516014234875
2020-10-17,Goias,Bahia,1.0,1.0,D,0.0,2.0,1.1454545454545455,1.0534979423868314
2020-10-18,Sao Paulo,Gremio,0.0,0.0,D,0.0,0.0,1.279874213836478,1.2884012539184952
2020-10-18,Corinthians,Flamengo RJ,1.0,5.0,A,2.0,6.0,1.21875,1.3875
2020-10-18,Internacional,Vasco,2.0,0.0,H,1.0,2.0,1.2163120567375887,1.078512396694215
2020-10-19,Bragantino,Sport Recife,2.0,0.0,H,1.0,2.0,1.0625,1.1311475409836065
2020-10-19,Fortaleza,Palmeiras,2.0,0.0,H,1.0,2.0,1.2075471698113207,1.4234875444839858
2020-10-20,Bahia,Atletico-MG,3.0,1.0,H,1.0,4.0,1.0532786885245902,
2020-10-20,Botafogo RJ,Goias,0.0,0.0,D,0.0,0.0,1.1347517730496455,1.144578313253012
2020-10-22,Vasco,Corinthians,1.0,2.0,A,2.0,3.0,1.0740740740740742,1.2180685358255452
2020-10-24,Ceara,Coritiba,2.0,1.0,H,1.0,3.0,0.9456521739130435,1.0816326530612246
2020-10-24,Bragantino,Goias,2.0,0.0,H,1.0,2.0,1.1176470588235294,1.1377245508982037
2020-10-25,Atletico-MG,Sport Recife,0.0,0.0,D,0.0,0.0,,1.126530612244898
2020-10-25,Atletico GO,Palmeiras,0.0,3.0,A,2.0,3.0,0.989247311827957,1.4184397163120568
2020-10-25,Fluminense,Santos,3.0,1.0,H,1.0,4.0,1.2305295950155763,1.3457943925233644
2020-10-25,Athletico-PR,Gremio,1.0,2.0,A,2.0,3.0,1.2446808510638299,1.284375
2020-10-25,Internacional,Flamengo RJ,2.0,2.0,D,0.0,4.0,1.2190812720848057,1.398753894080997
2020-10-31,Botafogo RJ,Ceara,2.0,2.0,D,0.0,4.0,1.1307420494699647,0.956989247311828
2020-10-31,Corinthians,Internacional,1.0,0.0,H,1.0,1.0,1.220496894409938,1.221830985915493
2020-10-31,Coritiba,Atletico GO,1.0,0.0,H,1.0,1.0,1.08130081300813,0.9787234042553191
2020-11-01,Goias,Vasco,1.0,1.0,D,0.0,2.0,1.130952380952381,1.0737704918032787
2020-11-01,Santos,Bahia,3.0,1.0,H,1.0,4.0,1.34472049689441,1.0612244897959184
2020-11-01,Fortaleza,Fluminense,0.0,1.0,A,2.0,1.0,1.2222222222222223,1.236024844720497
2020-11-01,Flamengo RJ,Sao Paulo,1.0,4.0,A,2.0,5.0,1.4006211180124224,1.2758620689655173
2020-11-01,Sport Recife,Athletico-PR,1.0,0.0,H,1.0,1.0,1.1219512195121952,1.243816254416961
2020-11-02,Palmeiras,Atletico-MG,3.0,0.0,H,1.0,3.0,1.4240282685512367,
2020-11-02,Gremio,Bragantino,2.0,1.0,H,1.0,3.0,1.2866043613707165,1.1666666666666667
2020-11-07,Athletico-PR,Fortaleza,2.0,1.0,H,1.0,3.0,1.2394366197183098,1.2
2020-11-07,Sao Paulo,Goias,2.0,1.0,H,1.0,3.0,1.284375,1.1301775147928994
2020-11-08,Fluminense,Gremio,0.0,1.0,A,2.0,1.0,1.2352941176470589,1.2888198757763976
2020-11-08,Ceara,Sport Recife,0.0,0.0,D,0.0,0.0,0.9680851063829787,1.1214574898785425
2020-11-08,Bragantino,Santos,1.0,1.0,D,0.0,2.0,1.1578947368421053,1.3498452012383901
2020-11-08,Bahia,Botafogo RJ,1.0,0.0,H,1.0,1.0,1.0609756097560976,1.1338028169014085
2020-11-08,Vasco,Palmeiras,0.0,1.0,A,2.0,1.0,1.073469387755102,1.4295774647887325
2020-11-08,Internacional,Coritiba,2.0,2.0,D,0.0,4.0,1.2175438596491228,1.0809716599190284
2020-11-08,Atletico GO,Corinthians,1.0,1.0,D,0.0,2.0,0.968421052631579,1.2198142414860682
2020-11-08,Atletico-MG,Flamengo RJ,4.0,0.0,H,1.0,4.0,,1.3993808049535603
2020-11-11,Bahia,Fortaleza,2.0,1.0,H,1.0,3.0,1.0607287449392713,1.1964285714285714
2020-11-14,Gremio,Ceara,4.0,2.0,H,1.0,6.0,1.2879256965944272,0.9578947368421052
2020-11-14,Corinthians,Atletico-MG,1.0,2.0,A,2.0,3.0,1.2191358024691359,
2020-11-14,Fortaleza,Sao Paulo,2.0,3.0,A,2.0,5.0,1.1929824561403508,1.2866043613707165
2020-11-14,Sport Recife,Vasco,0.0,2.0,A,2.0,2.0,1.1169354838709677,1.0691056910569106
2020-11-14,Santos,Internacional,2.0,0.0,H,1.0,2.0,1.3487654320987654,1.2202797202797202
2020-11-14,Goias,Athletico-PR,0.0,1.0,A,2.0,1.0,1.1294117647058823,1.2421052631578948
2020-11-15,Flamengo RJ,Atletico GO,1.0,1.0,D,0.0,2.0,1.3950617283950617,0.96875
2020-11-15,Palmeiras,Fluminense,2.0,0.0,H,1.0,2.0,1.4280701754385965,1.2314814814814814
2020-11-16,Coritiba,Bahia,1.0,2.0,A,2.0,3.0,1.0846774193548387,1.064516129032258
2020-11-16,Botafogo RJ,Bragantino,1.0,2.0,A,2.0,3.0,1.1298245614035087,1.15
2020-11-18,Atletico-MG,Athletico-PR,0.0,2.0,A,2.0,2.0,,1.2412587412587412
2020-11-19,Vasco,Fortaleza,0.0,0.0,D,0.0,0.0,1.0728744939271255,1.206896551724138
2020-11-20,Bragantino,Bahia,4.0,0.0,H,1.0,4.0,1.1904761904761905,1.0682730923694779
2020-11-21,Flamengo RJ,Coritiba,3.0,1.0,H,1.0,4.0,1.393846153846154,1.0843373493975903
2020-11-21,Athletico-PR,Santos,1.0,0.0,H,1.0,1.0,1.2439024390243902,1.3507692307692307
2020-11-22,Goias,Palmeiras,1.0,0.0,H,1.0,1.0,1.1228070175438596,1.43006993006993
2020-11-22,Ceara,Atletico-MG,2.0,2.0,D,0.0,4.0,0.96875,
2020-11-22,Sao Paulo,Vasco,1.0,1.0,D,0.0,2.0,1.2919254658385093,1.0685483870967742
2020-11-22,Botafogo RJ,Fortaleza,1.0,2.0,A,2.0,3.0,1.1293706293706294,1.1864406779661016
2020-11-22,Internacional,Fluminense,1.0,2.0,A,2.0,3.0,1.21602787456446,1.2276923076923076
2020-11-22,Corinthians,Gremio,0.0,0.0,D,0.0,0.0,1.2184615384615385,1.2962962962962963
2020-11-23,Sport Recife,Atletico GO,0.0,1.0,A,2.0,1.0,1.1124497991967872,0.9690721649484536
2020-11-25,Ceara,Sao Paulo,1.0,1.0,D,0.0,2.0,0.979381443298969,1.2910216718266254
2020-11-26,Fortaleza,Goias,1.0,1.0,D,0.0,2.0,1.2,1.122093023255814
2020-11-26,Coritiba,Corinthians,0.0,1.0,A,2.0,1.0,1.084,1.2147239263803682
2020-11-26,Atletico-MG,Botafogo RJ,2.0,1.0,H,1.0,3.0,,1.1289198606271778
2020-11-28,Palmeiras,Athletico-PR,3.0,0.0,H,1.0,3.0,1.4250871080139373,1.2430555555555556
2020-11-28,Santos,Sport Recife,4.0,2.0,H,1.0,6.0,1.3466257668711656,1.108
2020-11-28,Bahia,Sao Paulo,1.0,3.0,A,2.0,4.0,1.064,1.2901234567901234
2020-11-29,Atletico GO,Internacional,0.0,0.0,D,0.0,0.0,0.9693877551020408,1.2152777777777777
2020-11-30,Gremio,Goias,2.0,1.0,H,1.0,3.0,1.2923076923076924,1.1213872832369942
2020-11-30,Vasco,Ceara,1.0,4.0,A,2.0,5.0,1.0682730923694779,0.9795918367346939
2020-11-30,Fluminense,Bragantino,0.0,0.0,D,0.0,0.0,1.2300613496932515,1.3181818181818181
2020-12-03,Goias,Sao Paulo,0.0,3.0,A,2.0,3.0,1.1206896551724137,1.2953846153846154
2020-12-03,Fortaleza,Corinthians,0.0,0.0,D,0.0,0.0,1.1967213114754098,1.2140672782874617
2020-12-05,Fluminense,Athletico-PR,3.0,1.0,H,1.0,4.0,1.2262996941896025,1.2387543252595157
2020-12-05,Bahia,Ceara,0.0,2.0,A,2.0,2.0,1.0637450199203187,1.0101010101010102
2020-12-05,Botafogo RJ,Flamengo RJ,0.0,1.0,A,2.0,1.0,1.1284722222222223,1.3987730061349692
2020-12-05,Santos,Palmeiras,2.0,2.0,D,0.0,4.0,1.3547400611620795,1.4305555555555556
2020-12-06,Coritiba,Bragantino,0.0,0.0,D,0.0,0.0,1.0796812749003983,1.2608695652173914
2020-12-06,Gremio,Vasco,4.0,0.0,H,1.0,4.0,1.294478527607362,1.068
2020-12-06,Sao Paulo,Sport Recife,1.0,0.0,H,1.0,1.0,1.3006134969325154,1.1115537848605577
2020-12-06,Atletico-MG,Internacional,2.0,2.0,D,0.0,4.0,,1.2110726643598615
2020-12-07,Atletico GO,Goias,0.0,1.0,A,2.0,1.0,0.9595959595959596,1.1142857142857143
2020-12-10,Sao Paulo,Botafogo RJ,4.0,0.0,H,1.0,4.0,1.2996941896024465,1.1245674740484428
2020-12-12,Palmeiras,Bahia,3.0,0.0,H,1.0,3.0,1.4325259515570934,1.0595238095238095
2020-12-12,Internacional,Botafogo RJ,2.0,1.0,H,1.0,3.0,1.2137931034482758,1.1206896551724137
2020-12-12,Athletico-PR,Atletico-MG,0.0,1.0,A,2.0,1.0,1.2379310344827585,
2020-12-12,Bragantino,Fortaleza,2.0,1.0,H,1.0,3.0,1.2083333333333333,1.1774193548387097
2020-12-13,Ceara,Atletico GO,1.0,2.0,A,2.0,3.0,1.02,0.95
2020-12-13,Goias,Gremio,0.0,0.0,D,0.0,0.0,1.1136363636363635,1.3027522935779816
2020-12-13,Flamengo RJ,Santos,4.0,1.0,H,1.0,5.0,1.3975535168195719,1.3567073170731707
2020-12-13,Corinthians,Sao Paulo,1.0,0.0,H,1.0,1.0,1.2103658536585367,1.3079268292682926
2020-12-13,Sport Recife,Coritiba,1.0,0.0,H,1.0,1.0,1.1071428571428572,1.0753968253968254
2020-12-13,Vasco,Fluminense,1.0,1.0,D,0.0,2.0,1.0637450199203187,1.2317073170731707
2020-12-17,Sao Paulo,Atletico-MG,3.0,0.0,H,1.0,3.0,1.303951367781155,
2020-12-17,Atletico GO,Fluminense,2.0,1.0,H,1.0,3.0,0.9603960396039604,1.2310030395136777
2020-12-19,Sport Recife,Gremio,1.0,1.0,D,0.0,2.0,1.1067193675889329,1.298780487804878
2020-12-20,Coritiba,Botafogo RJ,1.0,2.0,A,2.0,3.0,1.0711462450592886,1.120274914089347
2020-12-20,Internacional,Palmeiras,2.0,0.0,H,1.0,2.0,1.2164948453608246,1.4379310344827587
2020-12-20,Bragantino,Athletico-PR,0.0,1.0,A,2.0,1.0,1.24,1.2336769759450172
2020-12-20,Vasco,Santos,1.0,0.0,H,1.0,1.0,1.0634920634920635,1.3556231003039514
2020-12-20,Flamengo RJ,Bahia,4.0,3.0,H,1.0,7.0,1.4054878048780488,1.0553359683794465
2020-12-20,Fortaleza,Ceara,0.0,2.0,A,2.0,2.0,1.1746031746031746,1.0198019801980198
2020-12-21,Corinthians,Goias,2.0,1.0,H,1.0,3.0,1.209726443768997,1.1073446327683616
2020-12-26,Goias,Sport Recife,1.0,0.0,H,1.0,1.0,1.1067415730337078,1.1062992125984252
2020-12-26,Fortaleza,Flamengo RJ,0.0,0.0,D,0.0,0.0,1.15625,1.4133738601823709
2020-12-26,Atletico-MG,Coritiba,2.0,0.0,H,1.0,2.0,,1.0708661417322836
2020-12-27,Fluminense,Sao Paulo,1.0,2.0,A,2.0,3.0,1.2303030303030302,1.309090909090909
2020-12-27,Bahia,Internacional,1.0,2.0,A,2.0,3.0,1.062992125984252,1.2191780821917808
2020-12-27,Botafogo RJ,Corinthians,0.0,2.0,A,2.0,2.0,1.1232876712328768,1.2121212121212122
2020-12-27,Athletico-PR,Vasco,3.0,0.0,H,1.0,3.0,1.2328767123287672,1.0632411067193677
2020-12-27,Palmeiras,Bragantino,1.0,0.0,H,1.0,1.0,1.4329896907216495,1.1923076923076923
2020-12-27,Santos,Ceara,1.0,1.0,D,0.0,2.0,1.3515151515151516,1.0294117647058822
2020-12-27,Gremio,Atletico GO,2.0,1.0,H,1.0,3.0,1.297872340425532,0.9705882352941176
2021-01-06,Sport Recife,Fortaleza,1.0,0.0,H,1.0,1.0,1.1019607843137256,1.1384615384615384
2021-01-06,Coritiba,Goias,1.0,2.0,A,2.0,3.0,1.0666666666666667,1.106145251396648
2021-01-06,Botafogo RJ,Athletico-PR,0.0,2.0,A,2.0,2.0,1.1194539249146758,1.2389078498293515
2021-01-06,Gremio,Bahia,2.0,1.0,H,1.0,3.0,1.3,1.0627450980392157
2021-01-07,Bragantino,Sao Paulo,4.0,2.0,H,1.0,6.0,1.1481481481481481,1.311178247734139
2021-01-07,Flamengo RJ,Fluminense,1.0,2.0,A,2.0,3.0,1.4090909090909092,1.229607250755287
2021-01-07,Ceara,Internacional,0.0,2.0,A,2.0,2.0,1.029126213592233,1.2218430034129693
2021-01-08,Atletico GO,Vasco,0.0,0.0,D,0.0,0.0,0.970873786407767,1.0590551181102361
2021-01-09,Coritiba,Athletico-PR,0.0,0.0,D,0.0,0.0,1.06640625,1.2414965986394557
2021-01-09,Sport Recife,Palmeiras,0.0,1.0,A,2.0,1.0,1.1015625,1.4315068493150684
2021-01-10,Internacional,Goias,1.0,0.0,H,1.0,1.0,1.2244897959183674,1.1111111111111112
2021-01-10,Vasco,Botafogo RJ,3.0,0.0,H,1.0,3.0,1.0549019607843138,1.1156462585034013
2021-01-10,Atletico GO,Bahia,1.0,1.0,D,0.0,2.0,0.9615384615384616,1.0625
2021-01-10,Flamengo RJ,Ceara,0.0,2.0,A,2.0,2.0,1.4078549848942599,1.0192307692307692
2021-01-10,Sao Paulo,Santos,0.0,1.0,A,2.0,1.0,1.3132530120481927,1.350453172205438
2021-01-10,Fortaleza,Gremio,0.0,0.0,D,0.0,0.0,1.121212121212121,1.3021148036253776
2021-01-11,Bragantino,Atletico-MG,2.0,2.0,D,0.0,4.0,1.25,
2021-01-14,Corinthians,Fluminense,5.0,0.0,H,1.0,5.0,1.2145015105740182,1.2319277108433735
2021-01-16,Palmeiras,Gremio,1.0,1.0,D,0.0,2.0,1.4300341296928327,1.2981927710843373
2021-01-16,Fluminense,Sport Recife,1.0,0.0,H,1.0,1.0,1.2282282282282282,1.0972762645914398
2021-01-17,Internacional,Fortaleza,4.0,2.0,H,1.0,6.0,1.223728813559322,1.1044776119402986
2021-01-17,Ceara,Bragantino,1.0,2.0,A,2.0,3.0,1.0285714285714285,1.2758620689655173
2021-01-17,Atletico-MG,Atletico GO,3.0,1.0,H,1.0,4.0,,0.9619047619047619
2021-01-17,Athletico-PR,Sao Paulo,1.0,1.0,D,0.0,2.0,1.2372881355932204,1.3093093093093093
2021-01-17,Vasco,Coritiba,0.0,1.0,A,2.0,1.0,1.0625,1.0622568093385214
2021-01-17,Santos,Botafogo RJ,2.0,1.0,H,1.0,3.0,1.3493975903614457,1.111864406779661
2021-01-18,Palmeiras,Corinthians,4.0,0.0,H,1.0,4.0,1.4285714285714286,1.2259036144578312
2021-01-18,Goias,Flamengo RJ,0.0,3.0,A,2.0,3.0,1.1049723756906078,1.4036144578313252
2021-01-20,Botafogo RJ,Atletico GO,1.0,3.0,A,2.0,4.0,1.1114864864864864,0.9622641509433962
2021-01-20,Bahia,Athletico-PR,1.0,0.0,H,1.0,1.0,1.0622568093385214,1.2364864864864864
2021-01-20,Gremio,Atletico-MG,1.0,1.0,D,0.0,2.0,1.2972972972972974,
2021-01-20,Coritiba,Fluminense,3.0,3.0,D,0.0,6.0,1.062015503875969,1.2275449101796407
2021-01-21,Goias,Ceara,0.0,4.0,A,2.0,4.0,1.098901098901099,1.028301886792453
2021-01-21,Fortaleza,Santos,2.0,0.0,H,1.0,2.0,1.1176470588235294,1.3513513513513513
2021-01-21,Flamengo RJ,Palmeiras,2.0,0.0,H,1.0,2.0,1.4084084084084083,1.4372881355932203
2021-01-21,Sao Paulo,Internacional,1.0,5.0,A,2.0,6.0,1.3083832335329342,1.2331081081081081
2021-01-21,Bragantino,Vasco,4.0,1.0,H,1.0,5.0,1.3,1.0583657587548638
2021-01-22,Corinthians,Sport Recife,3.0,0.0,H,1.0,3.0,1.2222222222222223,1.0930232558139534
2021-01-23,Sao Paulo,Coritiba,1.0,1.0,D,0.0,2.0,1.3074626865671641,1.0694980694980696
2021-01-24,Fluminense,Botafogo RJ,2.0,0.0,H,1.0,2.0,1.2328358208955223,1.1111111111111112
2021-01-24,Sport Recife,Bahia,2.0,0.0,H,1.0,2.0,1.0888030888030888,1.062015503875969
2021-01-24,Atletico GO,Fortaleza,2.0,0.0,H,1.0,2.0,0.9813084112149533,1.1304347826086956
2021-01-24,Santos,Goias,3.0,4.0,A,2.0,7.0,1.347305389221557,1.092896174863388
2021-01-24,Ceara,Palmeiras,2.0,1.0,H,1.0,3.0,1.0560747663551402,1.4324324324324325
2021-01-24,Athletico-PR,Flamengo RJ,2.0,1.0,H,1.0,3.0,1.2323232323232323,1.410179640718563
2021-01-24,Vasco,Atletico-MG,3.0,2.0,H,1.0,5.0,1.058139534883721,
2021-01-24,Internacional,Gremio,2.0,1.0,H,1.0,3.0,1.245791245791246,1.2964071856287425
2021-01-25,Corinthians,Bragantino,0.0,2.0,A,2.0,2.0,1.2275449101796407,1.3870967741935485
2021-01-26,Atletico-MG,Santos,2.0,0.0,H,1.0,2.0,,1.3522388059701493
2021-01-26,Palmeiras,Vasco,1.0,1.0,D,0.0,2.0,1.430976430976431,1.0656370656370657
2021-01-28,Bahia,Corinthians,2.0,1.0,H,1.0,3.0,1.057915057915058,1.2238805970149254
2021-01-28,Gremio,Flamengo RJ,2.0,4.0,A,2.0,6.0,1.2955223880597015,1.408955223880597
2021-01-31,Internacional,Bragantino,2.0,1.0,H,1.0,3.0,1.2483221476510067,1.40625
2021-01-31,Fluminense,Goias,3.0,0.0,H,1.0,3.0,1.2351190476190477,1.108695652173913
2021-01-31,Atletico-MG,Fortaleza,2.0,0.0,H,1.0,2.0,,1.1142857142857143
2021-01-31,Coritiba,Gremio,1.0,1.0,D,0.0,2.0,1.0692307692307692,1.2976190476190477
2021-01-31,Vasco,Bahia,0.0,0.0,D,0.0,0.0,1.0653846153846154,1.0615384615384615
2021-01-31,Ceara,Athletico-PR,0.0,2.0,A,2.0,2.0,1.0648148148148149,1.2348993288590604
2021-01-31,Atletico GO,Sao Paulo,2.0,1.0,H,1.0,3.0,0.9907407407407407,1.306547619047619
2021-02-01,Sport Recife,Flamengo RJ,0.0,3.0,A,2.0,3.0,1.0923076923076922,1.4166666666666667
2021-02-02,Palmeiras,Botafogo RJ,1.0,1.0,D,0.0,2.0,1.429530201342282,1.1073825503355705
2021-02-03,Gremio,Santos,3.0,3.0,D,0.0,6.0,1.2967359050445104,1.3482142857142858
2021-02-03,Bragantino,Atletico GO,2.0,0.0,H,1.0,2.0,1.393939393939394,1.0
2021-02-04,Fortaleza,Coritiba,3.0,1.0,H,1.0,4.0,1.0985915492957747,1.0689655172413792
2021-02-04,Goias,Atletico-MG,1.0,0.0,H,1.0,1.0,1.1027027027027028,
2021-02-04,Bahia,Fluminense,0.0,1.0,A,2.0,1.0,1.0574712643678161,1.2403560830860534
2021-02-04,Corinthians,Ceara,2.0,1.0,H,1.0,3.0,1.2232142857142858,1.055045871559633
2021-02-05,Athletico-PR,Internacional,0.0,0.0,D,0.0,0.0,1.2374581939799332,1.2508361204013378
2021-02-05,Flamengo RJ,Vasco,2.0,0.0,H,1.0,2.0,1.4213649851632046,1.0613026819923372
2021-02-05,Botafogo RJ,Sport Recife,0.0,1.0,A,2.0,1.0,1.1070234113712374,1.0881226053639848
2021-02-06,Bahia,Goias,3.0,3.0,D,0.0,6.0,1.0534351145038168,1.1021505376344085
2021-02-07,Atletico GO,Santos,1.0,1.0,D,0.0,2.0,0.990909090909091,1.3531157270029674
2021-02-07,Bragantino,Flamengo RJ,1.0,1.0,D,0.0,2.0,1.411764705882353,1.4230769230769231
2021-02-08,Botafogo RJ,Gremio,2.0,5.0,A,2.0,7.0,1.1033333333333333,1.301775147928994
2021-02-10,Fortaleza,Vasco,3.0,0.0,H,1.0,3.0,1.125,1.0572519083969465
2021-02-10,Internacional,Sport Recife,1.0,2.0,A,2.0,3.0,1.2466666666666666,1.0877862595419847
2021-02-11,Sao Paulo,Ceara,1.0,1.0,D,0.0,2.0,1.3056379821958457,1.0545454545454545
2021-02-11,Corinthians,Athletico-PR,3.0,3.0,D,0.0,6.0,1.225519287833828,1.2333333333333334
2021-02-11,Fluminense,Atletico-MG,0.0,0.0,D,0.0,0.0,1.2396449704142012,
2021-02-13,Goias,Botafogo RJ,2.0,0.0,H,1.0,2.0,1.1122994652406417,1.106312292358804
2021-02-13,Atletico-MG,Bahia,1.0,1.0,D,0.0,2.0,,1.0608365019011408
2021-02-13,Santos,Coritiba,2.0,0.0,H,1.0,2.0,1.3520710059171597,1.0687022900763359
2021-02-14,Gremio,Sao Paulo,1.0,2.0,A,2.0,3.0,1.3126843657817109,1.3047337278106508
2021-02-14,Palmeiras,Fortaleza,3.0,0.0,H,1.0,3.0,1.4280936454849498,1.1506849315068493
2021-02-14,Athletico-PR,Atletico GO,2.0,1.0,H,1.0,3.0,1.239202657807309,0.990990990990991
2021-02-14,Vasco,Internacional,0.0,2.0,A,2.0,2.0,1.053231939163498,1.2458471760797343
2021-02-14,Flamengo RJ,Corinthians,2.0,1.0,H,1.0,3.0,1.4218289085545723,1.2307692307692308
2021-02-15,Ceara,Fluminense,1.0,3.0,A,2.0,4.0,1.054054054054054,1.2359882005899705
2021-02-15,Sport Recife,Bragantino,0.0,0.0,D,0.0,0.0,1.091254752851711,1.4
2021-02-17,Santos,Corinthians,1.0,0.0,H,1.0,1.0,1.3539823008849559,1.2300884955752212
2021-02-17,Coritiba,Palmeiras,1.0,0.0,H,1.0,1.0,1.064638783269962,1.4333333333333333
2021-02-20,Sao Paulo,Palmeiras,1.0,1.0,D,0.0,2.0,1.3067846607669618,1.4285714285714286
2021-02-20,Coritiba,Ceara,0.0,2.0,A,2.0,2.0,1.0643939393939394,1.0535714285714286
2021-02-21,Santos,Fluminense,1.0,1.0,D,0.0,2.0,1.3529411764705883,1.2411764705882353
2021-02-21,Goias,Bragantino,0.0,0.0,D,0.0,0.0,1.1170212765957446,1.3611111111111112
2021-02-21,Gremio,Athletico-PR,1.0,0.0,H,1.0,1.0,1.311764705882353,1.2417218543046358
2021-02-21,Sport Recife,Atletico-MG,2.0,3.0,A,2.0,5.0,1.0871212121212122,
2021-02-21,Flamengo RJ,Internacional,2.0,1.0,H,1.0,3.0,1.423529411764706,1.2483443708609272
2021-02-21,Corinthians,Vasco,0.0,0.0,D,0.0,0.0,1.2264705882352942,1.0492424242424243
2021-02-21,Fortaleza,Bahia,0.0,4.0,A,2.0,4.0,1.135135135135135,1.0606060606060606
2021-02-22,Palmeiras,Atletico GO,1.0,1.0,D,0.0,2.0,1.4271523178807948,0.9910714285714286
2021-02-22,Botafogo RJ,Sao Paulo,1.0,0.0,H,1.0,1.0,1.1026490066225165,1.3058823529411765
2021-02-26,Vasco,Goias,3.0,2.0,H,1.0,5.0,1.0452830188679245,1.1111111111111112
2021-02-26,Sao Paulo,Flamengo RJ,2.0,1.0,H,1.0,3.0,1.3020527859237536,1.4252199413489737
2021-02-26,Internacional,Corinthians,0.0,0.0,D,0.0,0.0,1.2475247524752475,1.2228739002932552
2021-02-26,Fluminense,Fortaleza,2.0,0.0,H,1.0,2.0,1.2404692082111437,1.12
2021-02-26,Ceara,Botafogo RJ,2.0,1.0,H,1.0,3.0,1.0619469026548674,1.1023102310231023
2021-02-26,Bragantino,Gremio,1.0,0.0,H,1.0,1.0,1.3243243243243243,1.310850439882698
2021-02-26,Bahia,Santos,2.0,0.0,H,1.0,2.0,1.0716981132075472,1.3519061583577712
2021-02-26,Atletico-MG,Palmeiras,2.0,0.0,H,1.0,2.0,,1.4257425742574257
2021-02-26,Atletico GO,Coritiba,3.0,1.0,H,1.0,4.0,0.9911504424778761,1.060377358490566
2021-02-26,Athletico-PR,Sport Recife,2.0,0.0,H,1.0,2.0,1.2376237623762376,1.090566037735849
2021-05-29,Cuiaba,Juventude,2.0,2.0,D,0.0,4.0,1.0,1.0
2021-05-30,Corinthians,Atletico GO,0.0,1.0,A,2.0,1.0,1.219298245614035,1.0087719298245614
2021-05-30,Chapecoense-SC,Bragantino,0.0,3.0,A,2.0,3.0,,1.3157894736842106
2021-05-30,Athletico-PR,America MG,1.0,0.0,H,1.0,1.0,1.2401315789473684,0.6973684210526315
2021-05-30,Flamengo RJ,Palmeiras,1.0,0.0,H,1.0,1.0,1.4239766081871346,1.4210526315789473
2021-05-30,Ceara,Gremio,3.0,2.0,H,1.0,5.0,1.0701754385964912,1.3070175438596492
2021-05-30,Atletico-MG,Fortaleza,1.0,2.0,A,2.0,3.0,,1.105263157894737
2021-05-30,Sao Paulo,Fluminense,0.0,0.0,D,0.0,0.0,1.304093567251462,1.2426900584795322
2021-05-30,Bahia,Santos,3.0,0.0,H,1.0,3.0,1.0751879699248121,1.347953216374269
2021-05-31,Internacional,Sport Recife,2.0,2.0,D,0.0,4.0,1.243421052631579,1.086466165413534
2021-06-05,Atletico GO,Sao Paulo,2.0,0.0,H,1.0,2.0,1.008695652173913,1.3002915451895043
2021-06-06,Palmeiras,Chapecoense-SC,3.0,1.0,H,1.0,4.0,1.4163934426229507,
2021-06-06,Juventude,Athletico-PR,0.0,3.0,A,2.0,3.0,2.0,1.2393442622950819
2021-06-06,America MG,Corinthians,0.0,1.0,A,2.0,1.0,0.6883116883116883,1.215743440233236
2021-06-06,Fortaleza,Internacional,5.0,1.0,H,1.0,6.0,1.1168831168831168,1.2459016393442623
2021-06-06,Santos,Ceara,3.0,1.0,H,1.0,4.0,1.3440233236151604,1.0869565217391304
2021-06-06,Bragantino,Bahia,3.0,3.0,D,0.0,6.0,1.358974358974359,1.0823970037453183
2021-06-06,Fluminense,Cuiaba,1.0,0.0,H,1.0,1.0,1.239067055393586,2.0
2021-06-07,Sport Recife,Atletico-MG,0.0,1.0,A,2.0,1.0,1.0898876404494382,
2021-06-12,Palmeiras,Corinthians,1.0,1.0,D,0.0,2.0,1.4215686274509804,1.2151162790697674
2021-06-12,Santos,Juventude,0.0,0.0,D,0.0,0.0,1.3488372093023255,1.0
2021-06-13,Gremio,Athletico-PR,0.0,1.0,A,2.0,1.0,1.3090379008746356,1.2450980392156863
2021-06-13,Atletico-MG,Sao Paulo,1.0,0.0,H,1.0,1.0,,1.2965116279069768
2021-06-13,Flamengo RJ,America MG,2.0,0.0,H,1.0,2.0,1.4227405247813412,0.6794871794871795
2021-06-14,Fortaleza,Sport Recife,1.0,0.0,H,1.0,1.0,1.1666666666666667,1.085820895522388
2021-06-14,Chapecoense-SC,Ceara,0.0,0.0,D,0.0,0.0,,1.0862068965517242
2021-06-14,Bahia,Internacional,0.0,1.0,A,2.0,1.0,1.0895522388059702,1.2450980392156863
2021-06-14,Bragantino,Fluminense,2.0,2.0,D,0.0,4.0,1.4,1.2383720930232558
2021-06-16,Internacional,Atletico-MG,0.0,1.0,A,2.0,1.0,1.244299674267101,
2021-06-16,Sao Paulo,Chapecoense-SC,1.0,1.0,D,0.0,2.0,1.2927536231884058,
2021-06-17,Sport Recife,Gremio,1.0,0.0,H,1.0,1.0,1.0817843866171004,1.305232558139535
2021-06-17,Atletico GO,Fortaleza,0.0,0.0,D,0.0,0.0,1.0172413793103448,1.1645569620253164
2021-06-17,Ceara,Bahia,1.0,2.0,A,2.0,3.0,1.0769230769230769,1.0855018587360594
2021-06-17,Fluminense,Santos,1.0,0.0,H,1.0,1.0,1.2405797101449276,1.344927536231884
2021-06-17,Juventude,Palmeiras,0.0,3.0,A,2.0,3.0,0.6666666666666666,1.4201954397394136
2021-06-17,Corinthians,Bragantino,1.0,2.0,A,2.0,3.0,1.2144927536231884,1.4146341463414633
2021-06-17,America MG,Cuiaba,0.0,0.0,D,0.0,0.0,0.6708860759493671,1.0
2021-06-20,Santos,Sao Paulo,2.0,0.0,H,1.0,2.0,1.3410404624277457,1.2919075144508672
2021-06-20,Flamengo RJ,Bragantino,2.0,3.0,A,2.0,5.0,1.4244186046511629,1.4285714285714286
2021-06-20,Palmeiras,America MG,2.0,1.0,H,1.0,3.0,1.4253246753246753,0.6625
2021-06-20,Bahia,Corinthians,0.0,0.0,D,0.0,0.0,1.0888888888888888,1.2138728323699421
2021-06-20,Internacional,Ceara,1.0,1.0,D,0.0,2.0,1.2402597402597402,1.076271186440678
2021-06-20,Athletico-PR,Atletico GO,2.0,1.0,H,1.0,3.0,1.244299674267101,1.0085470085470085
2021-06-20,Fortaleza,Fluminense,1.0,1.0,D,0.0,2.0,1.15,1.239884393063584
2021-06-21,Juventude,Sport Recife,1.0,0.0,H,1.0,1.0,0.5,1.0814814814814815
2021-06-22,Atletico-MG,Chapecoense-SC,1.0,1.0,D,0.0,2.0,,
2021-06-23,Sao Paulo,Cuiaba,2.0,2.0,D,0.0,4.0,1.2881844380403458,0.6666666666666666
2021-06-23,Flamengo RJ,Fortaleza,2.0,1.0,H,1.0,3.0,1.4260869565217391,1.1481481481481481
2021-06-23,Atletico GO,Fluminense,1.0,0.0,H,1.0,1.0,1.0084745762711864,1.239193083573487
2021-06-23,Bragantino,Palmeiras,3.0,1.0,H,1.0,4.0,1.4651162790697674,1.4271844660194175
2021-06-24,America MG,Juventude,1.0,1.0,D,0.0,2.0,0.6666666666666666,0.6
2021-06-24,Ceara,Atletico-MG,2.0,1.0,H,1.0,3.0,1.0756302521008403,
2021-06-24,Chapecoense-SC,Internacional,1.0,2.0,A,2.0,3.0,,1.2394822006472492
2021-06-24,Corinthians,Sport Recife,2.0,1.0,H,1.0,3.0,1.2103746397694524,1.0774907749077491
2021-06-25,Bahia,Athletico-PR,2.0,1.0,H,1.0,3.0,1.084870848708487,1.2467532467532467
2021-06-25,Gremio,Santos,2.0,2.0,D,0.0,4.0,1.3014492753623188,1.3429394812680115
2021-06-27,Juventude,Flamengo RJ,1.0,0.0,H,1.0,1.0,0.6666666666666666,1.4277456647398843
2021-06-27,Fluminense,Corinthians,1.0,1.0,D,0.0,2.0,1.235632183908046,1.2126436781609196
2021-06-28,Santos,Atletico-MG,2.0,0.0,H,1.0,2.0,1.3448275862068966,
2021-06-28,Athletico-PR,Chapecoense-SC,2.0,2.0,D,0.0,4.0,1.2459546925566343,
2021-06-28,Gremio,Fortaleza,0.0,0.0,D,0.0,0.0,1.3034682080924855,1.146341463414634
2021-06-28,Palmeiras,Bahia,3.0,2.0,H,1.0,5.0,1.4258064516129032,1.088235294117647
2021-06-28,America MG,Internacional,1.0,1.0,D,0.0,2.0,0.6707317073170732,1.2419354838709677
2021-06-28,Ceara,Sao Paulo,1.0,1.0,D,0.0,2.0,1.0833333333333333,1.2902298850574712
2021-06-28,Sport Recife,Cuiaba,0.0,0.0,D,0.0,0.0,1.0772058823529411,1.0
2021-06-29,Atletico GO,Bragantino,0.0,1.0,A,2.0,1.0,1.0084033613445378,1.5
2021-06-30,Internacional,Palmeiras,1.0,2.0,A,2.0,3.0,1.2411575562700965,1.4308681672025723
2021-06-30,Bahia,America MG,3.0,4.0,A,2.0,7.0,1.0915750915750915,0.6746987951807228
2021-06-30,Fortaleza,Chapecoense-SC,3.0,2.0,H,1.0,5.0,1.1325301204819278,
2021-06-30,Fluminense,Athletico-PR,1.0,4.0,A,2.0,5.0,1.2349570200573066,1.2483870967741935
2021-07-01,Santos,Sport Recife,0.0,0.0,D,0.0,0.0,1.346704871060172,1.0732600732600732
2021-07-01,Corinthians,Sao Paulo,0.0,0.0,D,0.0,0.0,1.2120343839541547,1.2893982808022924
2021-07-01,Juventude,Gremio,2.0,0.0,H,1.0,2.0,0.7142857142857143,1.2997118155619596
2021-07-01,Bragantino,Ceara,0.0,0.0,D,0.0,0.0,1.488888888888889,1.0826446280991735
2021-07-01,Atletico-MG,Atletico GO,4.0,1.0,H,1.0,5.0,,1.0
2021-07-02,Cuiaba,Flamengo RJ,0.0,2.0,A,2.0,2.0,0.8,1.4236311239193085
2021-07-03,America MG,Santos,2.0,0.0,H,1.0,2.0,0.7142857142857143,1.3428571428571427
2021-07-03,Athletico-PR,Fortaleza,2.0,1.0,H,1.0,3.0,1.257234726688103,1.1547619047619047
2021-07-04,Sao Paulo,Bragantino,1.0,2.0,A,2.0,3.0,1.2857142857142858,1.4565217391304348
2021-07-04,Cuiaba,Atletico-MG,0.0,1.0,A,2.0,1.0,0.6666666666666666,
2021-07-04,Ceara,Juventude,2.0,0.0,H,1.0,2.0,1.0737704918032787,0.875
2021-07-04,Chapecoense-SC,Bahia,0.0,2.0,A,2.0,2.0,,1.0985401459854014
2021-07-04,Flamengo RJ,Fluminense,0.0,1.0,A,2.0,1.0,1.4252873563218391,1.2342857142857142
2021-07-04,Corinthians,Internacional,1.0,1.0,D,0.0,2.0,1.2085714285714286,1.2403846153846154
2021-07-04,Sport Recife,Palmeiras,0.0,1.0,A,2.0,1.0,1.0693430656934306,1.4326923076923077
2021-07-05,Gremio,Atletico GO,0.0,1.0,A,2.0,1.0,1.2959770114942528,1.0
2021-07-06,Santos,Athletico-PR,2.0,1.0,H,1.0,3.0,1.339031339031339,1.2596153846153846
2021-07-07,Palmeiras,Gremio,2.0,0.0,H,1.0,2.0,1.4313099041533546,1.2922636103151863
2021-07-07,Atletico GO,Sport Recife,1.0,1.0,D,0.0,2.0,1.0,1.0654545454545454
2021-07-07,Fortaleza,America MG,4.0,0.0,H,1.0,4.0,1.1529411764705881,0.7294117647058823
2021-07-07,Bahia,Juventude,1.0,0.0,H,1.0,1.0,1.1018181818181818,0.7777777777777778
2021-07-07,Bragantino,Cuiaba,1.0,1.0,D,0.0,2.0,1.4680851063829787,0.5714285714285714
2021-07-07,Atletico-MG,Flamengo RJ,2.0,1.0,H,1.0,3.0,,1.4212034383954155
2021-07-08,Fluminense,Ceara,0.0,0.0,D,0.0,0.0,1.2336182336182335,1.08130081300813
2021-07-08,Internacional,Sao Paulo,0.0,2.0,A,2.0,2.0,1.2396166134185302,1.2849002849002849
2021-07-09,Chapecoense-SC,Corinthians,0.0,1.0,A,2.0,1.0,,1.207977207977208
2021-07-10,Gremio,Internacional,0.0,0.0,D,0.0,0.0,1.2885714285714285,1.2356687898089171
2021-07-10,Palmeiras,Santos,3.0,2.0,H,1.0,5.0,1.4331210191082802,1.3409090909090908
2021-07-10,Athletico-PR,Bragantino,2.0,2.0,D,0.0,4.0,1.2587859424920127,1.4583333333333333
2021-07-10,America MG,Atletico-MG,0.0,1.0,A,2.0,1.0,0.7209302325581395,
2021-07-10,Sao Paulo,Bahia,1.0,0.0,H,1.0,1.0,1.2869318181818181,1.1014492753623188
2021-07-10,Sport Recife,Fluminense,1.0,2.0,A,2.0,3.0,1.065217391304348,1.2301136363636365
2021-07-11,Juventude,Atletico GO,1.0,1.0,D,0.0,2.0,0.7,1.0
2021-07-11,Cuiaba,Ceara,2.0,2.0,D,0.0,4.0,0.625,1.0725806451612903
2021-07-11,Flamengo RJ,Chapecoense-SC,2.0,1.0,H,1.0,3.0,1.42,
2021-07-12,Fortaleza,Corinthians,1.0,0.0,H,1.0,1.0,1.186046511627907,1.2073863636363635
2021-07-17,Corinthians,Atletico-MG,1.0,2.0,A,2.0,3.0,1.2039660056657224,
2021-07-17,Sao Paulo,Fortaleza,0.0,1.0,A,2.0,1.0,1.2861189801699717,1.1839080459770115
2021-07-17,Ceara,Athletico-PR,1.0,0.0,H,1.0,1.0,1.08,1.2611464968152866
2021-07-18,Bahia,Flamengo RJ,0.0,5.0,A,2.0,5.0,1.0974729241877257,1.4216524216524216
2021-07-18,Atletico GO,Palmeiras,0.0,3.0,A,2.0,3.0,1.0,1.438095238095238
2021-07-18,Fluminense,Gremio,0.0,1.0,A,2.0,1.0,1.2322946175637395,1.2849002849002849
2021-07-18,Chapecoense-SC,Cuiaba,2.0,3.0,A,2.0,5.0,,0.7777777777777778
2021-07-19,Bragantino,Santos,2.0,2.0,D,0.0,4.0,1.469387755102041,1.3427762039660056
2021-07-19,Internacional,Juventude,1.0,0.0,H,1.0,1.0,1.2317460317460318,0.7272727272727273
2021-07-20,America MG,Sport Recife,0.0,1.0,A,2.0,1.0,0.7126436781609196,1.0649819494584838
2021-07-21,Cuiaba,Atletico GO,2.0,1.0,H,1.0,3.0,1.0,0.992
2021-07-24,Gremio,America MG,1.0,1.0,D,0.0,2.0,1.2840909090909092,0.7045454545454546
2021-07-24,Palmeiras,Fluminense,1.0,0.0,H,1.0,1.0,1.4430379746835442,1.228813559322034
2021-07-25,Fortaleza,Bragantino,1.0,0.0,H,1.0,1.0,1.1818181818181819,1.48
2021-07-25,Atletico-MG,Bahia,3.0,0.0,H,1.0,3.0,,1.0935251798561152
2021-07-25,Flamengo RJ,Sao Paulo,5.0,1.0,H,1.0,6.0,1.4318181818181819,1.2824858757062148
2021-07-25,Athletico-PR,Internacional,2.0,1.0,H,1.0,3.0,1.2571428571428571,1.231012658227848
2021-07-25,Santos,Atletico GO,0.0,1.0,A,2.0,1.0,1.344632768361582,0.9920634920634921
2021-07-26,Sport Recife,Ceara,0.0,0.0,D,0.0,0.0,1.064748201438849,1.0793650793650793
2021-07-26,Juventude,Chapecoense-SC,1.0,0.0,H,1.0,1.0,0.6666666666666666,
2021-07-27,Cuiaba,Corinthians,1.0,2.0,A,2.0,3.0,1.0909090909090908,1.2033898305084745
2021-07-31,Sao Paulo,Palmeiras,0.0,0.0,D,0.0,0.0,1.2816901408450705,1.4416403785488958
2021-08-01,Bahia,Sport Recife,0.0,1.0,A,2.0,1.0,1.0896057347670252,1.060931899641577
2021-08-01,Chapecoense-SC,Santos,0.0,1.0,A,2.0,1.0,,1.3408450704225352
2021-08-01,Corinthians,Flamengo RJ,1.0,3.0,A,2.0,4.0,1.2056338028169014,1.4419263456090652
2021-08-01,Internacional,Cuiaba,0.0,0.0,D,0.0,0.0,1.2302839116719242,1.0833333333333333
2021-08-01,Bragantino,Gremio,1.0,0.0,H,1.0,1.0,1.4509803921568627,1.2832861189801699
2021-08-01,Atletico-MG,Athletico-PR,2.0,0.0,H,1.0,2.0,,1.259493670886076
2021-08-02,Atletico GO,America MG,1.0,1.0,D,0.0,2.0,0.9921259842519685,0.7078651685393258
2021-08-02,Ceara,Fortaleza,3.0,1.0,H,1.0,4.0,1.0708661417322836,1.1797752808988764
2021-08-06,Sport Recife,Bragantino,0.0,0.0,D,0.0,0.0,1.0607142857142857,1.4423076923076923
2021-08-07,Athletico-PR,Sao Paulo,1.0,2.0,A,2.0,3.0,1.2555205047318612,1.2780898876404494
2021-08-08,Santos,Corinthians,0.0,0.0,D,0.0,0.0,1.3398876404494382,1.2050561797752808
2021-08-08,Ceara,Atletico GO,0.0,0.0,D,0.0,0.0,1.0859375,0.9921875
2021-08-08,Juventude,Atletico-MG,1.0,2.0,A,2.0,3.0,0.6923076923076923,
2021-08-08,Flamengo RJ,Internacional,0.0,4.0,A,2.0,4.0,1.4463276836158192,1.2264150943396226
2021-08-08,Palmeiras,Fortaleza,2.0,3.0,A,2.0,5.0,1.4371069182389937,1.1777777777777778
2021-08-08,Cuiaba,Bahia,1.0,1.0,D,0.0,2.0,1.0,1.0857142857142856
2021-08-08,America MG,Fluminense,1.0,0.0,H,1.0,1.0,0.7111111111111111,1.2253521126760563
2021-08-10,Gremio,Chapecoense-SC,2.0,1.0,H,1.0,3.0,1.2796610169491525,
2021-08-14,Atletico-MG,Palmeiras,2.0,0.0,H,1.0,2.0,,1.438871473354232
2021-08-14,Bragantino,Juventude,1.0,2.0,A,2.0,3.0,1.4150943396226414,0.7142857142857143
2021-08-15,Fortaleza,Santos,1.0,1.0,D,0.0,2.0,1.1978021978021978,1.3361344537815125
2021-08-15,Cuiaba,Athletico-PR,1.0,0.0,H,1.0,1.0,1.0,1.2547169811320755
2021-08-15,Bahia,Atletico GO,1.0,2.0,A,2.0,3.0,1.085409252669039,0.9844961240310077
2021-08-15,Sao Paulo,Gremio,2.0,1.0,H,1.0,3.0,1.280112044817927,1.2816901408450705
2021-08-15,Corinthians,Ceara,3.0,1.0,H,1.0,4.0,1.2016806722689075,1.0775193798449612
2021-08-15,Flamengo RJ,Sport Recife,2.0,0.0,H,1.0,2.0,1.4422535211267606,1.0569395017793595
2021-08-16,Internacional,Fluminense,4.0,2.0,H,1.0,6.0,1.2351097178683386,1.2219101123595506
2021-08-17,Chapecoense-SC,America MG,1.0,1.0,D,0.0,2.0,,0.7142857142857143
2021-08-18,Cuiaba,Gremio,0.0,1.0,A,2.0,1.0,1.0,1.2808988764044944
2021-08-21,Atletico GO,Chapecoense-SC,1.0,1.0,D,0.0,2.0,0.9923076923076923,
2021-08-21,Gremio,Bahia,2.0,0.0,H,1.0,2.0,1.280112044817927,1.0851063829787233
2021-08-22,Santos,Internacional,2.0,2.0,D,0.0,4.0,1.335195530726257,1.24375
2021-08-22,Ceara,Flamengo RJ,1.0,1.0,D,0.0,2.0,1.0769230769230769,1.4438202247191012
2021-08-22,Athletico-PR,Corinthians,0.0,1.0,A,2.0,1.0,1.250783699059561,1.2067039106145252
2021-08-22,Juventude,Fortaleza,1.0,1.0,D,0.0,2.0,0.8,1.1956521739130435
2021-08-22,Palmeiras,Cuiaba,0.0,2.0,A,2.0,2.0,1.434375,0.9375
2021-08-23,Sport Recife,Sao Paulo,0.0,1.0,A,2.0,1.0,1.053191489361702,1.282122905027933
2021-08-24,America MG,Bragantino,0.0,2.0,A,2.0,2.0,0.717391304347826,1.4074074074074074
2021-08-24,Fluminense,Atletico-MG,1.0,1.0,D,0.0,2.0,1.2240896358543418,
2021-08-28,Sport Recife,Chapecoense-SC,0.0,0.0,D,0.0,0.0,1.0494699646643109,
2021-08-28,Santos,Flamengo RJ,0.0,4.0,A,2.0,4.0,1.3370473537604457,1.442577030812325
2021-08-29,Atletico GO,Internacional,0.0,0.0,D,0.0,0.0,0.9923664122137404,1.2461059190031152
2021-08-29,Juventude,Sao Paulo,1.0,1.0,D,0.0,2.0,0.8125,1.2813370473537604
2021-08-29,Gremio,Corinthians,0.0,1.0,A,2.0,1.0,1.282122905027933,1.2061281337047354
2021-08-29,Palmeiras,Athletico-PR,2.0,1.0,H,1.0,3.0,1.4299065420560748,1.246875
2021-08-29,America MG,Ceara,2.0,0.0,H,1.0,2.0,0.7096774193548387,1.0763358778625953
2021-08-30,Bragantino,Atletico-MG,1.0,1.0,D,0.0,2.0,1.4181818181818182,
2021-08-30,Fluminense,Bahia,2.0,0.0,H,1.0,2.0,1.223463687150838,1.0812720848056536
2021-08-31,Fortaleza,Cuiaba,0.0,0.0,D,0.0,0.0,1.1935483870967742,1.0
2021-09-02,Fluminense,Juventude,1.0,1.0,D,0.0,2.0,1.2256267409470751,0.8235294117647058
2021-09-05,Bahia,Fortaleza,4.0,2.0,H,1.0,6.0,1.0774647887323943,1.1808510638297873
2021-09-05,Cuiaba,Santos,2.0,1.0,H,1.0,3.0,0.9444444444444444,1.3333333333333333
2021-09-05,Athletico-PR,Sport Recife,0.0,0.0,D,0.0,0.0,1.2461059190031152,1.045774647887324
2021-09-08,Chapecoense-SC,Fluminense,1.0,2.0,A,2.0,3.0,,1.225
2021-09-08,Corinthians,Juventude,1.0,1.0,D,0.0,2.0,1.2055555555555555,0.8333333333333334
2021-09-11,America MG,Athletico-PR,2.0,0.0,H,1.0,2.0,0.723404255319149,1.2422360248447204
2021-09-11,Juventude,Cuiaba,1.0,2.0,A,2.0,3.0,0.8421052631578947,1.0
2021-09-11,Bragantino,Chapecoense-SC,1.0,2.0,A,2.0,3.0,1.4107142857142858,
2021-09-12,Atletico GO,Corinthians,1.0,1.0,D,0.0,2.0,0.9848484848484849,1.2049861495844876
2021-09-12,Fortaleza,Atletico-MG,0.0,2.0,A,2.0,2.0,1.1894736842105262,
2021-09-12,Palmeiras,Flamengo RJ,1.0,3.0,A,2.0,4.0,1.4316770186335404,1.4497206703910615
2021-09-12,Santos,Bahia,0.0,0.0,D,0.0,0.0,1.332409972299169,1.087719298245614
2021-09-12,Gremio,Ceara,2.0,0.0,H,1.0,2.0,1.2785515320334262,1.0681818181818181
2021-09-13,Fluminense,Sao Paulo,2.0,1.0,H,1.0,3.0,1.2271468144044322,1.2805555555555554
2021-09-14,Sport Recife,Internacional,0.0,1.0,A,2.0,1.0,1.0421052631578946,1.2422360248447204
2021-09-18,Chapecoense-SC,Palmeiras,0.0,2.0,A,2.0,2.0,,1.4303405572755419
2021-09-18,Athletico-PR,Juventude,2.0,1.0,H,1.0,3.0,1.238390092879257,0.85
2021-09-18,Atletico-MG,Sport Recife,3.0,0.0,H,1.0,3.0,,1.0384615384615385
2021-09-19,Corinthians,America MG,1.0,1.0,D,0.0,2.0,1.2044198895027625,0.7368421052631579
2021-09-19,Sao Paulo,Atletico GO,2.0,1.0,H,1.0,3.0,1.2797783933518005,0.9849624060150376
2021-09-19,Internacional,Fortaleza,1.0,0.0,H,1.0,1.0,1.241486068111455,1.1770833333333333
2021-09-19,Bahia,Bragantino,1.0,1.0,D,0.0,2.0,1.083916083916084,1.4035087719298245
2021-09-19,Ceara,Santos,0.0,0.0,D,0.0,0.0,1.0601503759398496,1.328729281767956
2021-09-20,Flamengo RJ,Gremio,0.0,1.0,A,2.0,1.0,1.4540389972144847,1.2805555555555554
2021-09-21,Cuiaba,Fluminense,2.0,2.0,D,0.0,4.0,1.05,1.229281767955801
2021-09-23,Sao Paulo,America MG,0.0,0.0,D,0.0,0.0,1.281767955801105,0.7395833333333334
2021-09-25,Ceara,Chapecoense-SC,1.0,0.0,H,1.0,1.0,1.0522388059701493,
2021-09-25,Corinthians,Palmeiras,2.0,1.0,H,1.0,3.0,1.2038567493112948,1.4320987654320987
2021-09-26,Sport Recife,Fortaleza,0.0,1.0,A,2.0,1.0,1.0348432055749128,1.1649484536082475
2021-09-26,Athletico-PR,Gremio,4.0,2.0,H,1.0,6.0,1.2407407407407407,1.2797783933518005
2021-09-26,Juventude,Santos,3.0,0.0,H,1.0,3.0,0.8571428571428571,1.325068870523416
2021-09-26,America MG,Flamengo RJ,1.0,1.0,D,0.0,2.0,0.7319587628865979,1.45
2021-09-26,Fluminense,Bragantino,2.0,1.0,H,1.0,3.0,1.2314049586776858,1.396551724137931
2021-09-26,Sao Paulo,Atletico-MG,0.0,0.0,D,0.0,0.0,1.278236914600551,
2021-09-26,Internacional,Bahia,2.0,0.0,H,1.0,2.0,1.2407407407407407,1.083623693379791
2021-09-27,Atletico GO,Cuiaba,0.0,0.0,D,0.0,0.0,0.9850746268656716,1.0952380952380953
2021-10-02,Cuiaba,America MG,0.0,2.0,A,2.0,2.0,1.0454545454545454,0.7346938775510204
2021-10-02,Fortaleza,Atletico GO,0.0,3.0,A,2.0,3.0,1.163265306122449,0.9777777777777777
2021-10-02,Bragantino,Corinthians,2.0,2.0,D,0.0,4.0,1.3898305084745763,1.206043956043956
2021-10-03,Palmeiras,Juventude,1.0,1.0,D,0.0,2.0,1.4307692307692308,0.9545454545454546
2021-10-03,Flamengo RJ,Athletico-PR,3.0,0.0,H,1.0,3.0,1.448753462603878,1.2492307692307691
2021-10-03,Chapecoense-SC,Sao Paulo,1.0,1.0,D,0.0,2.0,,1.2747252747252746
2021-10-03,Atletico-MG,Internacional,1.0,0.0,H,1.0,1.0,,1.243076923076923
2021-10-04,Gremio,Sport Recife,1.0,2.0,A,2.0,3.0,1.281767955801105,1.03125
2021-10-06,Chapecoense-SC,Atletico-MG,2.0,2.0,D,0.0,4.0,,
2021-10-06,Corinthians,Bahia,3.0,1.0,H,1.0,4.0,1.2082191780821918,1.0798611111111112
2021-10-06,Atletico GO,Athletico-PR,0.0,2.0,A,2.0,2.0,0.9926470588235294,1.2453987730061349
2021-10-06,Ceara,Internacional,0.0,0.0,D,0.0,0.0,1.0518518518518518,1.2392638036809815
2021-10-06,Sport Recife,Juventude,3.0,1.0,H,1.0,4.0,1.0346020761245676,0.9565217391304348
2021-10-07,Gremio,Cuiaba,2.0,2.0,D,0.0,4.0,1.28099173553719,1.0
2021-10-07,Fluminense,Fortaleza,0.0,2.0,A,2.0,2.0,1.2335164835164836,1.1515151515151516
2021-10-07,Sao Paulo,Santos,1.0,1.0,D,0.0,2.0,1.273972602739726,1.3214285714285714
2021-10-07,Bragantino,Flamengo RJ,1.0,1.0,D,0.0,2.0,1.4,1.4530386740331491
2021-10-07,America MG,Palmeiras,2.0,1.0,H,1.0,3.0,0.7474747474747475,1.4294478527607362
2021-10-09,Fortaleza,Flamengo RJ,0.0,3.0,A,2.0,3.0,1.16,1.4517906336088153
2021-10-09,Athletico-PR,Bahia,0.0,2.0,A,2.0,2.0,1.2477064220183487,1.0795847750865053
2021-10-09,Atletico-MG,Ceara,3.0,1.0,H,1.0,4.0,,1.0441176470588236
2021-10-09,Fluminense,Atletico GO,0.0,0.0,D,0.0,0.0,1.2301369863013698,0.9854014598540146
2021-10-09,Sport Recife,Corinthians,1.0,0.0,H,1.0,1.0,1.0413793103448277,1.2131147540983607
2021-10-10,Juventude,America MG,1.0,1.0,D,0.0,2.0,0.9583333333333334,0.76
2021-10-10,Palmeiras,Bragantino,2.0,4.0,A,2.0,6.0,1.4281345565749235,1.3934426229508197
2021-10-10,Internacional,Chapecoense-SC,5.0,2.0,H,1.0,7.0,1.235474006116208,
2021-10-10,Santos,Gremio,1.0,0.0,H,1.0,1.0,1.3205479452054794,1.282967032967033
2021-10-12,Cuiaba,Sao Paulo,0.0,0.0,D,0.0,0.0,1.0416666666666667,1.273224043715847
2021-10-12,Bragantino,Atletico GO,1.0,0.0,H,1.0,1.0,1.435483870967742,0.9782608695652174
2021-10-13,Chapecoense-SC,Athletico-PR,1.0,1.0,D,0.0,2.0,,1.2439024390243902
2021-10-13,Flamengo RJ,Juventude,3.0,1.0,H,1.0,4.0,1.456043956043956,0.96
2021-10-13,Bahia,Palmeiras,0.0,0.0,D,0.0,0.0,1.0827586206896551,1.4298780487804879
2021-10-13,Atletico-MG,Santos,3.0,1.0,H,1.0,4.0,,1.319672131147541
2021-10-14,Fortaleza,Gremio,1.0,0.0,H,1.0,1.0,1.1485148514851484,1.2794520547945205
2021-10-14,Corinthians,Fluminense,1.0,0.0,H,1.0,1.0,1.2098092643051772,1.226775956284153
2021-10-14,Internacional,America MG,3.0,1.0,H,1.0,4.0,1.2469512195121952,0.7623762376237624
2021-10-14,Cuiaba,Sport Recife,1.0,0.0,H,1.0,1.0,1.0,1.041237113402062
2021-10-14,Sao Paulo,Ceara,1.0,1.0,D,0.0,2.0,1.2697547683923707,1.0437956204379562
2021-10-16,Chapecoense-SC,Fortaleza,1.0,2.0,A,2.0,3.0,,1.1470588235294117
2021-10-17,Ceara,Bragantino,2.0,2.0,D,0.0,4.0,1.0434782608695652,1.4285714285714286
2021-10-17,Gremio,Juventude,3.0,2.0,H,1.0,5.0,1.2759562841530054,0.9615384615384616
2021-10-17,Atletico GO,Atletico-MG,2.0,1.0,H,1.0,3.0,0.9712230215827338,
2021-10-17,Palmeiras,Internacional,1.0,0.0,H,1.0,1.0,1.425531914893617,1.2522796352583587
2021-10-17,Athletico-PR,Fluminense,0.0,1.0,A,2.0,1.0,1.243161094224924,1.223433242506812
2021-10-17,America MG,Bahia,0.0,0.0,D,0.0,0.0,0.7647058823529411,1.0790378006872852
2021-10-18,Flamengo RJ,Cuiaba,0.0,0.0,D,0.0,0.0,1.4602739726027398,1.0
2021-10-18,Sport Recife,Santos,0.0,0.0,D,0.0,0.0,1.0376712328767124,1.318801089918256
2021-10-19,Sao Paulo,Corinthians,1.0,0.0,H,1.0,1.0,1.2690217391304348,1.2092391304347827
2021-10-20,Ceara,Palmeiras,1.0,2.0,A,2.0,3.0,1.0503597122302157,1.4242424242424243
2021-10-22,Internacional,Bragantino,1.0,1.0,D,0.0,2.0,1.2484848484848485,1.4375
2021-10-23,Fortaleza,Athletico-PR,3.0,0.0,H,1.0,3.0,1.1553398058252426,1.2393939393939395
2021-10-23,Fluminense,Flamengo RJ,3.0,1.0,H,1.0,4.0,1.2228260869565217,1.4562841530054644
2021-10-23,Santos,America MG,0.0,2.0,A,2.0,2.0,1.315217391304348,0.7572815533980582
2021-10-23,Juventude,Ceara,0.0,0.0,D,0.0,0.0,1.0,1.05
2021-10-24,Atletico-MG,Cuiaba,2.0,1.0,H,1.0,3.0,,0.9629629629629629
2021-10-24,Internacional,Corinthians,2.0,2.0,D,0.0,4.0,1.2477341389728096,1.2059620596205962
2021-10-24,Bragantino,Sao Paulo,1.0,0.0,H,1.0,1.0,1.4307692307692308,1.2682926829268293
2021-10-25,Bahia,Chapecoense-SC,3.0,0.0,H,1.0,3.0,1.0753424657534247,
2021-10-26,Atletico GO,Gremio,2.0,0.0,H,1.0,2.0,0.9785714285714285,1.2806539509536785
2021-10-26,Palmeiras,Sport Recife,2.0,1.0,H,1.0,3.0,1.4259818731117824,1.0341296928327646
2021-10-27,Santos,Fluminense,2.0,0.0,H,1.0,2.0,1.3116531165311653,1.2276422764227641
2021-10-27,Bahia,Ceara,1.0,1.0,D,0.0,2.0,1.081911262798635,1.0425531914893618
2021-10-28,Bragantino,Sport Recife,3.0,0.0,H,1.0,3.0,1.4242424242424243,1.034013605442177
2021-10-30,Athletico-PR,Santos,0.0,1.0,A,2.0,1.0,1.2356495468277946,1.3135135135135134
2021-10-30,Flamengo RJ,Atletico-MG,1.0,0.0,H,1.0,1.0,1.4550408719346049,
2021-10-30,Juventude,Bahia,0.0,0.0,D,0.0,0.0,0.9642857142857143,1.0816326530612246
2021-10-31,America MG,Fortaleza,2.0,1.0,H,1.0,3.0,0.7692307692307693,1.1730769230769231
2021-10-31,Ceara,Fluminense,1.0,0.0,H,1.0,1.0,1.0422535211267605,1.2243243243243243
2021-10-31,Gremio,Palmeiras,1.0,3.0,A,2.0,4.0,1.2771739130434783,1.427710843373494
2021-10-31,Sao Paulo,Internacional,1.0,0.0,H,1.0,1.0,1.2648648648648648,1.25
2021-10-31,Sport Recife,Atletico GO,2.0,0.0,H,1.0,2.0,1.0305084745762711,0.9858156028368794
2021-11-01,Cuiaba,Bragantino,1.0,0.0,H,1.0,1.0,0.9642857142857143,1.4477611940298507
2021-11-02,Corinthians,Chapecoense-SC,1.0,0.0,H,1.0,1.0,1.2081081081081082,
2021-11-02,Athletico-PR,Flamengo RJ,2.0,2.0,D,0.0,4.0,1.2319277108433735,1.453804347826087
2021-11-04,Atletico-MG,Gremio,2.0,1.0,H,1.0,3.0,,1.2764227642276422
2021-11-05,Cuiaba,Chapecoense-SC,0.0,0.0,D,0.0,0.0,0.9655172413793104,
2021-11-06,Flamengo RJ,Atletico GO,2.0,0.0,H,1.0,2.0,1.4552845528455285,0.9788732394366197
2021-11-06,Corinthians,Fortaleza,1.0,0.0,H,1.0,1.0,1.2075471698113207,1.1714285714285715
2021-11-06,Internacional,Gremio,1.0,0.0,H,1.0,1.0,1.2462462462462462,1.2756756756756757
2021-11-07,Ceara,Cuiaba,1.0,0.0,H,1.0,1.0,1.0419580419580419,0.9333333333333333
2021-11-07,Bahia,Sao Paulo,1.0,0.0,H,1.0,1.0,1.0779661016949154,1.2641509433962264
2021-11-07,Santos,Palmeiras,0.0,2.0,A,2.0,2.0,1.3126684636118597,1.4324324324324325
2021-11-07,Atletico-MG,America MG,1.0,0.0,H,1.0,1.0,,0.780952380952381
2021-11-07,Fluminense,Sport Recife,1.0,0.0,H,1.0,1.0,1.221024258760108,1.0337837837837838
2021-11-07,Bragantino,Athletico-PR,0.0,2.0,A,2.0,2.0,1.4264705882352942,1.2342342342342343
2021-11-08,Chapecoense-SC,Flamengo RJ,2.0,2.0,D,0.0,4.0,,1.4567567567567568
2021-11-10,Gremio,Fluminense,1.0,0.0,H,1.0,1.0,1.2722371967654986,1.2204301075268817
2021-11-10,Athletico-PR,Ceara,2.0,1.0,H,1.0,3.0,1.2365269461077844,1.0416666666666667
2021-11-10,Atletico-MG,Corinthians,3.0,0.0,H,1.0,3.0,,1.206989247311828
2021-11-10,Santos,Bragantino,2.0,0.0,H,1.0,2.0,1.3091397849462365,1.4057971014492754
2021-11-10,Palmeiras,Atletico GO,4.0,0.0,H,1.0,4.0,1.4341317365269461,0.972027972027972
2021-11-11,Fortaleza,Sao Paulo,1.0,1.0,D,0.0,2.0,1.1603773584905661,1.260752688172043
2021-11-11,Juventude,Internacional,2.0,1.0,H,1.0,3.0,0.9310344827586207,1.2455089820359282
2021-11-11,Sport Recife,America MG,2.0,3.0,A,2.0,5.0,1.0303030303030303,0.7735849056603774
2021-11-11,Flamengo RJ,Bahia,3.0,0.0,H,1.0,3.0,1.45822102425876,1.0777027027027026
2021-11-13,Atletico GO,Santos,0.0,0.0,D,0.0,0.0,0.9652777777777778,1.3109919571045576
2021-11-13,America MG,Gremio,3.0,1.0,H,1.0,4.0,0.794392523364486,1.271505376344086
2021-11-13,Bragantino,Fortaleza,3.0,0.0,H,1.0,3.0,1.3857142857142857,1.158878504672897
2021-11-13,Internacional,Athletico-PR,2.0,1.0,H,1.0,3.0,1.2447761194029852,1.2388059701492538
2021-11-14,Ceara,Sport Recife,2.0,1.0,H,1.0,3.0,1.0413793103448277,1.0335570469798658
2021-11-14,Chapecoense-SC,Juventude,0.0,2.0,A,2.0,2.0,,0.9666666666666667
2021-11-14,Fluminense,Palmeiras,2.0,1.0,H,1.0,3.0,1.2171581769436997,1.4417910447761193
2021-11-14,Corinthians,Cuiaba,3.0,2.0,H,1.0,5.0,1.2037533512064342,0.9032258064516129
2021-11-14,Sao Paulo,Flamengo RJ,0.0,4.0,A,2.0,4.0,1.260053619302949,1.4623655913978495
2021-11-16,Athletico-PR,Atletico-MG,0.0,1.0,A,2.0,1.0,1.2380952380952381,
2021-11-16,Gremio,Bragantino,3.0,0.0,H,1.0,3.0,1.2707774798927614,1.408450704225352
2021-11-17,Palmeiras,Sao Paulo,0.0,2.0,A,2.0,2.0,1.4404761904761905,1.2566844919786095
2021-11-17,Fortaleza,Ceara,0.0,4.0,A,2.0,4.0,1.1481481481481481,1.047945205479452
2021-11-17,Juventude,Fluminense,1.0,0.0,H,1.0,1.0,1.0,1.2192513368983957
2021-11-17,Cuiaba,Internacional,1.0,0.0,H,1.0,1.0,0.9375,1.2470238095238095
2021-11-17,America MG,Atletico GO,0.0,0.0,D,0.0,0.0,0.8148148148148148,0.9586206896551724
2021-11-17,Santos,Chapecoense-SC,2.0,0.0,H,1.0,2.0,1.3074866310160427,
2021-11-18,Flamengo RJ,Corinthians,1.0,0.0,H,1.0,1.0,1.4691689008042896,1.2085561497326203
2021-11-19,Sport Recife,Bahia,1.0,0.0,H,1.0,1.0,1.0334448160535117,1.0740740740740742
2021-11-20,Atletico-MG,Juventude,2.0,0.0,H,1.0,2.0,,1.0
2021-11-20,Chapecoense-SC,Gremio,1.0,3.0,A,2.0,4.0,,1.2754010695187166
2021-11-20,Fortaleza,Palmeiras,1.0,0.0,H,1.0,1.0,1.1376146788990826,1.4362017804154303
2021-11-21,Bahia,Cuiaba,0.0,0.0,D,0.0,0.0,1.070469798657718,0.9393939393939394
2021-11-21,Corinthians,Santos,2.0,0.0,H,1.0,2.0,1.2053333333333334,1.3093333333333332
2021-11-21,Fluminense,America MG,2.0,0.0,H,1.0,2.0,1.216,0.8073394495412844
2021-11-21,Atletico GO,Ceara,1.0,1.0,D,0.0,2.0,0.952054794520548,1.0680272108843538
2021-11-21,Internacional,Flamengo RJ,1.0,2.0,A,2.0,3.0,1.2433234421364985,1.467914438502674
2021-11-23,Atletico GO,Juventude,1.0,1.0,D,0.0,2.0,0.9523809523809523,0.9696969696969697
2021-11-24,Gremio,Flamengo RJ,2.0,2.0,D,0.0,4.0,1.28,1.4693333333333334
2021-11-24,Palmeiras,Atletico-MG,2.0,2.0,D,0.0,4.0,1.4319526627218935,
2021-11-25,Ceara,Corinthians,2.0,1.0,H,1.0,3.0,1.0675675675675675,1.2074468085106382
2021-11-25,Fluminense,Internacional,1.0,0.0,H,1.0,1.0,1.2180851063829787,1.242603550295858
2021-11-25,Sao Paulo,Athletico-PR,0.0,0.0,D,0.0,0.0,1.2586666666666666,1.2344213649851632
2021-11-25,Santos,Fortaleza,2.0,0.0,H,1.0,2.0,1.3058510638297873,1.1363636363636365
2021-11-26,Bahia,Gremio,3.0,1.0,H,1.0,4.0,1.0668896321070234,1.2819148936170213
2021-11-27,Bragantino,America MG,1.0,1.0,D,0.0,2.0,1.3888888888888888,0.8
2021-11-28,Sao Paulo,Sport Recife,2.0,0.0,H,1.0,2.0,1.2553191489361701,1.0333333333333334
2021-11-28,Atletico-MG,Fluminense,2.0,1.0,H,1.0,3.0,,1.2175066312997347
2021-11-28,Corinthians,Athletico-PR,1.0,0.0,H,1.0,1.0,1.206896551724138,1.2307692307692308
2021-11-28,Internacional,Santos,1.0,1.0,D,0.0,2.0,1.238938053097345,1.3076923076923077
2021-11-29,Atletico GO,Bahia,2.0,1.0,H,1.0,3.0,0.9527027027027027,1.0733333333333333
2021-11-30,Juventude,Bragantino,1.0,0.0,H,1.0,1.0,0.9705882352941176,1.3835616438356164
2021-11-30,Flamengo RJ,Ceara,2.0,1.0,H,1.0,3.0,1.4707446808510638,1.0738255033557047
2021-12-01,America MG,Chapecoense-SC,3.0,0.0,H,1.0,3.0,0.8018018018018018,
2021-12-01,Cuiaba,Palmeiras,1.0,3.0,A,2.0,4.0,0.9117647058823529,1.4336283185840708
2021-12-02,Gremio,Sao Paulo,3.0,0.0,H,1.0,3.0,1.2811671087533156,1.257294429708223
2021-12-02,Bahia,Atletico-MG,2.0,3.0,A,2.0,5.0,1.0730897009966778,
2021-12-03,Athletico-PR,Cuiaba,1.0,0.0,H,1.0,1.0,1.2271386430678466,0.9142857142857143
2021-12-03,Chapecoense-SC,Atletico GO,0.0,1.0,A,2.0,1.0,,0.959731543624161
2021-12-03,Sport Recife,Flamengo RJ,1.0,1.0,D,0.0,2.0,1.0299003322259137,1.4721485411140585
2021-12-04,Fortaleza,Juventude,1.0,0.0,H,1.0,1.0,1.1261261261261262,0.9714285714285714
2021-12-05,Atletico-MG,Bragantino,4.0,3.0,H,1.0,7.0,,1.364864864864865
2021-12-05,Bahia,Fluminense,2.0,0.0,H,1.0,2.0,1.076158940397351,1.216931216931217
2021-12-05,Corinthians,Gremio,1.0,1.0,D,0.0,2.0,1.2063492063492063,1.2857142857142858
2021-12-05,Ceara,America MG,0.0,0.0,D,0.0,0.0,1.0733333333333333,0.8214285714285714
2021-12-06,Internacional,Atletico GO,1.0,2.0,A,2.0,3.0,1.238235294117647,0.96
2021-12-06,Flamengo RJ,Santos,0.0,1.0,A,2.0,1.0,1.470899470899471,1.306878306878307
2021-12-06,Athletico-PR,Palmeiras,0.0,0.0,D,0.0,0.0,1.2264705882352942,1.438235294117647
2021-12-06,Sao Paulo,Juventude,3.0,1.0,H,1.0,4.0,1.253968253968254,0.9444444444444444
2021-12-06,Cuiaba,Fortaleza,1.0,0.0,H,1.0,1.0,0.8888888888888888,1.125
2021-12-07,Chapecoense-SC,Sport Recife,0.0,1.0,A,2.0,1.0,,1.0298013245033113
2021-12-10,Juventude,Corinthians,1.0,0.0,H,1.0,1.0,0.9459459459459459,1.2058047493403694
2021-12-10,Sport Recife,Athletico-PR,1.0,1.0,D,0.0,2.0,1.0297029702970297,1.2228739002932552
2021-12-10,Santos,Cuiaba,1.0,1.0,D,0.0,2.0,1.3060686015831136,0.8918918918918919
2021-12-10,Palmeiras,Ceara,1.0,0.0,H,1.0,1.0,1.434017595307918,1.0662251655629138
2021-12-10,Gremio,Atletico-MG,4.0,3.0,H,1.0,7.0,1.2849604221635884,
2021-12-10,Fluminense,Chapecoense-SC,3.0,0.0,H,1.0,3.0,1.2137203166226913,
2021-12-10,Bragantino,Internacional,1.0,0.0,H,1.0,1.0,1.3866666666666667,1.2375366568914956
2021-12-10,Atletico GO,Flamengo RJ,2.0,0.0,H,1.0,2.0,0.9668874172185431,1.4670184696569921
2021-12-10,America MG,Sao Paulo,2.0,0.0,H,1.0,2.0,0.8141592920353983,1.2585751978891822
2021-12-10,Fortaleza,Bahia,2.0,1.0,H,1.0,3.0,1.1150442477876106,1.0792079207920793
2022-04-09,Fluminense,Santos,0.0,0.0,D,0.0,0.0,1.2184210526315788,1.305263157894737
2022-04-09,Atletico GO,Flamengo RJ,1.0,1.0,D,0.0,2.0,0.9736842105263158,1.4631578947368422
2022-04-10,Atletico-MG,Internacional,2.0,0.0,H,1.0,2.0,,1.2339181286549707
2022-04-10,Palmeiras,Ceara,2.0,3.0,A,2.0,5.0,1.432748538011696,1.0592105263157894
2022-04-10,Coritiba,Goias,3.0,0.0,H,1.0,3.0,1.0601503759398496,1.1157894736842104
2022-04-10,Botafogo RJ,Corinthians,1.0,3.0,A,2.0,4.0,1.1019736842105263,1.2026315789473685
2022-04-10,Fortaleza,Cuiaba,0.0,1.0,A,2.0,1.0,1.1228070175438596,0.8947368421052632
2022-04-10,Avai,America MG,1.0,0.0,H,1.0,1.0,0.7456140350877193,0.8245614035087719
2022-04-10,Sao Paulo,Athletico-PR,4.0,0.0,H,1.0,4.0,1.2552631578947369,1.2222222222222223
2022-04-12,Juventude,Bragantino,2.0,2.0,D,0.0,4.0,0.9473684210526315,1.381578947368421
2022-04-16,America MG,Juventude,4.0,1.0,H,1.0,5.0,0.8173913043478261,0.9743589743589743
2022-04-16,Goias,Palmeiras,1.0,1.0,D,0.0,2.0,1.1099476439790577,1.434402332361516
2022-04-16,Corinthians,Avai,3.0,0.0,H,1.0,3.0,1.2073490813648293,0.7478260869565218
2022-04-17,Ceara,Botafogo RJ,1.0,3.0,A,2.0,4.0,1.0718954248366013,1.1016393442622952
2022-04-17,Internacional,Fortaleza,2.0,1.0,H,1.0,3.0,1.2303206997084548,1.1130434782608696
2022-04-17,Athletico-PR,Atletico-MG,0.0,1.0,A,2.0,1.0,1.21865889212828,
2022-04-17,Bragantino,Atletico GO,4.0,0.0,H,1.0,4.0,1.3896103896103895,0.9738562091503268
2022-04-17,Santos,Coritiba,2.0,1.0,H,1.0,3.0,1.3018372703412073,1.0674157303370786
2022-04-17,Flamengo RJ,Sao Paulo,3.0,1.0,H,1.0,4.0,1.4619422572178478,1.26246719160105
2022-04-17,Cuiaba,Fluminense,0.0,1.0,A,2.0,1.0,0.8974358974358975,1.2152230971128608
2022-04-20,Flamengo RJ,Palmeiras,0.0,0.0,D,0.0,0.0,1.4659685863874345,1.433139534883721
2022-04-23,Athletico-PR,Flamengo RJ,1.0,0.0,H,1.0,1.0,1.2151162790697674,1.4621409921671018
2022-04-23,Bragantino,Sao Paulo,1.0,1.0,D,0.0,2.0,1.4230769230769231,1.2617801047120418
2022-04-23,Fluminense,Internacional,0.0,1.0,A,2.0,1.0,1.2146596858638743,1.2325581395348837
2022-04-23,Palmeiras,Corinthians,3.0,0.0,H,1.0,3.0,1.4289855072463769,1.212041884816754
2022-04-24,Atletico-MG,Coritiba,2.0,2.0,D,0.0,4.0,,1.0671641791044777
2022-04-24,Santos,America MG,3.0,0.0,H,1.0,3.0,1.3036649214659686,0.8448275862068966
2022-04-24,Juventude,Cuiaba,0.0,1.0,A,2.0,1.0,0.975,0.875
2022-04-24,Atletico GO,Botafogo RJ,1.0,1.0,D,0.0,2.0,0.9675324675324676,1.107843137254902
2022-04-26,Avai,Goias,3.0,2.0,H,1.0,5.0,0.7413793103448276,1.109375
2022-04-30,America MG,Athletico-PR,1.0,0.0,H,1.0,1.0,0.8376068376068376,1.2144927536231884
2022-04-30,Ceara,Bragantino,0.0,1.0,A,2.0,1.0,1.0714285714285714,1.4177215189873418
2022-04-30,Goias,Atletico-MG,2.0,2.0,D,0.0,4.0,1.1139896373056994,
2022-04-30,Cuiaba,Atletico GO,1.0,1.0,D,0.0,2.0,0.8780487804878049,0.967741935483871
2022-05-01,Coritiba,Fluminense,3.0,2.0,H,1.0,5.0,1.070631970260223,1.2114882506527416
2022-05-01,Internacional,Avai,0.0,0.0,D,0.0,0.0,1.2318840579710144,0.7606837606837606
2022-05-01,Botafogo RJ,Juventude,1.0,1.0,D,0.0,2.0,1.1074918566775245,0.9512195121951219
2022-05-01,Corinthians,Fortaleza,1.0,0.0,H,1.0,1.0,1.2088772845953002,1.1120689655172413
2022-05-03,Sao Paulo,Santos,2.0,1.0,H,1.0,3.0,1.2610966057441253,1.3080939947780679
2022-05-07,Atletico-MG,America MG,1.0,2.0,A,2.0,3.0,,0.8389830508474576
2022-05-08,Juventude,Internacional,1.0,1.0,D,0.0,2.0,0.9523809523809523,1.2283236994219653
2022-05-08,Fortaleza,Sao Paulo,1.0,1.0,D,0.0,2.0,1.1025641025641026,1.2630208333333333
2022-05-08,Bragantino,Corinthians,0.0,1.0,A,2.0,1.0,1.4125,1.2083333333333333
2022-05-08,Santos,Cuiaba,4.0,1.0,H,1.0,5.0,1.3072916666666667,0.8809523809523809
2022-05-08,Atletico GO,Goias,0.0,1.0,A,2.0,1.0,0.967948717948718,1.1185567010309279
2022-05-08,Flamengo RJ,Botafogo RJ,0.0,1.0,A,2.0,1.0,1.4583333333333333,1.1071428571428572
2022-05-08,Athletico-PR,Ceara,1.0,0.0,H,1.0,1.0,1.2109826589595376,1.064516129032258
2022-05-08,Palmeiras,Fluminense,1.0,1.0,D,0.0,2.0,1.4335260115606936,1.2135416666666667
2022-05-10,Avai,Coritiba,2.0,1.0,H,1.0,3.0,0.7542372881355932,1.0777777777777777
2022-05-12,Bragantino,Atletico-MG,1.0,1.0,D,0.0,2.0,1.3950617283950617,
2022-05-14,Ceara,Flamengo RJ,2.0,2.0,D,0.0,4.0,1.0576923076923077,1.4545454545454546
2022-05-14,Palmeiras,Bragantino,2.0,0.0,H,1.0,2.0,1.4322766570605188,1.3902439024390243
2022-05-14,Atletico-MG,Atletico GO,2.0,0.0,H,1.0,2.0,,0.9617834394904459
2022-05-14,Internacional,Corinthians,2.0,2.0,D,0.0,4.0,1.2276657060518732,1.2077922077922079
2022-05-15,Goias,Santos,1.0,0.0,H,1.0,1.0,1.117948717948718,1.3142857142857143
2022-05-15,Botafogo RJ,Fortaleza,3.0,1.0,H,1.0,4.0,1.1067961165048543,1.1016949152542372
2022-05-15,Avai,Juventude,1.0,2.0,A,2.0,3.0,0.7647058823529411,0.9534883720930233
2022-05-15,Sao Paulo,Cuiaba,2.0,1.0,H,1.0,3.0,1.2623376623376623,0.8837209302325582
2022-05-15,Fluminense,Athletico-PR,2.0,1.0,H,1.0,3.0,1.212987012987013,1.2103746397694524
2022-05-15,Coritiba,America MG,1.0,0.0,H,1.0,1.0,1.0774907749077491,0.8487394957983193
2022-05-21,Atletico GO,Coritiba,2.0,0.0,H,1.0,2.0,0.9556962025316456,1.0772058823529411
2022-05-21,Flamengo RJ,Goias,1.0,0.0,H,1.0,1.0,1.455958549222798,1.1173469387755102
2022-05-21,Santos,Ceara,0.0,0.0,D,0.0,0.0,1.310880829015544,1.0636942675159236
2022-05-21,Juventude,Palmeiras,0.0,3.0,A,2.0,3.0,0.9772727272727273,1.4339080459770115
2022-05-22,Cuiaba,Internacional,1.0,1.0,D,0.0,2.0,0.8863636363636364,1.2298850574712643
2022-05-22,America MG,Botafogo RJ,1.0,1.0,D,0.0,2.0,0.8416666666666667,1.1129032258064515
2022-05-22,Corinthians,Sao Paulo,1.0,1.0,D,0.0,2.0,1.2098445595854923,1.2642487046632125
2022-05-22,Fortaleza,Fluminense,0.0,1.0,A,2.0,1.0,1.1008403361344539,1.2150259067357514
2022-05-22,Athletico-PR,Avai,2.0,1.0,H,1.0,3.0,1.2097701149425288,0.7666666666666667
2022-05-28,Goias,Bragantino,1.0,1.0,D,0.0,2.0,1.1116751269035532,1.3734939759036144
2022-05-28,Sao Paulo,Ceara,2.0,2.0,D,0.0,4.0,1.2635658914728682,1.0569620253164558
2022-05-29,Atletico-MG,Avai,2.0,1.0,H,1.0,3.0,,0.768595041322314
2022-05-29,Fluminense,Flamengo RJ,1.0,2.0,A,2.0,3.0,1.2144702842377262,1.454780361757106
2022-05-29,Corinthians,America MG,1.0,1.0,D,0.0,2.0,1.2093023255813953,0.8429752066115702
2022-05-29,Cuiaba,Athletico-PR,0.0,1.0,A,2.0,1.0,0.8888888888888888,1.2120343839541547
2022-05-29,Coritiba,Botafogo RJ,1.0,0.0,H,1.0,1.0,1.0732600732600732,1.112540192926045
2022-05-29,Fortaleza,Juventude,1.0,1.0,D,0.0,2.0,1.0916666666666666,0.9555555555555556
2022-05-29,Santos,Palmeiras,0.0,1.0,A,2.0,1.0,1.3074935400516796,1.4383954154727794
2022-05-31,Internacional,Atletico GO,1.0,1.0,D,0.0,2.0,1.2292263610315186,0.9622641509433962
2022-06-02,Fortaleza,Ceara,0.0,1.0,A,2.0,1.0,1.0909090909090908,1.0628930817610063
2022-06-04,Ceara,Coritiba,1.0,1.0,D,0.0,2.0,1.0625,1.072992700729927
2022-06-04,America MG,Cuiaba,2.0,1.0,H,1.0,3.0,0.8442622950819673,0.8695652173913043
2022-06-04,Athletico-PR,Santos,2.0,2.0,D,0.0,4.0,1.2114285714285715,1.3041237113402062
2022-06-04,Avai,Sao Paulo,1.0,1.0,D,0.0,2.0,0.7704918032786885,1.2654639175257731
2022-06-05,Bragantino,Internacional,0.0,2.0,A,2.0,2.0,1.369047619047619,1.2285714285714286
2022-06-05,Palmeiras,Atletico-MG,0.0,0.0,D,0.0,0.0,1.437142857142857,
2022-06-05,Atletico GO,Corinthians,0.0,1.0,A,2.0,1.0,0.9625,1.208762886597938
2022-06-05,Juventude,Fluminense,1.0,0.0,H,1.0,1.0,0.9565217391304348,1.2139175257731958
2022-06-05,Flamengo RJ,Fortaleza,1.0,2.0,A,2.0,3.0,1.4561855670103092,1.0819672131147542
2022-06-07,Botafogo RJ,Goias,1.0,2.0,A,2.0,3.0,1.108974358974359,1.1111111111111112
2022-06-08,America MG,Ceara,0.0,2.0,A,2.0,2.0,0.8536585365853658,1.062111801242236
2022-06-08,Cuiaba,Corinthians,1.0,0.0,H,1.0,1.0,0.8723404255319149,1.2082262210796915
2022-06-08,Juventude,Athletico-PR,1.0,3.0,A,2.0,4.0,0.9574468085106383,1.2136752136752136
2022-06-09,Santos,Internacional,1.0,1.0,D,0.0,2.0,1.3059125964010283,1.2307692307692308
2022-06-09,Fluminense,Atletico-MG,5.0,3.0,H,1.0,8.0,1.2107969151670952,
2022-06-09,Palmeiras,Botafogo RJ,4.0,0.0,H,1.0,4.0,1.433048433048433,1.1086261980830672
2022-06-09,Atletico GO,Avai,2.0,1.0,H,1.0,3.0,0.9565217391304348,0.7723577235772358
2022-06-09,Bragantino,Flamengo RJ,1.0,0.0,H,1.0,1.0,1.3529411764705883,1.455012853470437
2022-06-10,Fortaleza,Goias,1.0,1.0,D,0.0,2.0,1.089430894308943,1.1155778894472361
2022-06-10,Coritiba,Sao Paulo,1.0,1.0,D,0.0,2.0,1.0727272727272728,1.2647814910025708
2022-06-11,Corinthians,Juventude,2.0,0.0,H,1.0,2.0,1.205128205128205,0.9583333333333334
2022-06-11,Atletico-MG,Santos,1.0,1.0,D,0.0,2.0,,1.3051282051282052
2022-06-11,Cuiaba,Bragantino,1.0,1.0,D,0.0,2.0,0.875,1.3488372093023255
2022-06-11,Fluminense,Atletico GO,0.0,2.0,A,2.0,2.0,1.2205128205128206,0.9629629629629629
2022-06-12,Internacional,Flamengo RJ,3.0,1.0,H,1.0,4.0,1.2301136363636365,1.4512820512820512
2022-06-12,Goias,Ceara,1.0,1.0,D,0.0,2.0,1.115,1.0679012345679013
2022-06-12,Sao Paulo,America MG,1.0,0.0,H,1.0,1.0,1.264102564102564,0.8467741935483871
2022-06-12,Coritiba,Palmeiras,0.0,2.0,A,2.0,2.0,1.0724637681159421,1.4403409090909092
2022-06-12,Fortaleza,Athletico-PR,0.0,0.0,D,0.0,0.0,1.0887096774193548,1.21875
2022-06-13,Botafogo RJ,Avai,0.0,1.0,A,2.0,1.0,1.105095541401274,0.7741935483870968
2022-06-15,Juventude,Santos,1.0,2.0,A,2.0,3.0,0.9387755102040817,1.3043478260869565
2022-06-15,Bragantino,Coritiba,4.0,2.0,H,1.0,6.0,1.3448275862068966,1.068592057761733
2022-06-15,Ceara,Atletico-MG,0.0,0.0,D,0.0,0.0,1.0674846625766872,
2022-06-16,Flamengo RJ,Cuiaba,2.0,0.0,H,1.0,2.0,1.4501278772378516,0.8775510204081632
2022-06-16,Goias,Internacional,1.0,2.0,A,2.0,3.0,1.1144278606965174,1.2351274787535411
2022-06-16,America MG,Fluminense,0.0,0.0,D,0.0,0.0,0.84,1.2173913043478262
2022-06-16,Athletico-PR,Corinthians,1.0,1.0,D,0.0,2.0,1.2152974504249292,1.207161125319693
2022-06-16,Botafogo RJ,Sao Paulo,1.0,0.0,H,1.0,1.0,1.1015873015873017,1.2634271099744245
2022-06-16,Palmeiras,Atletico GO,4.0,2.0,H,1.0,6.0,1.4419263456090652,0.9693251533742331
2022-06-16,Avai,Fortaleza,3.0,2.0,H,1.0,5.0,0.776,1.08
2022-06-18,Cuiaba,Ceara,0.0,0.0,D,0.0,0.0,0.86,1.0609756097560976
2022-06-19,Santos,Bragantino,2.0,2.0,D,0.0,4.0,1.3061224489795917,1.375
2022-06-19,Atletico-MG,Flamengo RJ,2.0,0.0,H,1.0,2.0,,1.4515306122448979
2022-06-19,Corinthians,Goias,1.0,0.0,H,1.0,1.0,1.2066326530612246,1.113861386138614
2022-06-19,Coritiba,Athletico-PR,0.0,1.0,A,2.0,1.0,1.0719424460431655,1.2146892655367232
2022-06-19,Atletico GO,Juventude,3.0,1.0,H,1.0,4.0,0.975609756097561,0.94
2022-06-19,Fortaleza,America MG,1.0,0.0,H,1.0,1.0,1.0873015873015872,0.8333333333333334
2022-06-19,Internacional,Botafogo RJ,2.0,3.0,A,2.0,5.0,1.2372881355932204,1.1012658227848102
2022-06-19,Fluminense,Avai,2.0,0.0,H,1.0,2.0,1.2142857142857142,0.7936507936507936
2022-06-21,Sao Paulo,Palmeiras,1.0,2.0,A,2.0,3.0,1.260204081632653,1.4491525423728813
2022-06-25,Flamengo RJ,America MG,3.0,0.0,H,1.0,3.0,1.4478371501272265,0.8267716535433071
2022-06-25,Corinthians,Santos,0.0,0.0,D,0.0,0.0,1.2061068702290076,1.3078880407124682
2022-06-25,Athletico-PR,Bragantino,4.0,2.0,H,1.0,6.0,1.2140845070422535,1.3820224719101124
2022-06-25,Internacional,Coritiba,3.0,0.0,H,1.0,3.0,1.2394366197183098,1.0681003584229392
2022-06-26,Atletico-MG,Fortaleza,3.0,2.0,H,1.0,5.0,,1.0866141732283465
2022-06-26,Avai,Palmeiras,2.0,2.0,D,0.0,4.0,0.7874015748031497,1.4507042253521127
2022-06-26,Botafogo RJ,Fluminense,0.0,1.0,A,2.0,1.0,1.1072555205047319,1.2162849872773538
2022-06-26,Ceara,Atletico GO,1.0,1.0,D,0.0,2.0,1.0545454545454545,0.9878787878787879
2022-06-26,Goias,Cuiaba,1.0,0.0,H,1.0,1.0,1.1083743842364533,0.8431372549019608
2022-06-26,Sao Paulo,Juventude,0.0,0.0,D,0.0,0.0,1.2595419847328244,0.9411764705882353
2022-07-02,Santos,Flamengo RJ,1.0,2.0,A,2.0,3.0,1.3045685279187818,1.4517766497461928
2022-07-02,Ceara,Internacional,1.0,1.0,D,0.0,2.0,1.0542168674698795,1.2443820224719102
2022-07-02,Fluminense,Corinthians,4.0,0.0,H,1.0,4.0,1.215736040609137,1.2030456852791878
2022-07-02,Juventude,Atletico-MG,1.0,2.0,A,2.0,3.0,0.9230769230769231,
2022-07-03,Palmeiras,Athletico-PR,0.0,2.0,A,2.0,2.0,1.452247191011236,1.2219101123595506
2022-07-03,Avai,Cuiaba,1.0,2.0,A,2.0,3.0,0.796875,0.8269230769230769
2022-07-03,Atletico GO,Sao Paulo,1.0,2.0,A,2.0,3.0,0.9879518072289156,1.2563451776649746
2022-07-03,America MG,Goias,1.0,0.0,H,1.0,1.0,0.8203125,1.107843137254902
2022-07-03,Coritiba,Fortaleza,2.0,1.0,H,1.0,3.0,1.0642857142857143,1.09375
2022-07-05,Bragantino,Botafogo RJ,0.0,1.0,A,2.0,1.0,1.3888888888888888,1.1037735849056605
2022-07-09,Bragantino,Avai,4.0,0.0,H,1.0,4.0,1.3736263736263736,0.7984496124031008
2022-07-09,Fluminense,Ceara,2.0,1.0,H,1.0,3.0,1.2227848101265824,1.0538922155688624
2022-07-10,Cuiaba,Botafogo RJ,2.0,0.0,H,1.0,2.0,0.8490566037735849,1.103448275862069
2022-07-10,Santos,Atletico GO,1.0,0.0,H,1.0,1.0,1.3037974683544304,0.9880239520958084
2022-07-10,Fortaleza,Palmeiras,0.0,0.0,D,0.0,0.0,1.0930232558139534,1.4481792717086834
2022-07-10,Goias,Athletico-PR,2.0,1.0,H,1.0,3.0,1.102439024390244,1.2240896358543418
2022-07-10,Corinthians,Flamengo RJ,1.0,0.0,H,1.0,1.0,1.2,1.4531645569620253
2022-07-10,Coritiba,Juventude,2.0,2.0,D,0.0,4.0,1.0676156583629892,0.9245283018867925
2022-07-10,Atletico-MG,Sao Paulo,0.0,0.0,D,0.0,0.0,,1.2582278481012659
2022-07-12,Internacional,America MG,1.0,0.0,H,1.0,1.0,1.2436974789915967,0.8217054263565892
2022-07-16,Flamengo RJ,Coritiba,2.0,0.0,H,1.0,2.0,1.4494949494949494,1.070921985815603
2022-07-16,Avai,Santos,1.0,0.0,H,1.0,1.0,0.7923076923076923,1.303030303030303
2022-07-16,Athletico-PR,Internacional,0.0,0.0,D,0.0,0.0,1.223463687150838,1.2430167597765363
2022-07-17,Ceara,Corinthians,3.0,1.0,H,1.0,4.0,1.0535714285714286,1.1994949494949494
2022-07-17,Juventude,Goias,0.0,0.0,D,0.0,0.0,0.9444444444444444,1.1067961165048543
2022-07-17,Sao Paulo,Fluminense,2.0,2.0,D,0.0,4.0,1.255050505050505,1.2247474747474747
2022-07-17,Atletico GO,Fortaleza,0.0,1.0,A,2.0,1.0,0.9821428571428571,1.0846153846153845
2022-07-17,Botafogo RJ,Atletico-MG,0.0,1.0,A,2.0,1.0,1.1,
2022-07-17,America MG,Bragantino,0.0,3.0,A,2.0,3.0,0.8153846153846154,1.4021739130434783
2022-07-19,Palmeiras,Cuiaba,1.0,0.0,H,1.0,1.0,1.4441340782122905,0.8703703703703703
2022-07-20,Ceara,Avai,1.0,0.0,H,1.0,1.0,1.0650887573964498,0.7938931297709924
2022-07-20,Bragantino,Fortaleza,2.0,1.0,H,1.0,3.0,1.4193548387096775,1.083969465648855
2022-07-20,Goias,Fluminense,2.0,3.0,A,2.0,5.0,1.1014492753623188,1.2267002518891688
2022-07-20,Athletico-PR,Atletico GO,4.0,1.0,H,1.0,5.0,1.2200557103064067,0.9763313609467456
2022-07-21,Flamengo RJ,Juventude,4.0,0.0,H,1.0,4.0,1.45088161209068,0.9272727272727272
2022-07-21,Internacional,Sao Paulo,3.0,3.0,D,0.0,6.0,1.2395543175487465,1.256926952141058
2022-07-21,Corinthians,Coritiba,3.0,1.0,H,1.0,4.0,1.198992443324937,1.0671378091872792
2022-07-21,Santos,Botafogo RJ,2.0,0.0,H,1.0,2.0,1.2997481108312343,1.0965732087227413
2022-07-21,Cuiaba,Atletico-MG,1.0,1.0,D,0.0,2.0,0.8545454545454545,
2022-07-22,America MG,Palmeiras,0.0,1.0,A,2.0,1.0,0.8091603053435115,1.4428969359331476
2022-07-23,Sao Paulo,Goias,3.0,3.0,D,0.0,6.0,1.2613065326633166,1.1057692307692308
2022-07-24,Atletico GO,America MG,0.0,1.0,A,2.0,1.0,0.9764705882352941,0.803030303030303
2022-07-24,Fortaleza,Santos,0.0,0.0,D,0.0,0.0,1.0833333333333333,1.3015075376884422
2022-07-24,Palmeiras,Internacional,2.0,1.0,H,1.0,3.0,1.4416666666666667,1.2444444444444445
2022-07-24,Atletico-MG,Corinthians,1.0,2.0,A,2.0,3.0,,1.2035175879396984
2022-07-24,Fluminense,Bragantino,2.0,1.0,H,1.0,3.0,1.2311557788944723,1.425531914893617
2022-07-24,Avai,Flamengo RJ,1.0,2.0,A,2.0,3.0,0.7878787878787878,1.4572864321608041
2022-07-24,Botafogo RJ,Athletico-PR,2.0,0.0,H,1.0,2.0,1.093167701863354,1.2277777777777779
2022-07-24,Juventude,Ceara,1.0,0.0,H,1.0,1.0,0.9107142857142857,1.0647058823529412
2022-07-26,Coritiba,Cuiaba,1.0,0.0,H,1.0,1.0,1.0669014084507042,0.8571428571428571
2022-07-30,Ceara,Palmeiras,1.0,2.0,A,2.0,3.0,1.0584795321637428,1.443213296398892
2022-07-30,Goias,Coritiba,1.0,0.0,H,1.0,1.0,1.1148325358851674,1.0666666666666667
2022-07-30,Corinthians,Botafogo RJ,1.0,0.0,H,1.0,1.0,1.205513784461153,1.0959752321981424
2022-07-31,Bragantino,Juventude,1.0,0.0,H,1.0,1.0,1.4210526315789473,0.9122807017543859
2022-07-31,Cuiaba,Fortaleza,0.0,1.0,A,2.0,1.0,0.8421052631578947,1.0751879699248121
2022-07-31,America MG,Avai,3.0,1.0,H,1.0,4.0,0.8045112781954887,0.7894736842105263
2022-07-31,Internacional,Atletico-MG,3.0,0.0,H,1.0,3.0,1.2437673130193905,
2022-07-31,Athletico-PR,Sao Paulo,1.0,0.0,H,1.0,1.0,1.2243767313019391,1.2656641604010026
2022-07-31,Flamengo RJ,Atletico GO,4.0,1.0,H,1.0,5.0,1.4586466165413534,0.9707602339181286
2022-08-02,Santos,Fluminense,2.0,2.0,D,0.0,4.0,1.2982456140350878,1.2330827067669172
2022-08-06,Botafogo RJ,Ceara,1.0,1.0,D,0.0,2.0,1.0925925925925926,1.058139534883721
2022-08-06,Juventude,America MG,0.0,1.0,A,2.0,1.0,0.896551724137931,0.8208955223880597
2022-08-06,Atletico GO,Bragantino,2.0,1.0,H,1.0,3.0,0.9709302325581395,1.4166666666666667
2022-08-06,Avai,Corinthians,1.0,1.0,D,0.0,2.0,0.7910447761194029,1.205
2022-08-07,Atletico-MG,Athletico-PR,2.0,3.0,A,2.0,5.0,,1.223756906077348
2022-08-07,Fortaleza,Internacional,3.0,0.0,H,1.0,3.0,1.0746268656716418,1.2486187845303867
2022-08-07,Sao Paulo,Flamengo RJ,0.0,2.0,A,2.0,2.0,1.2625,1.465
2022-08-07,Fluminense,Cuiaba,1.0,0.0,H,1.0,1.0,1.235,0.8275862068965517
2022-08-07,Palmeiras,Goias,3.0,0.0,H,1.0,3.0,1.4447513812154695,1.1142857142857143
2022-08-09,Coritiba,Santos,1.0,2.0,A,2.0,3.0,1.062937062937063,1.3
2022-08-13,Goias,Avai,1.0,1.0,D,0.0,2.0,1.1090047393364928,0.7925925925925926
2022-08-13,Corinthians,Palmeiras,0.0,1.0,A,2.0,1.0,1.2044887780548628,1.4490358126721763
2022-08-14,Internacional,Fluminense,3.0,0.0,H,1.0,3.0,1.2451790633608815,1.2344139650872819
2022-08-14,America MG,Santos,1.0,0.0,H,1.0,1.0,0.8222222222222222,1.3017456359102244
2022-08-14,Sao Paulo,Bragantino,3.0,0.0,H,1.0,3.0,1.259351620947631,1.4123711340206186
2022-08-14,Flamengo RJ,Athletico-PR,5.0,0.0,H,1.0,5.0,1.4663341645885286,1.2286501377410468
2022-08-14,Ceara,Fortaleza,0.0,1.0,A,2.0,1.0,1.0578034682080926,1.0888888888888888
2022-08-14,Botafogo RJ,Atletico GO,0.0,0.0,D,0.0,0.0,1.0923076923076922,0.976878612716763
2022-08-14,Cuiaba,Juventude,1.0,0.0,H,1.0,1.0,0.8135593220338984,0.8813559322033898
2022-08-14,Coritiba,Atletico-MG,0.0,1.0,A,2.0,1.0,1.0627177700348431,
2022-08-20,Atletico-MG,Goias,0.0,1.0,A,2.0,1.0,,1.1084905660377358
2022-08-20,Fluminense,Coritiba,5.0,2.0,H,1.0,7.0,1.2313432835820894,1.0590277777777777
2022-08-21,Fortaleza,Corinthians,1.0,0.0,H,1.0,1.0,1.088235294117647,1.2014925373134329
2022-08-21,Santos,Sao Paulo,1.0,0.0,H,1.0,1.0,1.2985074626865671,1.263681592039801
2022-08-21,Bragantino,Ceara,1.0,1.0,D,0.0,2.0,1.3979591836734695,1.0517241379310345
2022-08-21,Athletico-PR,America MG,1.0,1.0,D,0.0,2.0,1.2252747252747254,0.8235294117647058
2022-08-21,Atletico GO,Cuiaba,1.0,1.0,D,0.0,2.0,0.9712643678160919,0.8166666666666667
2022-08-21,Palmeiras,Flamengo RJ,1.0,1.0,D,0.0,2.0,1.4478021978021978,1.4751243781094527
2022-08-21,Juventude,Botafogo RJ,2.0,2.0,D,0.0,4.0,0.8666666666666667,1.0889570552147239
2022-08-23,Avai,Internacional,0.0,1.0,A,2.0,1.0,0.7941176470588235,1.25
2022-08-27,Coritiba,Avai,1.0,0.0,H,1.0,1.0,1.0622837370242215,0.7883211678832117
2022-08-27,Goias,Atletico GO,2.0,1.0,H,1.0,3.0,1.107981220657277,0.9714285714285714
2022-08-27,Fluminense,Palmeiras,1.0,1.0,D,0.0,2.0,1.2406947890818858,1.4465753424657535
2022-08-28,Cuiaba,Santos,0.0,0.0,D,0.0,0.0,0.819672131147541,1.2977667493796525
2022-08-28,Botafogo RJ,Flamengo RJ,0.0,1.0,A,2.0,1.0,1.091743119266055,1.4739454094292803
2022-08-28,Sao Paulo,Fortaleza,0.0,1.0,A,2.0,1.0,1.260545905707196,1.0875912408759123
2022-08-28,America MG,Atletico-MG,1.0,1.0,D,0.0,2.0,0.8248175182481752,
2022-08-28,Ceara,Athletico-PR,0.0,0.0,D,0.0,0.0,1.0514285714285714,1.2246575342465753
2022-08-30,Internacional,Juventude,4.0,0.0,H,1.0,4.0,1.2493150684931507,0.8852459016393442
2022-08-30,Corinthians,Bragantino,1.0,0.0,H,1.0,1.0,1.1985111662531018,1.393939393939394
2022-09-03,Juventude,Avai,1.0,1.0,D,0.0,2.0,0.8709677419354839,0.782608695652174
2022-09-03,Athletico-PR,Fluminense,1.0,0.0,H,1.0,1.0,1.221311475409836,1.24009900990099
2022-09-03,Bragantino,Palmeiras,2.0,2.0,D,0.0,4.0,1.38,1.4453551912568305
2022-09-04,Cuiaba,Sao Paulo,1.0,1.0,D,0.0,2.0,0.8064516129032258,1.2574257425742574
2022-09-04,Atletico GO,Atletico-MG,0.0,2.0,A,2.0,2.0,0.9715909090909091,
2022-09-04,Corinthians,Internacional,2.0,2.0,D,0.0,4.0,1.198019801980198,1.2568306010928962
2022-09-04,America MG,Coritiba,2.0,0.0,H,1.0,2.0,0.8260869565217391,1.0620689655172413
2022-09-04,Flamengo RJ,Ceara,1.0,1.0,D,0.0,2.0,1.4727722772277227,1.0454545454545454
2022-09-04,Fortaleza,Botafogo RJ,1.0,3.0,A,2.0,4.0,1.0869565217391304,1.0884146341463414
2022-09-06,Santos,Goias,1.0,2.0,A,2.0,3.0,1.2945544554455446,1.1121495327102804
2022-09-07,Atletico-MG,Bragantino,1.0,1.0,D,0.0,2.0,,1.386138613861386
2022-09-10,Ceara,Santos,2.0,1.0,H,1.0,3.0,1.0451977401129944,1.2938271604938272
2022-09-10,Internacional,Cuiaba,1.0,0.0,H,1.0,1.0,1.2588555858310626,0.8095238095238095
2022-09-10,Fluminense,Fortaleza,2.0,1.0,H,1.0,3.0,1.237037037037037,1.0863309352517985
2022-09-11,Palmeiras,Juventude,2.0,1.0,H,1.0,3.0,1.446866485013624,0.873015873015873
2022-09-11,Avai,Athletico-PR,1.0,1.0,D,0.0,2.0,0.7841726618705036,1.220708446866485
2022-09-11,Botafogo RJ,America MG,0.0,0.0,D,0.0,0.0,1.094224924012158,0.8345323741007195
2022-09-11,Coritiba,Atletico GO,2.0,0.0,H,1.0,2.0,1.0584192439862543,0.9661016949152542
2022-09-11,Sao Paulo,Corinthians,1.0,1.0,D,0.0,2.0,1.2567901234567902,1.2
2022-09-11,Goias,Flamengo RJ,1.0,1.0,D,0.0,2.0,1.1162790697674418,1.471604938271605
2022-09-17,Avai,Atletico-MG,1.0,0.0,H,1.0,1.0,0.7857142857142857,
2022-09-17,Botafogo RJ,Coritiba,2.0,0.0,H,1.0,2.0,1.0909090909090908,1.0616438356164384
2022-09-18,Juventude,Fortaleza,1.0,1.0,D,0.0,2.0,0.875,1.0857142857142856
2022-09-18,Palmeiras,Santos,1.0,0.0,H,1.0,1.0,1.4483695652173914,1.293103448275862
2022-09-18,America MG,Corinthians,1.0,0.0,H,1.0,1.0,0.8285714285714286,1.1995073891625616
2022-09-18,Athletico-PR,Cuiaba,2.0,2.0,D,0.0,4.0,1.2201086956521738,0.796875
2022-09-18,Ceara,Sao Paulo,0.0,2.0,A,2.0,2.0,1.050561797752809,1.2561576354679802
2022-09-18,Bragantino,Goias,1.0,1.0,D,0.0,2.0,1.3823529411764706,1.1157407407407407
2022-09-18,Flamengo RJ,Fluminense,1.0,2.0,A,2.0,3.0,1.4704433497536946,1.2389162561576355
2022-09-20,Atletico GO,Internacional,1.0,2.0,A,2.0,3.0,0.9606741573033708,1.2581521739130435
2022-09-26,Sao Paulo,Avai,4.0,0.0,H,1.0,4.0,1.257985257985258,0.7872340425531915
2022-09-28,Fortaleza,Flamengo RJ,3.0,2.0,H,1.0,5.0,1.0851063829787233,1.4692874692874693
2022-09-28,Coritiba,Ceara,1.0,0.0,H,1.0,1.0,1.0580204778156996,1.0446927374301676
2022-09-28,Fluminense,Juventude,4.0,0.0,H,1.0,4.0,1.240786240786241,0.8769230769230769
2022-09-28,Santos,Athletico-PR,2.0,0.0,H,1.0,2.0,1.28992628992629,1.2222222222222223
2022-09-28,Corinthians,Atletico GO,2.0,1.0,H,1.0,3.0,1.1965601965601966,0.9608938547486033
2022-09-29,Cuiaba,America MG,2.0,1.0,H,1.0,3.0,0.8153846153846154,0.8297872340425532
2022-09-29,Atletico-MG,Palmeiras,0.0,1.0,A,2.0,1.0,,1.4471544715447155
2022-09-29,Goias,Botafogo RJ,0.0,1.0,A,2.0,1.0,1.1152073732718895,1.093655589123867
2022-09-29,Internacional,Bragantino,0.0,0.0,D,0.0,0.0,1.2601626016260163,1.3786407766990292
2022-10-01,Avai,Atletico GO,1.0,2.0,A,2.0,3.0,0.7816901408450704,0.9611111111111111
2022-10-01,Flamengo RJ,Bragantino,4.0,1.0,H,1.0,5.0,1.4705882352941178,1.3653846153846154
2022-10-01,Athletico-PR,Juventude,2.0,0.0,H,1.0,2.0,1.218918918918919,0.8636363636363636
2022-10-01,Goias,Fortaleza,0.0,1.0,A,2.0,1.0,1.110091743119266,1.0985915492957747
2022-10-01,Ceara,America MG,1.0,2.0,A,2.0,3.0,1.038888888888889,0.8309859154929577
2022-10-01,Atletico-MG,Fluminense,2.0,0.0,H,1.0,2.0,,1.2475490196078431
2022-10-01,Internacional,Santos,1.0,0.0,H,1.0,1.0,1.2567567567567568,1.2916666666666667
2022-10-02,Corinthians,Cuiaba,2.0,0.0,H,1.0,2.0,1.1985294117647058,0.8333333333333334
2022-10-04,Botafogo RJ,Palmeiras,1.0,3.0,A,2.0,4.0,1.0933734939759037,1.445945945945946
2022-10-05,Juventude,Corinthians,2.0,2.0,D,0.0,4.0,0.8507462686567164,1.2004889975550121
2022-10-05,Atletico GO,Fluminense,3.0,2.0,H,1.0,5.0,0.9668508287292817,1.2444987775061125
2022-10-05,Bragantino,Cuiaba,2.0,1.0,H,1.0,3.0,1.361904761904762,0.8208955223880597
2022-10-05,Ceara,Goias,1.0,1.0,D,0.0,2.0,1.0386740331491713,1.1050228310502284
2022-10-05,Athletico-PR,Fortaleza,1.0,1.0,D,0.0,2.0,1.221024258760108,1.097902097902098
2022-10-06,Palmeiras,Coritiba,4.0,0.0,H,1.0,4.0,1.4501347708894878,1.0578231292517006
2022-10-06,Santos,Atletico-MG,1.0,2.0,A,2.0,3.0,1.2885085574572128,
2022-10-06,Flamengo RJ,Internacional,0.0,0.0,D,0.0,0.0,1.4767726161369192,1.256064690026954
2022-10-07,America MG,Sao Paulo,1.0,2.0,A,2.0,3.0,0.8391608391608392,1.2647058823529411
2022-10-07,Avai,Botafogo RJ,1.0,2.0,A,2.0,3.0,0.7832167832167832,1.093093093093093
2022-10-08,Cuiaba,Flamengo RJ,1.0,2.0,A,2.0,3.0,0.8235294117647058,1.473170731707317
2022-10-09,Fluminense,America MG,0.0,2.0,A,2.0,2.0,1.2463414634146341,0.8402777777777778
2022-10-09,Corinthians,Athletico-PR,2.0,1.0,H,1.0,3.0,1.2024390243902439,1.2204301075268817
2022-10-09,Internacional,Goias,4.0,2.0,H,1.0,6.0,1.2526881720430108,1.1045454545454545
2022-10-09,Fortaleza,Avai,2.0,0.0,H,1.0,2.0,1.0972222222222223,0.7847222222222222
2022-10-09,Sao Paulo,Botafogo RJ,0.0,1.0,A,2.0,1.0,1.2665036674816625,1.095808383233533
2022-10-09,Atletico-MG,Ceara,0.0,0.0,D,0.0,0.0,,1.0384615384615385
2022-10-09,Coritiba,Bragantino,2.0,1.0,H,1.0,3.0,1.0542372881355933,1.3679245283018868
2022-10-10,Atletico GO,Palmeiras,1.0,1.0,D,0.0,2.0,0.978021978021978,1.456989247311828
2022-10-11,Santos,Juventude,4.0,1.0,H,1.0,5.0,1.2878048780487805,0.8676470588235294
2022-10-16,Flamengo RJ,Atletico-MG,1.0,0.0,H,1.0,1.0,1.4744525547445255,
2022-10-16,America MG,Fortaleza,1.0,2.0,A,2.0,3.0,0.8482758620689655,1.103448275862069
2022-10-16,Ceara,Cuiaba,1.0,1.0,D,0.0,2.0,1.0327868852459017,0.8260869565217391
2022-10-16,Palmeiras,Sao Paulo,0.0,0.0,D,0.0,0.0,1.4557640750670242,1.2634146341463415
2022-10-16,Juventude,Atletico GO,1.0,1.0,D,0.0,2.0,0.8695652173913043,0.9781420765027322
2022-10-16,Botafogo RJ,Internacional,0.0,1.0,A,2.0,1.0,1.0955223880597016,1.260053619302949
2022-10-16,Athletico-PR,Coritiba,1.0,0.0,H,1.0,1.0,1.2198391420911527,1.0574324324324325
2022-10-16,Avai,Fluminense,0.0,3.0,A,2.0,3.0,0.7793103448275862,1.24330900243309
2022-10-18,Bragantino,Santos,0.0,2.0,A,2.0,2.0,1.3644859813084111,1.294403892944039
2022-10-21,Sao Paulo,Coritiba,3.0,1.0,H,1.0,4.0,1.2603406326034063,1.0538720538720538
2022-10-22,Santos,Corinthians,0.0,1.0,A,2.0,1.0,1.296116504854369,1.2043795620437956
2022-10-22,Bragantino,Athletico-PR,4.0,2.0,H,1.0,6.0,1.3518518518518519,1.2192513368983957
2022-10-22,America MG,Flamengo RJ,1.0,2.0,A,2.0,3.0,0.8493150684931506,1.4733009708737863
2022-10-23,Palmeiras,Avai,3.0,0.0,H,1.0,3.0,1.4518716577540107,0.773972602739726
2022-10-23,Fluminense,Botafogo RJ,2.0,2.0,D,0.0,4.0,1.2475728155339805,1.0922619047619047
2022-10-23,Juventude,Sao Paulo,1.0,2.0,A,2.0,3.0,0.8714285714285714,1.2645631067961165
2022-10-23,Atletico GO,Ceara,1.0,0.0,H,1.0,1.0,0.9782608695652174,1.0326086956521738
2022-10-23,Coritiba,Internacional,1.0,1.0,D,0.0,2.0,1.0536912751677852,1.2593582887700534
2022-10-23,Cuiaba,Goias,1.0,2.0,A,2.0,3.0,0.8285714285714286,1.1085972850678734
2022-10-25,Fortaleza,Atletico-MG,0.0,0.0,D,0.0,0.0,1.1095890410958904,
2022-10-26,Botafogo RJ,Bragantino,2.0,1.0,H,1.0,3.0,1.0949554896142433,1.3761467889908257
2022-10-26,Flamengo RJ,Santos,3.0,2.0,H,1.0,5.0,1.4745762711864407,1.2929782082324455
2022-10-26,Athletico-PR,Palmeiras,1.0,3.0,A,2.0,4.0,1.2213333333333334,1.456
2022-10-27,Corinthians,Fluminense,0.0,2.0,A,2.0,2.0,1.203883495145631,1.2493946731234866
2022-10-27,Goias,America MG,2.0,2.0,D,0.0,4.0,1.1126126126126126,0.8503401360544217
2022-10-27,Internacional,Ceara,2.0,1.0,H,1.0,3.0,1.2586666666666666,1.027027027027027
2022-10-27,Fortaleza,Coritiba,3.0,1.0,H,1.0,4.0,1.1020408163265305,1.0535117056856187
2022-10-27,Sao Paulo,Atletico GO,2.0,1.0,H,1.0,3.0,1.2663438256658595,0.9783783783783784
2022-10-27,Atletico-MG,Juventude,1.0,0.0,H,1.0,1.0,,0.8732394366197183
2022-10-28,Cuiaba,Avai,1.0,0.0,H,1.0,1.0,0.8309859154929577,0.7687074829931972
2022-10-29,Goias,Corinthians,0.0,0.0,D,0.0,0.0,1.116591928251121,1.2009685230024214
2022-10-31,Ceara,Fluminense,0.0,1.0,A,2.0,1.0,1.0268817204301075,1.251207729468599
2022-11-01,Botafogo RJ,Cuiaba,0.0,2.0,A,2.0,2.0,1.0976331360946745,0.8333333333333334
2022-11-02,Sao Paulo,Atletico-MG,2.0,2.0,D,0.0,4.0,1.2681159420289856,
2022-11-02,America MG,Internacional,1.0,0.0,H,1.0,1.0,0.8581081081081081,1.2606382978723405
2022-11-02,Athletico-PR,Goias,3.0,2.0,H,1.0,5.0,1.2207446808510638,1.1116071428571428
2022-11-02,Atletico GO,Santos,2.0,3.0,A,2.0,5.0,0.978494623655914,1.2946859903381642
2022-11-02,Avai,Bragantino,1.0,2.0,A,2.0,3.0,0.7635135135135135,1.3727272727272728
2022-11-02,Juventude,Coritiba,0.0,1.0,A,2.0,1.0,0.8611111111111112,1.0533333333333332
2022-11-03,Flamengo RJ,Corinthians,1.0,2.0,A,2.0,3.0,1.4782608695652173,1.1980676328502415
2022-11-03,Palmeiras,Fortaleza,4.0,0.0,H,1.0,4.0,1.4601063829787233,1.114864864864865
2022-11-05,Corinthians,Ceara,1.0,0.0,H,1.0,1.0,1.2,1.0213903743315509
2022-11-05,Goias,Juventude,1.0,0.0,H,1.0,1.0,1.1155555555555556,0.8493150684931506
2022-11-05,Fluminense,Sao Paulo,3.0,1.0,H,1.0,4.0,1.2506024096385542,1.269879518072289
2022-11-05,Santos,Avai,1.0,1.0,D,0.0,2.0,1.2987951807228915,0.7651006711409396
2022-11-05,Bragantino,America MG,1.0,4.0,A,2.0,5.0,1.3783783783783783,0.8590604026845637
2022-11-06,Internacional,Athletico-PR,2.0,0.0,H,1.0,2.0,1.257294429708223,1.2254641909814323
2022-11-06,Coritiba,Flamengo RJ,1.0,0.0,H,1.0,1.0,1.053156146179402,1.4771084337349398
2022-11-06,Fortaleza,Atletico GO,1.0,1.0,D,0.0,2.0,1.1073825503355705,0.983957219251337
2022-11-06,Cuiaba,Palmeiras,1.0,1.0,D,0.0,2.0,0.8493150684931506,1.46684350132626
2022-11-07,Atletico-MG,Botafogo RJ,0.0,2.0,A,2.0,2.0,,1.0943952802359882
2022-11-09,Coritiba,Corinthians,2.0,2.0,D,0.0,4.0,1.0529801324503312,1.1995192307692308
2022-11-09,Fortaleza,Bragantino,6.0,0.0,H,1.0,6.0,1.1066666666666667,1.375
2022-11-09,Sao Paulo,Internacional,0.0,1.0,A,2.0,1.0,1.2692307692307692,1.2592592592592593
2022-11-09,Avai,Ceara,2.0,0.0,H,1.0,2.0,0.7666666666666667,1.0159574468085106
2022-11-09,Fluminense,Goias,3.0,0.0,H,1.0,3.0,1.2548076923076923,1.1150442477876106
2022-11-10,Atletico GO,Athletico-PR,1.0,1.0,D,0.0,2.0,0.9840425531914894,1.2222222222222223
2022-11-10,Juventude,Flamengo RJ,2.0,2.0,D,0.0,4.0,0.8378378378378378,1.4735576923076923
2022-11-10,Palmeiras,America MG,2.0,1.0,H,1.0,3.0,1.4656084656084656,0.88
2022-11-10,Atletico-MG,Cuiaba,3.0,0.0,H,1.0,3.0,,0.8513513513513513
2022-11-10,Botafogo RJ,Santos,3.0,0.0,H,1.0,3.0,1.0970588235294119,1.2980769230769231
2022-11-12,Flamengo RJ,Avai,1.0,2.0,A,2.0,3.0,1.474820143884892,0.7748344370860927
2022-11-13,Cuiaba,Coritiba,2.0,1.0,H,1.0,3.0,0.84,1.056105610561056
2022-11-13,Santos,Fortaleza,0.0,2.0,A,2.0,2.0,1.2949640287769784,1.1390728476821192
2022-11-13,Internacional,Palmeiras,3.0,0.0,H,1.0,3.0,1.2585751978891822,1.4670184696569921
2022-11-13,Goias,Sao Paulo,0.0,4.0,A,2.0,4.0,1.1101321585903083,1.2661870503597121
2022-11-13,Ceara,Juventude,4.0,1.0,H,1.0,5.0,1.0105820105820107,0.8533333333333334
2022-11-13,Bragantino,Fluminense,0.0,1.0,A,2.0,1.0,1.3628318584070795,1.2589928057553956
2022-11-13,Athletico-PR,Botafogo RJ,3.0,0.0,H,1.0,3.0,1.2216358839050132,1.1026392961876832
2022-11-13,America MG,Atletico GO,1.0,1.0,D,0.0,2.0,0.8807947019867549,0.9841269841269841
2022-11-13,Corinthians,Atletico-MG,0.0,1.0,A,2.0,1.0,1.2014388489208634,
2023-04-15,Bragantino,Bahia,2.0,1.0,H,1.0,3.0,1.3508771929824561,1.0789473684210527
2023-04-15,Botafogo RJ,Sao Paulo,2.0,1.0,H,1.0,3.0,1.0994152046783625,1.2727272727272727
2023-04-15,Fortaleza,Internacional,1.0,1.0,D,0.0,2.0,1.144736842105263,1.263157894736842
2023-04-15,Palmeiras,Cuiaba,2.0,1.0,H,1.0,3.0,1.4631578947368422,0.8552631578947368
2023-04-15,America MG,Fluminense,0.0,3.0,A,2.0,3.0,0.881578947368421,1.2583732057416268
2023-04-15,Athletico-PR,Goias,2.0,0.0,H,1.0,2.0,1.2263157894736842,1.105263157894737
2023-04-16,Atletico-MG,Vasco,1.0,2.0,A,2.0,3.0,,1.0526315789473684
2023-04-16,Corinthians,Cruzeiro,2.0,1.0,H,1.0,3.0,1.1985645933014355,1.2861842105263157
2023-04-16,Flamengo RJ,Coritiba,3.0,0.0,H,1.0,3.0,1.4736842105263157,1.055921052631579
2023-04-16,Gremio,Santos,1.0,0.0,H,1.0,1.0,1.2921052631578946,1.291866028708134
2023-04-22,Fluminense,Athletico-PR,2.0,0.0,H,1.0,2.0,1.2625298329355608,1.2283464566929134
2023-04-22,Cuiaba,Bragantino,1.0,1.0,D,0.0,2.0,0.8571428571428571,1.3565217391304347
2023-04-22,Sao Paulo,America MG,3.0,0.0,H,1.0,3.0,1.272076372315036,0.8758169934640523
2023-04-23,Goias,Corinthians,3.0,1.0,H,1.0,4.0,1.1004366812227073,1.2004773269689737
2023-04-23,Coritiba,Fortaleza,0.0,3.0,A,2.0,3.0,1.0524590163934426,1.1437908496732025
2023-04-23,Vasco,Palmeiras,2.0,2.0,D,0.0,4.0,1.0561797752808988,1.4645669291338583
2023-04-23,Internacional,Flamengo RJ,2.0,1.0,H,1.0,3.0,1.26246719160105,1.477326968973747
2023-04-23,Cruzeiro,Gremio,1.0,0.0,H,1.0,1.0,1.2852459016393443,1.2913385826771653
2023-04-23,Santos,Atletico-MG,0.0,0.0,D,0.0,0.0,1.2887828162291168,
2023-04-25,Bahia,Botafogo RJ,1.0,2.0,A,2.0,3.0,1.0786885245901638,1.1020408163265305
2023-04-29,Coritiba,Sao Paulo,1.0,1.0,D,0.0,2.0,1.0490196078431373,1.276190476190476
2023-04-29,Fortaleza,Fluminense,4.0,2.0,H,1.0,6.0,1.155844155844156,1.2642857142857142
2023-04-29,Bragantino,Cruzeiro,0.0,3.0,A,2.0,3.0,1.353448275862069,1.2843137254901962
2023-04-29,Palmeiras,Corinthians,2.0,1.0,H,1.0,3.0,1.4659685863874345,1.2
2023-04-29,Santos,America MG,3.0,2.0,H,1.0,5.0,1.2857142857142858,0.8701298701298701
2023-04-30,Internacional,Goias,1.0,0.0,H,1.0,1.0,1.2643979057591623,1.108695652173913
2023-04-30,Cuiaba,Gremio,1.0,2.0,A,2.0,3.0,0.8589743589743589,1.287958115183246
2023-04-30,Atletico-MG,Athletico-PR,2.0,1.0,H,1.0,3.0,,1.225130890052356
2023-04-30,Flamengo RJ,Botafogo RJ,2.0,3.0,A,2.0,5.0,1.4761904761904763,1.1046511627906976
2023-05-02,Vasco,Bahia,0.0,1.0,A,2.0,1.0,1.0597014925373134,1.0784313725490196
2023-05-06,Cruzeiro,Santos,2.0,1.0,H,1.0,3.0,1.289902280130293,1.2897862232779098
2023-05-07,Gremio,Bragantino,3.0,3.0,D,0.0,6.0,1.2898172323759791,1.3418803418803418
2023-05-07,Goias,Palmeiras,0.0,5.0,A,2.0,5.0,1.103896103896104,1.4673629242819843
2023-05-07,Sao Paulo,Internacional,2.0,0.0,H,1.0,2.0,1.2755344418052257,1.2637075718015667
2023-05-07,Botafogo RJ,Atletico-MG,2.0,0.0,H,1.0,2.0,1.1101449275362318,
2023-05-07,Athletico-PR,Flamengo RJ,2.0,1.0,H,1.0,3.0,1.2245430809399478,1.477434679334917
2023-05-07,America MG,Cuiaba,1.0,2.0,A,2.0,3.0,0.8774193548387097,0.8607594936708861
2023-05-07,Fluminense,Vasco,1.0,1.0,D,0.0,2.0,1.2660332541567696,1.0557620817843867
2023-05-07,Bahia,Coritiba,3.0,1.0,H,1.0,4.0,1.0781758957654723,1.0488599348534202
2023-05-09,Corinthians,Fortaleza,1.0,1.0,D,0.0,2.0,1.1995249406175772,1.1741935483870967
2023-05-10,Bragantino,America MG,2.0,2.0,D,0.0,4.0,1.3559322033898304,0.8782051282051282
2023-05-10,Internacional,Athletico-PR,0.0,2.0,A,2.0,2.0,1.2604166666666667,1.2265625
2023-05-10,Santos,Bahia,3.0,0.0,H,1.0,3.0,1.2890995260663507,1.0844155844155845
2023-05-11,Botafogo RJ,Corinthians,3.0,0.0,H,1.0,3.0,1.1127167630057804,1.1990521327014219
2023-05-11,Coritiba,Vasco,1.0,1.0,D,0.0,2.0,1.0487012987012987,1.0555555555555556
2023-05-11,Palmeiras,Gremio,4.0,1.0,H,1.0,5.0,1.4765625,1.2942708333333333
2023-05-11,Cruzeiro,Fluminense,0.0,2.0,A,2.0,2.0,1.2922077922077921,1.2654028436018958
2023-05-11,Cuiaba,Atletico-MG,0.0,4.0,A,2.0,4.0,0.875,
2023-05-11,Flamengo RJ,Goias,2.0,0.0,H,1.0,2.0,1.4763033175355451,1.0991379310344827
2023-05-12,Fortaleza,Sao Paulo,0.0,0.0,D,0.0,0.0,1.1730769230769231,1.2772511848341233
2023-05-13,Bahia,Flamengo RJ,2.0,3.0,A,2.0,5.0,1.080906148867314,1.4775413711583925
2023-05-13,Fluminense,Cuiaba,2.0,0.0,H,1.0,2.0,1.2671394799054374,0.8641975308641975
2023-05-13,Palmeiras,Bragantino,1.0,1.0,D,0.0,2.0,1.483116883116883,1.361344537815126
2023-05-14,Goias,Botafogo RJ,2.0,1.0,H,1.0,3.0,1.094420600858369,1.1181556195965419
2023-05-14,Athletico-PR,Coritiba,3.0,2.0,H,1.0,5.0,1.2285714285714286,1.0485436893203883
2023-05-14,America MG,Cruzeiro,0.0,4.0,A,2.0,4.0,0.8853503184713376,1.2880258899676376
2023-05-14,Corinthians,Sao Paulo,1.0,1.0,D,0.0,2.0,1.1962174940898345,1.2742316784869976
2023-05-14,Gremio,Fortaleza,0.0,0.0,D,0.0,0.0,1.2935064935064935,1.1656050955414012
2023-05-14,Vasco,Santos,0.0,1.0,A,2.0,1.0,1.055350553505535,1.293144208037825
2023-05-14,Atletico-MG,Internacional,2.0,0.0,H,1.0,2.0,,1.2571428571428571
2023-05-20,Bahia,Goias,1.0,1.0,D,0.0,2.0,1.0838709677419356,1.0982905982905984
2023-05-20,America MG,Fortaleza,2.0,1.0,H,1.0,3.0,0.879746835443038,1.1582278481012658
2023-05-20,Botafogo RJ,Fluminense,1.0,0.0,H,1.0,1.0,1.117816091954023,1.2688679245283019
2023-05-20,Bragantino,Athletico-PR,2.0,0.0,H,1.0,2.0,1.3583333333333334,1.233160621761658
2023-05-20,Coritiba,Atletico-MG,1.0,2.0,A,2.0,3.0,1.0516129032258064,
2023-05-20,Sao Paulo,Vasco,4.0,2.0,H,1.0,6.0,1.2735849056603774,1.0514705882352942
2023-05-21,Gremio,Internacional,3.0,1.0,H,1.0,4.0,1.2901554404145077,1.2538860103626943
2023-05-21,Flamengo RJ,Corinthians,1.0,0.0,H,1.0,1.0,1.4811320754716981,1.195754716981132
2023-05-21,Santos,Palmeiras,0.0,0.0,D,0.0,0.0,1.2924528301886793,1.4818652849740932
2023-05-23,Cruzeiro,Cuiaba,0.0,1.0,A,2.0,1.0,1.2967741935483872,0.8536585365853658
2023-05-27,Athletico-PR,Gremio,1.0,2.0,A,2.0,3.0,1.2299741602067182,1.2945736434108528
2023-05-27,Fortaleza,Vasco,2.0,0.0,H,1.0,2.0,1.1572327044025157,1.054945054945055
2023-05-27,Cuiaba,Coritiba,1.0,1.0,D,0.0,2.0,0.8554216867469879,1.0514469453376205
2023-05-27,Flamengo RJ,Cruzeiro,1.0,1.0,D,0.0,2.0,1.48,1.292604501607717
2023-05-28,Botafogo RJ,America MG,2.0,0.0,H,1.0,2.0,1.1174785100286533,0.8867924528301887
2023-05-28,Bragantino,Santos,2.0,0.0,H,1.0,2.0,1.3636363636363635,1.2894117647058823
2023-05-28,Atletico-MG,Palmeiras,1.0,1.0,D,0.0,2.0,,1.4780361757105944
2023-05-28,Internacional,Bahia,2.0,0.0,H,1.0,2.0,1.2532299741602067,1.0836012861736335
2023-05-28,Corinthians,Fluminense,2.0,0.0,H,1.0,2.0,1.1929411764705882,1.2658823529411765
2023-05-28,Sao Paulo,Goias,2.0,1.0,H,1.0,3.0,1.28,1.097872340425532
2023-06-03,Fortaleza,Bahia,0.0,0.0,D,0.0,0.0,1.1625,1.080128205128205
2023-06-03,America MG,Corinthians,2.0,0.0,H,1.0,2.0,0.88125,1.1948356807511737
2023-06-03,Athletico-PR,Botafogo RJ,1.0,0.0,H,1.0,1.0,1.2293814432989691,1.12
2023-06-03,Cruzeiro,Atletico-MG,0.0,1.0,A,2.0,1.0,1.2916666666666667,
2023-06-04,Palmeiras,Coritiba,3.0,1.0,H,1.0,4.0,1.4768041237113403,1.0512820512820513
2023-06-04,Gremio,Sao Paulo,2.0,1.0,H,1.0,3.0,1.2963917525773196,1.2816901408450705
2023-06-04,Goias,Cuiaba,0.0,1.0,A,2.0,1.0,1.097457627118644,0.8571428571428571
2023-06-04,Santos,Internacional,1.0,1.0,D,0.0,2.0,1.2863849765258215,1.2551546391752577
2023-06-04,Fluminense,Bragantino,2.0,1.0,H,1.0,3.0,1.2629107981220657,1.3688524590163935
2023-06-06,Vasco,Flamengo RJ,1.0,4.0,A,2.0,5.0,1.051094890510949,1.4788732394366197
2023-06-10,Coritiba,Santos,0.0,0.0,D,0.0,0.0,1.0511182108626198,1.2857142857142858
2023-06-10,Atletico-MG,Bragantino,1.0,1.0,D,0.0,2.0,,1.3658536585365855
2023-06-10,Bahia,Cruzeiro,2.0,2.0,D,0.0,4.0,1.0766773162939298,1.2875399361022364
2023-06-10,Corinthians,Cuiaba,1.0,1.0,D,0.0,2.0,1.1920374707259953,0.8588235294117647
2023-06-11,Sao Paulo,Palmeiras,0.0,2.0,A,2.0,2.0,1.2810304449648713,1.480719794344473
2023-06-11,Flamengo RJ,Gremio,3.0,0.0,H,1.0,3.0,1.484777517564403,1.2982005141388175
2023-06-11,Goias,Fluminense,2.0,2.0,D,0.0,4.0,1.0928270042194093,1.2646370023419204
2023-06-11,Internacional,Vasco,2.0,1.0,H,1.0,3.0,1.2544987146529563,1.050909090909091
2023-06-11,Botafogo RJ,Fortaleza,2.0,0.0,H,1.0,2.0,1.1168091168091168,1.15527950310559
2023-06-11,America MG,Athletico-PR,2.0,2.0,D,0.0,4.0,0.8881987577639752,1.2287917737789202
2023-06-21,Cruzeiro,Fortaleza,0.0,1.0,A,2.0,1.0,1.2898089171974523,1.1481481481481481
2023-06-21,Sao Paulo,Athletico-PR,2.0,1.0,H,1.0,3.0,1.27803738317757,1.2307692307692308
2023-06-22,Santos,Corinthians,0.0,2.0,A,2.0,2.0,1.2827102803738317,1.191588785046729
2023-06-22,Bahia,Palmeiras,1.0,0.0,H,1.0,1.0,1.0796178343949046,1.4820512820512821
2023-06-22,Fluminense,Atletico-MG,1.0,1.0,D,0.0,2.0,1.266355140186916,
2023-06-22,Gremio,America MG,3.0,1.0,H,1.0,4.0,1.294871794871795,0.8950617283950617
2023-06-23,Bragantino,Flamengo RJ,4.0,0.0,H,1.0,4.0,1.3629032258064515,1.4883177570093458
2023-06-23,Vasco,Goias,0.0,1.0,A,2.0,1.0,1.0507246376811594,1.096638655462185
2023-06-23,Coritiba,Internacional,0.0,1.0,A,2.0,1.0,1.0477707006369428,1.2564102564102564
2023-06-23,Cuiaba,Botafogo RJ,0.0,1.0,A,2.0,1.0,0.8604651162790697,1.1193181818181819
2023-06-24,Athletico-PR,Corinthians,1.0,0.0,H,1.0,1.0,1.2301790281329923,1.1934731934731935
2023-06-24,Fluminense,Bahia,2.0,1.0,H,1.0,3.0,1.2657342657342658,1.0793650793650793
2023-06-24,Fortaleza,Atletico-MG,2.0,1.0,H,1.0,3.0,1.147239263803681,
2023-06-25,Santos,Flamengo RJ,2.0,3.0,A,2.0,5.0,1.2797202797202798,1.4848484848484849
2023-06-25,America MG,Internacional,1.0,2.0,A,2.0,3.0,0.8957055214723927,1.2557544757033248
2023-06-25,Bragantino,Goias,2.0,0.0,H,1.0,2.0,1.384,1.096234309623431
2023-06-25,Gremio,Coritiba,5.0,1.0,H,1.0,6.0,1.29923273657289,1.0444444444444445
2023-06-25,Cruzeiro,Sao Paulo,1.0,0.0,H,1.0,1.0,1.2857142857142858,1.2797202797202798
2023-06-25,Palmeiras,Botafogo RJ,0.0,1.0,A,2.0,1.0,1.4782608695652173,1.1189801699716715
2023-06-27,Vasco,Cuiaba,1.0,0.0,H,1.0,1.0,1.0469314079422383,0.8505747126436781
2023-07-01,Sao Paulo,Fluminense,1.0,0.0,H,1.0,1.0,1.2767441860465116,1.2674418604651163
2023-07-01,Bahia,Gremio,1.0,2.0,A,2.0,3.0,1.0791139240506329,1.308673469387755
2023-07-01,Flamengo RJ,Fortaleza,2.0,0.0,H,1.0,2.0,1.4883720930232558,1.1524390243902438
2023-07-02,Cuiaba,Santos,3.0,0.0,H,1.0,3.0,0.8409090909090909,1.2813953488372094
2023-07-02,Botafogo RJ,Vasco,2.0,0.0,H,1.0,2.0,1.11864406779661,1.0467625899280575
2023-07-02,Atletico-MG,America MG,2.0,2.0,D,0.0,4.0,,0.8963414634146342
2023-07-02,Corinthians,Bragantino,0.0,1.0,A,2.0,1.0,1.1906976744186046,1.3888888888888888
2023-07-02,Internacional,Cruzeiro,0.0,0.0,D,0.0,0.0,1.2576530612244898,1.2848101265822784
2023-07-02,Athletico-PR,Palmeiras,2.0,2.0,D,0.0,4.0,1.2295918367346939,1.4744897959183674
2023-07-04,Goias,Coritiba,1.0,2.0,A,2.0,3.0,1.0916666666666666,1.0443037974683544
2023-07-08,Cuiaba,Bahia,1.0,1.0,D,0.0,2.0,0.8651685393258427,1.0788643533123028
2023-07-08,Vasco,Cruzeiro,0.0,1.0,A,2.0,1.0,1.043010752688172,1.2807570977917981
2023-07-08,Atletico-MG,Corinthians,0.0,1.0,A,2.0,1.0,,1.1879350348027842
2023-07-08,Coritiba,America MG,3.0,1.0,H,1.0,4.0,1.0473186119873816,0.9030303030303031
2023-07-09,Fortaleza,Athletico-PR,1.0,0.0,H,1.0,1.0,1.1454545454545455,1.2315521628498727
2023-07-09,Gremio,Botafogo RJ,0.0,2.0,A,2.0,2.0,1.3104325699745547,1.1211267605633803
2023-07-09,Fluminense,Internacional,2.0,0.0,H,1.0,2.0,1.2645011600928073,1.2544529262086515
2023-07-09,Bragantino,Sao Paulo,0.0,0.0,D,0.0,0.0,1.3858267716535433,1.2761020881670533
2023-07-09,Santos,Goias,4.0,3.0,H,1.0,7.0,1.2784222737819027,1.0912863070539418
2023-07-09,Palmeiras,Flamengo RJ,1.0,1.0,D,0.0,2.0,1.4758269720101782,1.4895591647331787
2023-07-16,Botafogo RJ,Bragantino,2.0,0.0,H,1.0,2.0,1.1235955056179776,1.375
2023-07-16,Cruzeiro,Coritiba,0.0,0.0,D,0.0,0.0,1.279874213836478,1.0534591194968554
2023-07-16,Fluminense,Flamengo RJ,0.0,0.0,D,0.0,0.0,1.2662037037037037,1.4884259259259258
2023-07-16,Fortaleza,Cuiaba,0.0,1.0,A,2.0,1.0,1.144578313253012,0.8666666666666667
2023-07-16,Sao Paulo,Santos,4.0,1.0,H,1.0,5.0,1.2731481481481481,1.2847222222222223
2023-07-16,Athletico-PR,Bahia,2.0,0.0,H,1.0,2.0,1.2284263959390862,1.078616352201258
2023-07-16,Internacional,Palmeiras,0.0,0.0,D,0.0,0.0,1.251269035532995,1.4746192893401016
2023-07-18,Goias,Atletico-MG,0.0,0.0,D,0.0,0.0,1.0991735537190082,
2023-07-22,Flamengo RJ,America MG,1.0,1.0,D,0.0,2.0,1.4849884526558892,0.9036144578313253
2023-07-22,Palmeiras,Fortaleza,3.0,1.0,H,1.0,4.0,1.4708860759493672,1.1377245508982037
2023-07-22,Bahia,Corinthians,0.0,0.0,D,0.0,0.0,1.0752351097178683,1.1875
2023-07-22,Cuiaba,Sao Paulo,2.0,1.0,H,1.0,3.0,0.8681318681318682,1.279445727482679
2023-07-23,Gremio,Atletico-MG,1.0,0.0,H,1.0,1.0,1.3071065989847717,
2023-07-23,Bragantino,Internacional,0.0,0.0,D,0.0,0.0,1.3643410852713178,1.2481012658227848
2023-07-23,Cruzeiro,Goias,0.0,1.0,A,2.0,1.0,1.2758620689655173,1.0946502057613168
2023-07-23,Santos,Botafogo RJ,2.0,2.0,D,0.0,4.0,1.2840646651270209,1.1260504201680672
2023-07-23,Vasco,Athletico-PR,0.0,2.0,A,2.0,2.0,1.0392857142857144,1.230379746835443
2023-07-24,Coritiba,Fluminense,2.0,0.0,H,1.0,2.0,1.0501567398119123,1.2632794457274827
2023-07-29,Athletico-PR,Cruzeiro,3.0,3.0,D,0.0,6.0,1.2323232323232323,1.271875
2023-07-29,Fluminense,Santos,1.0,0.0,H,1.0,1.0,1.26036866359447,1.2857142857142858
2023-07-29,Internacional,Cuiaba,1.0,2.0,A,2.0,3.0,1.244949494949495,0.8804347826086957
2023-07-29,Corinthians,Vasco,3.0,1.0,H,1.0,4.0,1.1847575057736721,1.0355871886120998
2023-07-29,Fortaleza,Bragantino,0.0,3.0,A,2.0,3.0,1.1369047619047619,1.353846153846154
2023-07-30,Botafogo RJ,Coritiba,4.0,1.0,H,1.0,5.0,1.1284916201117319,1.053125
2023-07-30,America MG,Palmeiras,1.0,4.0,A,2.0,5.0,0.9041916167664671,1.4747474747474747
2023-07-30,Goias,Gremio,1.0,1.0,D,0.0,2.0,1.0942622950819672,1.3063291139240507
2023-07-30,Atletico-MG,Flamengo RJ,1.0,2.0,A,2.0,3.0,,1.4838709677419355
2023-07-30,Sao Paulo,Bahia,0.0,0.0,D,0.0,0.0,1.2788018433179724,1.071875
2023-08-05,Santos,Athletico-PR,1.0,1.0,D,0.0,2.0,1.282758620689655,1.2367758186397986
2023-08-05,Goias,Fortaleza,1.0,0.0,H,1.0,1.0,1.0938775510204082,1.1301775147928994
2023-08-05,Internacional,Corinthians,2.0,2.0,D,0.0,4.0,1.2443324937027709,1.1889400921658986
2023-08-06,Coritiba,Bragantino,0.0,1.0,A,2.0,1.0,1.0529595015576323,1.366412213740458
2023-08-06,Fluminense,Palmeiras,2.0,1.0,H,1.0,3.0,1.2597701149425287,1.4811083123425692
2023-08-06,Sao Paulo,Atletico-MG,0.0,2.0,A,2.0,2.0,1.2758620689655173,
2023-08-06,Vasco,Gremio,1.0,0.0,H,1.0,1.0,1.0354609929078014,1.3055555555555556
2023-08-06,Bahia,America MG,3.0,1.0,H,1.0,4.0,1.0685358255451713,0.9047619047619048
2023-08-06,Cruzeiro,Botafogo RJ,0.0,0.0,D,0.0,0.0,1.277258566978193,1.1364902506963788
2023-08-07,Cuiaba,Flamengo RJ,3.0,0.0,H,1.0,3.0,0.8924731182795699,1.4850574712643678
2023-08-13,Botafogo RJ,Internacional,3.0,1.0,H,1.0,4.0,1.1333333333333333,1.2462311557788945
2023-08-13,Atletico-MG,Bahia,1.0,0.0,H,1.0,1.0,,1.0745341614906831
2023-08-13,America MG,Goias,0.0,1.0,A,2.0,1.0,0.9053254437869822,1.0934959349593496
2023-08-13,Corinthians,Coritiba,3.0,1.0,H,1.0,4.0,1.1908045977011494,1.049689440993789
2023-08-13,Gremio,Fluminense,2.0,1.0,H,1.0,3.0,1.3022670025188916,1.261467889908257
2023-08-13,Flamengo RJ,Sao Paulo,1.0,1.0,D,0.0,2.0,1.481651376146789,1.2729357798165137
2023-08-13,Fortaleza,Santos,4.0,0.0,H,1.0,4.0,1.1235294117647059,1.2821100917431192
2023-08-14,Palmeiras,Cruzeiro,1.0,0.0,H,1.0,1.0,1.479899497487437,1.2732919254658386
2023-08-15,Bragantino,Vasco,1.0,1.0,D,0.0,2.0,1.3636363636363635,1.0353356890459364
2023-08-16,Athletico-PR,Cuiaba,2.0,0.0,H,1.0,2.0,1.236180904522613,0.9148936170212766
2023-08-19,Internacional,Fortaleza,0.0,1.0,A,2.0,1.0,1.2456140350877194,1.1403508771929824
2023-08-19,Sao Paulo,Botafogo RJ,0.0,0.0,D,0.0,0.0,1.2723112128146452,1.1385041551246537
2023-08-19,Cuiaba,Palmeiras,0.0,2.0,A,2.0,2.0,0.9052631578947369,1.4786967418546366
2023-08-19,Fluminense,America MG,3.0,1.0,H,1.0,4.0,1.2608695652173914,0.9
2023-08-20,Cruzeiro,Corinthians,1.0,1.0,D,0.0,2.0,1.2693498452012384,1.194954128440367
2023-08-20,Vasco,Atletico-MG,1.0,0.0,H,1.0,1.0,1.0352112676056338,
2023-08-20,Bahia,Bragantino,4.0,0.0,H,1.0,4.0,1.0712074303405572,1.3609022556390977
2023-08-20,Coritiba,Flamengo RJ,2.0,3.0,A,2.0,5.0,1.0495356037151702,1.4805491990846682
2023-08-20,Santos,Gremio,2.0,1.0,H,1.0,3.0,1.2791762013729977,1.3040201005025125
2023-08-22,Goias,Athletico-PR,1.0,1.0,D,0.0,2.0,1.0931174089068827,1.2380952380952381
2023-08-26,Flamengo RJ,Internacional,0.0,0.0,D,0.0,0.0,1.4840182648401827,1.2425
2023-08-27,Palmeiras,Vasco,1.0,0.0,H,1.0,1.0,1.48,1.0350877192982457
2023-08-27,Fortaleza,Coritiba,3.0,1.0,H,1.0,4.0,1.1395348837209303,1.0524691358024691
2023-08-27,Athletico-PR,Fluminense,2.0,2.0,D,0.0,4.0,1.2375,1.264840182648402
2023-08-27,Botafogo RJ,Bahia,3.0,0.0,H,1.0,3.0,1.1353591160220995,1.0802469135802468
2023-08-27,Gremio,Cruzeiro,3.0,0.0,H,1.0,3.0,1.3032581453634084,1.2685185185185186
2023-08-27,America MG,Sao Paulo,2.0,1.0,H,1.0,3.0,0.9005847953216374,1.269406392694064
2023-08-27,Bragantino,Cuiaba,2.0,0.0,H,1.0,2.0,1.3507462686567164,0.8958333333333334
2023-08-27,Corinthians,Goias,1.0,1.0,D,0.0,2.0,1.194508009153318,1.092741935483871
2023-08-27,Atletico-MG,Santos,2.0,0.0,H,1.0,2.0,,1.2808219178082192
2023-09-02,Athletico-PR,Atletico-MG,1.0,1.0,D,0.0,2.0,1.2394014962593516,
2023-09-02,Goias,Internacional,0.0,0.0,D,0.0,0.0,1.0923694779116466,1.2394014962593516
2023-09-03,Cruzeiro,Bragantino,0.0,0.0,D,0.0,0.0,1.2646153846153847,1.3555555555555556
2023-09-03,Botafogo RJ,Flamengo RJ,1.0,2.0,A,2.0,3.0,1.140495867768595,1.4806378132118452
2023-09-03,Gremio,Cuiaba,2.0,0.0,H,1.0,2.0,1.3075,0.8865979381443299
2023-09-03,Corinthians,Palmeiras,0.0,0.0,D,0.0,0.0,1.1940639269406392,1.4788029925187032
2023-09-03,Fluminense,Fortaleza,1.0,0.0,H,1.0,1.0,1.2665148063781322,1.1502890173410405
2023-09-03,America MG,Santos,2.0,0.0,H,1.0,2.0,0.9069767441860465,1.2779043280182232
2023-09-03,Bahia,Vasco,1.0,1.0,D,0.0,2.0,1.0769230769230769,1.0314685314685315
2023-09-14,Fortaleza,Corinthians,2.0,1.0,H,1.0,3.0,1.1436781609195403,1.1913439635535308
2023-09-14,Santos,Cruzeiro,0.0,3.0,A,2.0,3.0,1.275,1.2607361963190185
2023-09-14,Flamengo RJ,Athletico-PR,0.0,3.0,A,2.0,3.0,1.481818181818182,1.2388059701492538
2023-09-14,Internacional,Sao Paulo,2.0,1.0,H,1.0,3.0,1.236318407960199,1.2687927107061503
2023-09-15,Coritiba,Bahia,2.0,4.0,A,2.0,6.0,1.0523076923076924,1.0766871165644172
2023-09-15,Bragantino,Gremio,2.0,0.0,H,1.0,2.0,1.3455882352941178,1.3092269326683292
2023-09-16,Cuiaba,America MG,2.0,2.0,D,0.0,4.0,0.8775510204081632,0.9132947976878613
2023-09-16,Palmeiras,Goias,1.0,0.0,H,1.0,1.0,1.4751243781094527,1.088
2023-09-16,Vasco,Fluminense,4.0,2.0,H,1.0,6.0,1.0313588850174216,1.2659090909090909
2023-09-17,Atletico-MG,Botafogo RJ,1.0,0.0,H,1.0,1.0,,1.14010989010989
2023-09-19,Bahia,Santos,1.0,2.0,A,2.0,3.0,1.0856269113149848,1.272108843537415
2023-09-19,Corinthians,Gremio,4.0,4.0,D,0.0,8.0,1.190909090909091,1.3059701492537314
2023-09-20,Goias,Flamengo RJ,0.0,0.0,D,0.0,0.0,1.0836653386454183,1.4784580498866213
2023-09-20,America MG,Bragantino,0.0,2.0,A,2.0,2.0,0.9195402298850575,1.3503649635036497
2023-09-21,Fluminense,Cruzeiro,1.0,0.0,H,1.0,1.0,1.2675736961451247,1.2660550458715596
2023-09-21,Sao Paulo,Fortaleza,1.0,2.0,A,2.0,3.0,1.268181818181818,1.1485714285714286
2023-09-21,Vasco,Coritiba,5.0,1.0,H,1.0,6.0,1.0416666666666667,1.0552147239263803
2023-09-21,Athletico-PR,Internacional,2.0,1.0,H,1.0,3.0,1.2431761786600497,1.2382133995037221
2023-09-22,Gremio,Palmeiras,1.0,0.0,H,1.0,1.0,1.3126550868486353,1.4739454094292803
2023-09-23,Corinthians,Botafogo RJ,1.0,0.0,H,1.0,1.0,1.1972789115646258,1.1369863013698631
2023-09-24,Atletico-MG,Cuiaba,1.0,0.0,H,1.0,1.0,,0.8888888888888888
2023-09-26,America MG,Vasco,0.0,1.0,A,2.0,1.0,0.9142857142857143,1.055363321799308
2023-09-27,Sao Paulo,Coritiba,2.0,1.0,H,1.0,3.0,1.2675736961451247,1.055045871559633
2023-09-30,Sao Paulo,Corinthians,2.0,1.0,H,1.0,3.0,1.2692307692307692,1.1968325791855203
2023-09-30,Cuiaba,Fluminense,3.0,0.0,H,1.0,3.0,0.88,1.2669683257918551
2023-09-30,Fortaleza,Gremio,1.0,1.0,D,0.0,2.0,1.1534090909090908,1.311881188118812
2023-09-30,Flamengo RJ,Bahia,1.0,0.0,H,1.0,1.0,1.4751131221719458,1.0853658536585367
2023-10-01,Internacional,Atletico-MG,0.0,2.0,A,2.0,2.0,1.2376237623762376,
2023-10-01,Coritiba,Athletico-PR,2.0,0.0,H,1.0,2.0,1.0548780487804879,1.245049504950495
2023-10-01,Cruzeiro,America MG,1.0,1.0,D,0.0,2.0,1.2621951219512195,0.9090909090909091
2023-10-01,Santos,Vasco,4.0,1.0,H,1.0,5.0,1.2737556561085972,1.0551724137931036
2023-10-01,Bragantino,Palmeiras,2.0,1.0,H,1.0,3.0,1.355072463768116,1.4702970297029703
2023-10-03,Botafogo RJ,Goias,1.0,1.0,D,0.0,2.0,1.133879781420765,1.0793650793650793
2023-10-07,Goias,Bahia,4.0,6.0,A,2.0,10.0,1.0790513833992095,1.082066869300912
2023-10-07,Vasco,Sao Paulo,0.0,0.0,D,0.0,0.0,1.0549828178694158,1.2708803611738149
2023-10-08,Fortaleza,America MG,3.0,2.0,H,1.0,5.0,1.152542372881356,0.9096045197740112
2023-10-08,Atletico-MG,Coritiba,1.0,2.0,A,2.0,3.0,,1.0577507598784195
2023-10-08,Athletico-PR,Bragantino,1.0,1.0,D,0.0,2.0,1.2419753086419754,1.3597122302158273
2023-10-08,Fluminense,Botafogo RJ,0.0,2.0,A,2.0,2.0,1.2641083521444696,1.1335149863760219
2023-10-08,Internacional,Gremio,3.0,2.0,H,1.0,5.0,1.2345679012345678,1.3111111111111111
2023-10-08,Corinthians,Flamengo RJ,1.0,1.0,D,0.0,2.0,1.1963882618510158,1.4740406320541761
2023-10-08,Palmeiras,Santos,1.0,2.0,A,2.0,3.0,1.4691358024691359,1.2799097065462754
2023-10-15,Cuiaba,Cruzeiro,0.0,0.0,D,0.0,0.0,0.900990099009901,1.2613981762917934
2023-10-18,Gremio,Athletico-PR,1.0,2.0,A,2.0,3.0,1.312807881773399,1.2413793103448276
2023-10-19,Cruzeiro,Flamengo RJ,0.0,2.0,A,2.0,2.0,1.2575757575757576,1.472972972972973
2023-10-19,Palmeiras,Atletico-MG,0.0,2.0,A,2.0,2.0,1.4679802955665024,
2023-10-19,Vasco,Fortaleza,1.0,0.0,H,1.0,1.0,1.0513698630136987,1.1629213483146068
2023-10-19,America MG,Botafogo RJ,1.0,2.0,A,2.0,3.0,0.9157303370786517,1.1358695652173914
2023-10-19,Bahia,Internacional,1.0,0.0,H,1.0,1.0,1.096969696969697,1.2389162561576355
2023-10-19,Goias,Sao Paulo,2.0,0.0,H,1.0,2.0,1.0905511811023623,1.268018018018018
2023-10-19,Coritiba,Cuiaba,0.0,3.0,A,2.0,3.0,1.0606060606060606,0.8921568627450981
2023-10-20,Santos,Bragantino,1.0,3.0,A,2.0,4.0,1.2815315315315314,1.3571428571428572
2023-10-20,Fluminense,Corinthians,3.0,3.0,D,0.0,6.0,1.2612612612612613,1.195945945945946
2023-10-21,Bahia,Fortaleza,2.0,0.0,H,1.0,2.0,1.096676737160121,1.1564245810055866
2023-10-21,Cuiaba,Goias,1.0,1.0,D,0.0,2.0,0.912621359223301,1.0941176470588236
2023-10-21,Sao Paulo,Gremio,3.0,0.0,H,1.0,3.0,1.2651685393258427,1.3120393120393121
2023-10-22,Flamengo RJ,Vasco,1.0,0.0,H,1.0,1.0,1.4741573033707864,1.0511945392491469
2023-10-22,Coritiba,Palmeiras,0.0,2.0,A,2.0,2.0,1.0574018126888218,1.4643734643734643
2023-10-22,Corinthians,America MG,1.0,1.0,D,0.0,2.0,1.2,0.9162011173184358
2023-10-22,Bragantino,Fluminense,1.0,0.0,H,1.0,1.0,1.3687943262411348,1.2651685393258427
2023-10-22,Atletico-MG,Cruzeiro,0.0,1.0,A,2.0,1.0,,1.2537764350453173
2023-10-22,Botafogo RJ,Athletico-PR,1.0,1.0,D,0.0,2.0,1.1382113821138211,1.2432432432432432
2023-10-22,Internacional,Santos,7.0,1.0,H,1.0,8.0,1.2358722358722358,1.2808988764044944
2023-10-25,Athletico-PR,America MG,3.0,2.0,H,1.0,5.0,1.2426470588235294,0.9166666666666666
2023-10-25,Bragantino,Atletico-MG,1.0,2.0,A,2.0,3.0,1.3661971830985915,
2023-10-25,Fluminense,Goias,5.0,3.0,H,1.0,8.0,1.2623318385650224,1.09375
2023-10-26,Gremio,Flamengo RJ,3.0,2.0,H,1.0,5.0,1.3088235294117647,1.4730941704035874
2023-10-26,Vasco,Internacional,1.0,2.0,A,2.0,3.0,1.0476190476190477,1.25
2023-10-26,Palmeiras,Sao Paulo,5.0,0.0,H,1.0,5.0,1.4656862745098038,1.2690582959641257
2023-10-26,Cruzeiro,Bahia,3.0,0.0,H,1.0,3.0,1.2530120481927711,1.0993975903614457
2023-10-26,Cuiaba,Corinthians,0.0,1.0,A,2.0,1.0,0.9134615384615384,1.1995515695067265
2023-10-27,Santos,Coritiba,2.0,1.0,H,1.0,3.0,1.2802690582959642,1.0542168674698795
2023-10-28,America MG,Gremio,3.0,4.0,A,2.0,7.0,0.9226519337016574,1.312958435207824
2023-10-28,Palmeiras,Bahia,1.0,0.0,H,1.0,1.0,1.4743276283618583,1.0960960960960962
2023-10-29,Botafogo RJ,Cuiaba,0.0,1.0,A,2.0,1.0,1.1378378378378378,0.9047619047619048
2023-10-29,Internacional,Coritiba,3.0,4.0,A,2.0,7.0,1.2518337408312958,1.054054054054054
2023-10-29,Corinthians,Santos,1.0,1.0,D,0.0,2.0,1.1991051454138701,1.2818791946308725
2023-10-29,Athletico-PR,Sao Paulo,1.0,1.0,D,0.0,2.0,1.2469437652811737,1.2662192393736018
2023-10-29,Atletico-MG,Fluminense,2.0,0.0,H,1.0,2.0,,1.2706935123042506
2023-10-29,Goias,Vasco,1.0,1.0,D,0.0,2.0,1.1011673151750974,1.047457627118644
2023-10-31,Bahia,Fluminense,1.0,0.0,H,1.0,1.0,1.092814371257485,1.2678571428571428
2023-11-01,Corinthians,Athletico-PR,1.0,0.0,H,1.0,1.0,1.1986607142857142,1.2463414634146341
2023-11-01,Internacional,America MG,1.0,1.0,D,0.0,2.0,1.2560975609756098,0.9340659340659341
2023-11-01,Coritiba,Gremio,1.0,2.0,A,2.0,3.0,1.062874251497006,1.3195121951219513
2023-11-01,Flamengo RJ,Santos,1.0,2.0,A,2.0,3.0,1.4742729306487696,1.28125
2023-11-02,Sao Paulo,Cruzeiro,1.0,0.0,H,1.0,1.0,1.265625,1.2582582582582582
2023-11-02,Goias,Bragantino,0.0,2.0,A,2.0,2.0,1.1007751937984496,1.3636363636363635
2023-11-02,Botafogo RJ,Palmeiras,3.0,4.0,A,2.0,7.0,1.1347708894878705,1.473170731707317
2023-11-02,Cuiaba,Vasco,0.0,2.0,A,2.0,2.0,0.9056603773584906,1.0472972972972974
2023-11-02,Atletico-MG,Fortaleza,3.0,1.0,H,1.0,4.0,,1.15
2023-11-04,America MG,Atletico-MG,1.0,1.0,D,0.0,2.0,0.9344262295081968,
2023-11-04,Gremio,Bahia,1.0,0.0,H,1.0,1.0,1.3211678832116789,1.0925373134328358
2023-11-05,Fortaleza,Flamengo RJ,0.0,2.0,A,2.0,2.0,1.149171270718232,1.4732142857142858
2023-11-05,Cruzeiro,Internacional,1.0,2.0,A,2.0,3.0,1.2544910179640718,1.2554744525547445
2023-11-05,Coritiba,Goias,0.0,1.0,A,2.0,1.0,1.0626865671641792,1.0965250965250966
2023-11-05,Palmeiras,Athletico-PR,1.0,0.0,H,1.0,1.0,1.4793187347931873,1.24330900243309
2023-11-05,Bragantino,Corinthians,1.0,0.0,H,1.0,1.0,1.3680555555555556,1.1982182628062361
2023-11-06,Vasco,Botafogo RJ,1.0,0.0,H,1.0,1.0,1.0505050505050506,1.1397849462365592
2023-11-07,Santos,Cuiaba,0.0,0.0,D,0.0,0.0,1.2828507795100224,0.897196261682243
2023-11-08,America MG,Coritiba,0.0,3.0,A,2.0,3.0,0.9347826086956522,1.0595238095238095
2023-11-08,Internacional,Fluminense,0.0,0.0,D,0.0,0.0,1.2572815533980584,1.265033407572383
2023-11-08,Athletico-PR,Fortaleza,1.0,1.0,D,0.0,2.0,1.2402912621359223,1.1428571428571428
2023-11-08,Sao Paulo,Bragantino,1.0,0.0,H,1.0,1.0,1.265033407572383,1.3655172413793104
2023-11-09,Bahia,Cuiaba,0.0,3.0,A,2.0,3.0,1.0892857142857142,0.8888888888888888
2023-11-09,Goias,Santos,0.0,1.0,A,2.0,1.0,1.0961538461538463,1.28
2023-11-09,Botafogo RJ,Gremio,3.0,4.0,A,2.0,7.0,1.1367292225201073,1.3203883495145632
2023-11-09,Flamengo RJ,Palmeiras,3.0,0.0,H,1.0,3.0,1.4743875278396437,1.4781553398058251
2023-11-09,Corinthians,Atletico-MG,1.0,1.0,D,0.0,2.0,1.1955555555555555,
2023-11-11,Coritiba,Cruzeiro,1.0,0.0,H,1.0,1.0,1.0652818991097923,1.2537313432835822
2023-11-11,Flamengo RJ,Fluminense,1.0,1.0,D,0.0,2.0,1.4777777777777779,1.2622222222222221
2023-11-12,Vasco,America MG,2.0,1.0,H,1.0,3.0,1.0503355704697988,0.9297297297297298
2023-11-12,Cuiaba,Fortaleza,2.0,1.0,H,1.0,3.0,0.908256880733945,1.1420765027322404
2023-11-12,Bahia,Athletico-PR,1.0,1.0,D,0.0,2.0,1.086053412462908,1.2397094430992737
2023-11-12,Santos,Sao Paulo,0.0,0.0,D,0.0,0.0,1.2793791574279378,1.2644444444444445
2023-11-12,Gremio,Corinthians,0.0,1.0,A,2.0,1.0,1.3268765133171914,1.1951219512195121
2023-11-12,Bragantino,Botafogo RJ,2.0,2.0,D,0.0,4.0,1.356164383561644,1.141711229946524
2023-11-12,Palmeiras,Internacional,3.0,0.0,H,1.0,3.0,1.4745762711864407,1.2542372881355932
2023-11-12,Atletico-MG,Goias,2.0,1.0,H,1.0,3.0,,1.0919540229885059
2023-11-18,Fortaleza,Cruzeiro,0.0,1.0,A,2.0,1.0,1.141304347826087,1.25
2023-11-22,Cruzeiro,Vasco,2.0,2.0,D,0.0,4.0,1.2492581602373887,1.0535117056856187
2023-11-23,Fluminense,Sao Paulo,1.0,0.0,H,1.0,1.0,1.2616407982261642,1.2616407982261642
2023-11-23,Fortaleza,Botafogo RJ,2.0,2.0,D,0.0,4.0,1.135135135135135,1.144
2023-11-24,Flamengo RJ,Bragantino,1.0,0.0,H,1.0,1.0,1.476718403547672,1.3605442176870748
2023-11-25,Corinthians,Bahia,1.0,5.0,A,2.0,6.0,1.1946902654867257,1.0857988165680474
2023-11-25,Athletico-PR,Vasco,0.0,0.0,D,0.0,0.0,1.2391304347826086,1.0566666666666666
2023-11-26,Internacional,Bragantino,1.0,0.0,H,1.0,1.0,1.251207729468599,1.3513513513513513
2023-11-26,Sao Paulo,Cuiaba,0.0,0.0,D,0.0,0.0,1.258849557522124,0.9181818181818182
2023-11-26,Fortaleza,Palmeiras,2.0,2.0,D,0.0,4.0,1.1397849462365592,1.4782608695652173
2023-11-26,America MG,Flamengo RJ,0.0,3.0,A,2.0,3.0,0.9301075268817204,1.4756637168141593
2023-11-26,Botafogo RJ,Santos,1.0,1.0,D,0.0,2.0,1.1462765957446808,1.2765486725663717
2023-11-26,Atletico-MG,Gremio,3.0,0.0,H,1.0,3.0,,1.3236714975845412
2023-11-26,Fluminense,Coritiba,2.0,1.0,H,1.0,3.0,1.261061946902655,1.0650887573964498
2023-11-28,Goias,Cruzeiro,0.0,1.0,A,2.0,1.0,1.0916030534351144,1.2514792899408285
2023-11-29,Vasco,Corinthians,2.0,4.0,A,2.0,6.0,1.053156146179402,1.1942604856512142
2023-11-29,Santos,Fluminense,0.0,3.0,A,2.0,3.0,1.2759381898454747,1.2626931567328918
2023-11-29,Flamengo RJ,Atletico-MG,0.0,3.0,A,2.0,3.0,1.479028697571744,
2023-11-29,Bahia,Sao Paulo,0.0,1.0,A,2.0,1.0,1.0973451327433628,1.2560706401766004
2023-11-29,Cuiaba,Internacional,0.0,2.0,A,2.0,2.0,0.9099099099099099,1.2506024096385542
2023-11-30,Bragantino,Fortaleza,1.0,2.0,A,2.0,3.0,1.342281879194631,1.1443850267379678
2023-11-30,Cruzeiro,Athletico-PR,1.0,1.0,D,0.0,2.0,1.2507374631268438,1.236144578313253
2023-11-30,Coritiba,Botafogo RJ,1.0,1.0,D,0.0,2.0,1.064896755162242,1.1458885941644563
2023-11-30,Palmeiras,America MG,4.0,0.0,H,1.0,4.0,1.4795180722891565,0.9251336898395722
2023-11-30,Gremio,Goias,2.0,1.0,H,1.0,3.0,1.3204819277108433,1.0874524714828897
2023-12-02,Corinthians,Internacional,1.0,2.0,A,2.0,3.0,1.2004405286343611,1.2524038461538463
2023-12-03,Bragantino,Coritiba,1.0,0.0,H,1.0,1.0,1.34,1.0647058823529412
2023-12-03,Gremio,Vasco,1.0,0.0,H,1.0,1.0,1.3221153846153846,1.0562913907284768
2023-12-03,Fortaleza,Goias,1.0,0.0,H,1.0,1.0,1.148936170212766,1.0871212121212122
2023-12-03,Botafogo RJ,Cruzeiro,0.0,0.0,D,0.0,0.0,1.1455026455026456,1.25
2023-12-03,Athletico-PR,Santos,3.0,0.0,H,1.0,3.0,1.2355769230769231,1.2731277533039647
2023-12-03,America MG,Bahia,3.0,2.0,H,1.0,5.0,0.9202127659574468,1.0941176470588236
2023-12-03,Palmeiras,Fluminense,1.0,0.0,H,1.0,1.0,1.4855769230769231,1.2665198237885462
2023-12-03,Flamengo RJ,Cuiaba,2.0,1.0,H,1.0,3.0,1.475770925110132,0.9017857142857143
2023-12-03,Atletico-MG,Sao Paulo,2.0,1.0,H,1.0,3.0,,1.2555066079295154
2023-12-06,Goias,America MG,1.0,0.0,H,1.0,1.0,1.0830188679245283,0.9312169312169312
2023-12-07,Vasco,Bragantino,2.0,1.0,H,1.0,3.0,1.0528052805280528,1.3377483443708609
2023-12-07,Sao Paulo,Flamengo RJ,1.0,0.0,H,1.0,1.0,1.254945054945055,1.476923076923077
2023-12-07,Santos,Fortaleza,1.0,2.0,A,2.0,3.0,1.2703296703296703,1.1481481481481481
2023-12-07,Internacional,Botafogo RJ,3.0,1.0,H,1.0,4.0,1.2541966426858513,1.1424802110817942
2023-12-07,Fluminense,Gremio,2.0,3.0,A,2.0,5.0,1.2637362637362637,1.3213429256594724
2023-12-07,Cuiaba,Athletico-PR,3.0,0.0,H,1.0,3.0,0.9026548672566371,1.2398081534772183
2023-12-07,Cruzeiro,Palmeiras,1.0,1.0,D,0.0,2.0,1.2463343108504399,1.484412470023981
2023-12-07,Coritiba,Corinthians,0.0,2.0,A,2.0,2.0,1.06158357771261,1.2
2023-12-07,Bahia,Atletico-MG,4.0,1.0,H,1.0,5.0,1.096774193548387,
2024-04-13,Criciuma,Juventude,1.0,1.0,D,0.0,2.0,1.013157894736842,0.8552631578947368
2024-04-13,Internacional,Bahia,2.0,1.0,H,1.0,3.0,1.2583732057416268,1.105263157894737
2024-04-14,Vitoria,Palmeiras,0.0,1.0,A,2.0,1.0,1.2263157894736842,1.4832535885167464
2024-04-14,Cruzeiro,Botafogo RJ,3.0,2.0,H,1.0,5.0,1.2456140350877194,1.1421052631578947
2024-04-14,Vasco,Gremio,2.0,1.0,H,1.0,3.0,1.055921052631579,1.325358851674641
2024-04-14,Corinthians,Atletico-MG,0.0,0.0,D,0.0,0.0,1.2017543859649122,
2024-04-14,Atletico GO,Flamengo RJ,1.0,2.0,A,2.0,3.0,0.9842105263157894,1.4736842105263157
2024-04-14,Athletico-PR,Cuiaba,4.0,0.0,H,1.0,4.0,1.236842105263158,0.9210526315789473
2024-04-14,Sao Paulo,Fortaleza,1.0,2.0,A,2.0,3.0,1.2543859649122806,1.1526315789473685
2024-04-14,Fluminense,Bragantino,2.0,2.0,D,0.0,4.0,1.2653508771929824,1.3355263157894737
2024-04-17,Bahia,Fluminense,2.0,1.0,H,1.0,3.0,1.1049562682215743,1.2669584245076586
2024-04-17,Bragantino,Vasco,2.0,1.0,H,1.0,3.0,1.3398692810457515,1.0590163934426229
2024-04-17,Gremio,Athletico-PR,2.0,0.0,H,1.0,2.0,1.324582338902148,1.243436754176611
2024-04-18,Flamengo RJ,Sao Paulo,2.0,1.0,H,1.0,3.0,1.474835886214442,1.2538293216630196
2024-04-18,Palmeiras,Internacional,0.0,1.0,A,2.0,1.0,1.4821002386634845,1.260143198090692
2024-04-18,Juventude,Corinthians,2.0,0.0,H,1.0,2.0,0.8571428571428571,1.1991247264770242
2024-04-18,Fortaleza,Cruzeiro,1.0,1.0,D,0.0,2.0,1.1570680628272252,1.250728862973761
2024-04-18,Atletico-MG,Criciuma,1.0,1.0,D,0.0,2.0,,1.0129870129870129
2024-04-19,Botafogo RJ,Atletico GO,1.0,0.0,H,1.0,1.0,1.1443569553805775,0.9842931937172775
2024-04-20,Fluminense,Vasco,2.0,1.0,H,1.0,3.0,1.2663755458515285,1.0588235294117647
2024-04-20,Bragantino,Corinthians,1.0,0.0,H,1.0,1.0,1.344155844155844,1.1965065502183405
2024-04-20,Gremio,Cuiaba,1.0,0.0,H,1.0,1.0,1.3261904761904761,0.9130434782608695
2024-04-21,Atletico GO,Sao Paulo,0.0,3.0,A,2.0,3.0,0.9791666666666666,1.2532751091703056
2024-04-21,Vitoria,Bahia,2.0,2.0,D,0.0,4.0,1.219895287958115,1.1075581395348837
2024-04-21,Botafogo RJ,Juventude,5.0,1.0,H,1.0,6.0,1.143979057591623,0.8717948717948718
2024-04-21,Athletico-PR,Internacional,1.0,0.0,H,1.0,1.0,1.2404761904761905,1.2595238095238095
2024-04-21,Atletico-MG,Cruzeiro,3.0,0.0,H,1.0,3.0,,1.25
2024-04-21,Palmeiras,Flamengo RJ,0.0,0.0,D,0.0,0.0,1.4785714285714286,1.4759825327510918
2024-04-27,Vasco,Criciuma,0.0,4.0,A,2.0,4.0,1.0586319218241043,1.0128205128205128
2024-04-27,Cuiaba,Atletico-MG,0.0,3.0,A,2.0,3.0,0.9051724137931034,
2024-04-28,Bahia,Gremio,1.0,0.0,H,1.0,1.0,1.1101449275362318,1.32541567695962
2024-04-28,Flamengo RJ,Botafogo RJ,0.0,2.0,A,2.0,2.0,1.4727668845315904,1.154046997389034
2024-04-28,Corinthians,Fluminense,3.0,0.0,H,1.0,3.0,1.1938997821350763,1.2679738562091503
2024-04-28,Cruzeiro,Vitoria,3.0,1.0,H,1.0,4.0,1.2463768115942029,1.2239583333333333
2024-04-28,Fortaleza,Bragantino,1.0,1.0,D,0.0,2.0,1.15625,1.3419354838709678
2024-04-28,Juventude,Athletico-PR,1.0,1.0,D,0.0,2.0,0.8734177215189873,1.2399049881235154
2024-04-29,Internacional,Atletico GO,1.0,1.0,D,0.0,2.0,1.2565320665083135,0.9740932642487047
2024-04-30,Sao Paulo,Palmeiras,0.0,0.0,D,0.0,0.0,1.2570806100217864,1.4750593824228029
2024-05-04,Fluminense,Atletico-MG,2.0,2.0,D,0.0,4.0,1.2652173913043478,
2024-05-04,Bragantino,Flamengo RJ,1.0,1.0,D,0.0,2.0,1.3397435897435896,1.4695652173913043
2024-05-05,Corinthians,Fortaleza,0.0,0.0,D,0.0,0.0,1.1978260869565218,1.1554404145077721
2024-05-05,Athletico-PR,Vasco,1.0,0.0,H,1.0,1.0,1.2393364928909953,1.0551948051948052
2024-05-05,Vitoria,Sao Paulo,1.0,3.0,A,2.0,4.0,1.2227979274611398,1.2543478260869565
2024-05-05,Botafogo RJ,Bahia,1.0,2.0,A,2.0,3.0,1.15625,1.1098265895953756
2024-05-05,Cuiaba,Palmeiras,0.0,2.0,A,2.0,2.0,0.8974358974358975,1.471563981042654
2024-05-11,Flamengo RJ,Corinthians,2.0,0.0,H,1.0,2.0,1.4685466377440346,1.1952277657266812
2024-05-12,Vasco,Vitoria,2.0,1.0,H,1.0,3.0,1.051779935275081,1.2216494845360826
2024-05-12,Bahia,Bragantino,1.0,0.0,H,1.0,1.0,1.1123919308357348,1.3375796178343948
2024-05-12,Atletico GO,Cruzeiro,0.0,1.0,A,2.0,1.0,0.9742268041237113,1.2514450867052023
2024-05-12,Fortaleza,Botafogo RJ,1.0,1.0,D,0.0,2.0,1.1494845360824741,1.155844155844156
2024-05-12,Palmeiras,Athletico-PR,0.0,2.0,A,2.0,2.0,1.4728132387706856,1.2387706855791962
2024-05-14,Sao Paulo,Fluminense,2.0,1.0,H,1.0,3.0,1.2581344902386118,1.2668112798264641
2024-06-01,Gremio,Bragantino,0.0,2.0,A,2.0,2.0,1.3222748815165877,1.3291139240506329
2024-06-01,Vitoria,Atletico GO,0.0,2.0,A,2.0,2.0,1.2205128205128206,0.9692307692307692
2024-06-01,Cuiaba,Internacional,0.0,1.0,A,2.0,1.0,0.8898305084745762,1.2559241706161137
2024-06-01,Fluminense,Juventude,1.0,1.0,D,0.0,2.0,1.2662337662337662,0.875
2024-06-02,Sao Paulo,Cruzeiro,2.0,0.0,H,1.0,2.0,1.2597402597402598,1.2507204610951008
2024-06-02,Fortaleza,Athletico-PR,1.0,0.0,H,1.0,1.0,1.1487179487179486,1.240566037735849
2024-06-02,Vasco,Flamengo RJ,1.0,6.0,A,2.0,7.0,1.0548387096774194,1.4696969696969697
2024-06-02,Atletico-MG,Bahia,1.0,1.0,D,0.0,2.0,,1.1120689655172413
2024-06-02,Corinthians,Botafogo RJ,0.0,1.0,A,2.0,1.0,1.1926406926406927,1.1554404145077721
2024-06-02,Criciuma,Palmeiras,1.0,2.0,A,2.0,3.0,1.0506329113924051,1.4693396226415094
2024-06-05,Juventude,Atletico GO,1.0,0.0,H,1.0,1.0,0.8765432098765432,0.9744897959183674
2024-06-06,Cuiaba,Vitoria,0.0,0.0,D,0.0,0.0,0.8823529411764706,1.2142857142857142
2024-06-09,Criciuma,Cuiaba,2.0,5.0,A,2.0,7.0,1.05,0.875
2024-06-11,Atletico GO,Corinthians,2.0,2.0,D,0.0,4.0,0.9695431472081218,1.1900647948164147
2024-06-11,Juventude,Vitoria,1.0,1.0,D,0.0,2.0,0.8780487804878049,1.2081218274111676
2024-06-12,Bragantino,Atletico-MG,1.0,2.0,A,2.0,3.0,1.3333333333333333,
2024-06-12,Botafogo RJ,Fluminense,1.0,0.0,H,1.0,1.0,1.1550387596899225,1.2656587473002159
2024-06-13,Cruzeiro,Cuiaba,2.0,1.0,H,1.0,3.0,1.2471264367816093,0.9090909090909091
2024-06-14,Athletico-PR,Criciuma,3.0,1.0,H,1.0,4.0,1.2376470588235293,1.0617283950617284
2024-06-14,Flamengo RJ,Gremio,2.0,1.0,H,1.0,3.0,1.4794816414686824,1.3191489361702127
2024-06-14,Internacional,Sao Paulo,0.0,0.0,D,0.0,0.0,1.2553191489361701,1.2613390928725703
2024-06-14,Bahia,Fortaleza,1.0,0.0,H,1.0,1.0,1.1117478510028653,1.1479591836734695
2024-06-14,Palmeiras,Vasco,2.0,0.0,H,1.0,2.0,1.4705882352941178,1.0546623794212218
2024-06-15,Bragantino,Juventude,2.0,1.0,H,1.0,3.0,1.33125,0.8795180722891566
2024-06-16,Vasco,Cruzeiro,0.0,0.0,D,0.0,0.0,1.0512820512820513,1.2492836676217765
2024-06-16,Gremio,Botafogo RJ,1.0,2.0,A,2.0,3.0,1.3183962264150944,1.1546391752577319
2024-06-16,Cuiaba,Fortaleza,5.0,0.0,H,1.0,5.0,0.9098360655737705,1.1421319796954315
2024-06-16,Criciuma,Bahia,2.0,2.0,D,0.0,4.0,1.0609756097560976,1.1114285714285714
2024-06-16,Athletico-PR,Flamengo RJ,1.0,1.0,D,0.0,2.0,1.2417840375586855,1.480603448275862
2024-06-16,Corinthians,Sao Paulo,2.0,2.0,D,0.0,4.0,1.1918103448275863,1.2586206896551724
2024-06-16,Fluminense,Atletico GO,1.0,2.0,A,2.0,3.0,1.2629310344827587,0.9747474747474747
2024-06-16,Vitoria,Internacional,2.0,1.0,H,1.0,3.0,1.207070707070707,1.2523584905660377
2024-06-18,Atletico-MG,Palmeiras,0.0,4.0,A,2.0,4.0,,1.471830985915493
2024-06-19,Atletico GO,Criciuma,1.0,2.0,A,2.0,3.0,0.9798994974874372,1.072289156626506
2024-06-19,Botafogo RJ,Athletico-PR,1.0,1.0,D,0.0,2.0,1.1568123393316196,1.2412177985948478
2024-06-20,Internacional,Corinthians,1.0,0.0,H,1.0,1.0,1.251764705882353,1.1935483870967742
2024-06-20,Cruzeiro,Fluminense,2.0,0.0,H,1.0,2.0,1.2457142857142858,1.2623655913978495
2024-06-20,Vitoria,Atletico-MG,4.0,2.0,H,1.0,6.0,1.2110552763819096,
2024-06-20,Juventude,Vasco,2.0,0.0,H,1.0,2.0,0.8809523809523809,1.0479233226837061
2024-06-20,Sao Paulo,Cuiaba,0.0,1.0,A,2.0,1.0,1.260215053763441,0.943089430894309
2024-06-20,Fortaleza,Gremio,1.0,0.0,H,1.0,1.0,1.1363636363636365,1.3176470588235294
2024-06-21,Flamengo RJ,Bahia,2.0,1.0,H,1.0,3.0,1.4795698924731182,1.1139601139601139
2024-06-21,Palmeiras,Bragantino,2.0,1.0,H,1.0,3.0,1.4777517564402811,1.3354037267080745
2024-06-22,Criciuma,Botafogo RJ,2.0,1.0,H,1.0,3.0,1.0833333333333333,1.1564102564102565
2024-06-22,Gremio,Internacional,0.0,1.0,A,2.0,1.0,1.3145539906103287,1.2511737089201878
2024-06-22,Cuiaba,Atletico GO,0.0,0.0,D,0.0,0.0,0.9435483870967742,0.98
2024-06-23,Palmeiras,Juventude,3.0,1.0,H,1.0,4.0,1.4789719626168225,0.8941176470588236
2024-06-23,Bragantino,Vitoria,2.0,1.0,H,1.0,3.0,1.3333333333333333,1.225
2024-06-23,Atletico-MG,Fortaleza,1.0,1.0,D,0.0,2.0,,1.135678391959799
2024-06-23,Bahia,Cruzeiro,4.0,1.0,H,1.0,5.0,1.1136363636363635,1.2478632478632479
2024-06-23,Athletico-PR,Corinthians,1.0,1.0,D,0.0,2.0,1.2406542056074767,1.1909871244635193
2024-06-23,Vasco,Sao Paulo,4.0,1.0,H,1.0,5.0,1.0445859872611465,1.257510729613734
2024-06-23,Fluminense,Flamengo RJ,0.0,1.0,A,2.0,1.0,1.259656652360515,1.48068669527897
2024-06-26,Botafogo RJ,Bragantino,2.0,1.0,H,1.0,3.0,1.156010230179028,1.3374233128834356
2024-06-26,Cruzeiro,Athletico-PR,2.0,0.0,H,1.0,2.0,1.2471590909090908,1.24009324009324
2024-06-27,Fortaleza,Palmeiras,3.0,0.0,H,1.0,3.0,1.135,1.4825174825174825
2024-06-27,Fluminense,Vitoria,0.0,1.0,A,2.0,1.0,1.2569593147751605,1.2238805970149254
2024-06-27,Bahia,Vasco,2.0,1.0,H,1.0,3.0,1.1218130311614731,1.053968253968254
2024-06-27,Internacional,Atletico-MG,1.0,2.0,A,2.0,3.0,1.2505854800936769,
2024-06-27,Corinthians,Cuiaba,1.0,1.0,D,0.0,2.0,1.1905781584582442,0.936
2024-06-27,Atletico GO,Gremio,1.0,1.0,D,0.0,2.0,0.9751243781094527,1.3114754098360655
2024-06-27,Juventude,Flamengo RJ,2.0,1.0,H,1.0,3.0,0.8953488372093024,1.4796573875802999
2024-06-28,Sao Paulo,Criciuma,2.0,1.0,H,1.0,3.0,1.2569593147751605,1.0941176470588236
2024-06-29,Cuiaba,Bragantino,1.0,1.0,D,0.0,2.0,0.9365079365079365,1.3353658536585367
2024-06-29,Vasco,Botafogo RJ,1.0,1.0,D,0.0,2.0,1.0537974683544304,1.1581632653061225
2024-06-30,Vitoria,Athletico-PR,0.0,1.0,A,2.0,1.0,1.2227722772277227,1.2372093023255815
2024-06-30,Criciuma,Internacional,1.0,1.0,D,0.0,2.0,1.0930232558139534,1.25
2024-06-30,Sao Paulo,Bahia,3.0,1.0,H,1.0,4.0,1.2585470085470085,1.1242937853107344
2024-06-30,Flamengo RJ,Cruzeiro,2.0,1.0,H,1.0,3.0,1.4786324786324787,1.2492917847025495
2024-06-30,Fortaleza,Juventude,2.0,1.0,H,1.0,3.0,1.144278606965174,0.9080459770114943
2024-06-30,Atletico-MG,Atletico GO,1.0,1.0,D,0.0,2.0,,0.9752475247524752
2024-06-30,Gremio,Fluminense,1.0,0.0,H,1.0,1.0,1.310747663551402,1.2542735042735043
2024-07-02,Palmeiras,Corinthians,2.0,0.0,H,1.0,2.0,1.4790697674418605,1.1901709401709402
2024-07-03,Cuiaba,Botafogo RJ,1.0,2.0,A,2.0,3.0,0.937007874015748,1.1577608142493638
2024-07-04,Gremio,Palmeiras,2.0,2.0,D,0.0,4.0,1.31002331002331,1.480278422273782
2024-07-04,Criciuma,Cruzeiro,1.0,0.0,H,1.0,1.0,1.0919540229885059,1.2485875706214689
2024-07-04,Vasco,Fortaleza,2.0,0.0,H,1.0,2.0,1.053627760252366,1.1485148514851484
2024-07-04,Athletico-PR,Sao Paulo,1.0,2.0,A,2.0,3.0,1.2366589327146171,1.2622601279317698
2024-07-04,Atletico-MG,Flamengo RJ,2.0,4.0,A,2.0,6.0,,1.4797441364605544
2024-07-04,Bragantino,Atletico GO,3.0,1.0,H,1.0,4.0,1.3333333333333333,0.9753694581280788
2024-07-04,Bahia,Juventude,2.0,0.0,H,1.0,2.0,1.123943661971831,0.9090909090909091
2024-07-05,Fluminense,Internacional,1.0,1.0,D,0.0,2.0,1.251599147121535,1.2494172494172495
2024-07-05,Corinthians,Vitoria,3.0,2.0,H,1.0,5.0,1.187633262260128,1.2167487684729064
2024-07-07,Flamengo RJ,Cuiaba,1.0,1.0,D,0.0,2.0,1.4851063829787234,0.9375
2024-07-07,Palmeiras,Bahia,2.0,0.0,H,1.0,2.0,1.4814814814814814,1.1264044943820224
2024-07-07,Atletico GO,Athletico-PR,1.0,2.0,A,2.0,3.0,0.9754901960784313,1.2361111111111112
2024-07-07,Internacional,Vasco,1.0,2.0,A,2.0,3.0,1.2488372093023257,1.0566037735849056
2024-07-07,Vitoria,Criciuma,2.0,1.0,H,1.0,3.0,1.2205882352941178,1.0909090909090908
2024-07-07,Fortaleza,Fluminense,1.0,0.0,H,1.0,1.0,1.1428571428571428,1.251063829787234
2024-07-07,Cruzeiro,Corinthians,3.0,0.0,H,1.0,3.0,1.2450704225352112,1.1914893617021276
2024-07-07,Sao Paulo,Bragantino,2.0,0.0,H,1.0,2.0,1.2638297872340425,1.3433734939759037
2024-07-07,Juventude,Gremio,3.0,0.0,H,1.0,3.0,0.898876404494382,1.3116279069767443
2024-07-08,Botafogo RJ,Atletico-MG,3.0,0.0,H,1.0,3.0,1.1598984771573604,
2024-07-10,Gremio,Cruzeiro,0.0,2.0,A,2.0,2.0,1.308584686774942,1.25
2024-07-10,Athletico-PR,Bahia,1.0,3.0,A,2.0,4.0,1.2378752886836029,1.123249299719888
2024-07-10,Vasco,Corinthians,2.0,0.0,H,1.0,2.0,1.0595611285266457,1.1889596602972399
2024-07-11,Palmeiras,Atletico GO,3.0,1.0,H,1.0,4.0,1.4826789838337182,0.975609756097561
2024-07-12,Atletico-MG,Sao Paulo,2.0,1.0,H,1.0,3.0,,1.2653927813163481
2024-07-12,Criciuma,Fluminense,1.0,1.0,D,0.0,2.0,1.0898876404494382,1.2484076433121019
2024-07-12,Flamengo RJ,Fortaleza,1.0,2.0,A,2.0,3.0,1.484076433121019,1.142156862745098
2024-07-12,Vitoria,Botafogo RJ,0.0,1.0,A,2.0,1.0,1.224390243902439,1.1645569620253164
2024-07-13,Cruzeiro,Bragantino,2.0,1.0,H,1.0,3.0,1.2521008403361344,1.3353293413173652
2024-07-13,Bahia,Cuiaba,1.0,2.0,A,2.0,3.0,1.1284916201117319,0.937984496124031
2024-07-16,Juventude,Atletico-MG,1.0,1.0,D,0.0,2.0,0.9222222222222223,
2024-07-17,Corinthians,Criciuma,2.0,1.0,H,1.0,3.0,1.1864406779661016,1.0888888888888888
2024-07-17,Atletico GO,Vasco,0.0,1.0,A,2.0,1.0,0.9757281553398058,1.0625
2024-07-18,Sao Paulo,Gremio,1.0,0.0,H,1.0,1.0,1.2648305084745763,1.3055555555555556
2024-07-18,Botafogo RJ,Palmeiras,1.0,0.0,H,1.0,1.0,1.1641414141414141,1.4861751152073732
2024-07-18,Fortaleza,Vitoria,3.0,1.0,H,1.0,4.0,1.146341463414634,1.2184466019417475
2024-07-20,Botafogo RJ,Internacional,1.0,0.0,H,1.0,1.0,1.163727959697733,1.248259860788863
2024-07-20,Flamengo RJ,Criciuma,2.0,1.0,H,1.0,3.0,1.4830508474576272,1.0879120879120878
2024-07-21,Juventude,Sao Paulo,0.0,0.0,D,0.0,0.0,0.9230769230769231,1.2642706131078225
2024-07-21,Fortaleza,Atletico GO,3.0,1.0,H,1.0,4.0,1.1553398058252426,0.9710144927536232
2024-07-21,Bragantino,Athletico-PR,1.0,0.0,H,1.0,1.0,1.3333333333333333,1.237327188940092
2024-07-21,Gremio,Vitoria,2.0,0.0,H,1.0,2.0,1.302540415704388,1.2173913043478262
2024-07-21,Atletico-MG,Vasco,2.0,0.0,H,1.0,2.0,,1.0623052959501558
2024-07-21,Palmeiras,Cruzeiro,2.0,0.0,H,1.0,2.0,1.4827586206896552,1.2541899441340782
2024-07-21,Bahia,Corinthians,0.0,1.0,A,2.0,1.0,1.128133704735376,1.1881606765327695
2024-07-22,Cuiaba,Fluminense,0.0,1.0,A,2.0,1.0,0.9461538461538461,1.2478813559322033
2024-07-24,Cruzeiro,Juventude,2.0,0.0,H,1.0,2.0,1.2506963788300836,0.9130434782608695
2024-07-24,Sao Paulo,Botafogo RJ,2.0,2.0,D,0.0,4.0,1.261603375527426,1.1633165829145728
2024-07-24,Criciuma,Fortaleza,1.0,1.0,D,0.0,2.0,1.0869565217391304,1.1642512077294687
2024-07-25,Fluminense,Palmeiras,1.0,0.0,H,1.0,1.0,1.2473572938689217,1.4839449541284404
2024-07-25,Atletico GO,Bahia,1.0,1.0,D,0.0,2.0,0.9711538461538461,1.125
2024-07-25,Vitoria,Flamengo RJ,1.0,2.0,A,2.0,3.0,1.2115384615384615,1.4841437632135306
2024-07-26,Corinthians,Gremio,2.0,2.0,D,0.0,4.0,1.1877637130801688,1.304147465437788
2024-07-27,Juventude,Criciuma,1.0,2.0,A,2.0,3.0,0.9032258064516129,1.086021505376344
2024-07-27,Palmeiras,Vitoria,0.0,2.0,A,2.0,2.0,1.4805491990846682,1.2105263157894737
2024-07-28,Gremio,Vasco,1.0,0.0,H,1.0,1.0,1.3057471264367817,1.0590062111801242
2024-07-28,Cuiaba,Athletico-PR,1.0,2.0,A,2.0,3.0,0.9389312977099237,1.2344827586206897
2024-07-28,Atletico-MG,Corinthians,2.0,1.0,H,1.0,3.0,,1.1894736842105262
2024-07-28,Flamengo RJ,Atletico GO,2.0,0.0,H,1.0,2.0,1.4852320675105486,0.9712918660287081
2024-07-28,Fortaleza,Sao Paulo,1.0,0.0,H,1.0,1.0,1.1634615384615385,1.263157894736842
2024-07-28,Botafogo RJ,Cruzeiro,0.0,3.0,A,2.0,3.0,1.1654135338345866,1.2527777777777778
2024-07-28,Bahia,Internacional,1.0,1.0,D,0.0,2.0,1.1246537396121883,1.2453703703703705
2024-07-28,Bragantino,Fluminense,0.0,1.0,A,2.0,1.0,1.331360946745562,1.2468354430379747
2024-08-03,Vitoria,Cuiaba,1.0,0.0,H,1.0,1.0,1.2142857142857142,0.9393939393939394
2024-08-03,Vasco,Bragantino,2.0,2.0,D,0.0,4.0,1.0557275541795665,1.3235294117647058
2024-08-04,Fluminense,Bahia,1.0,0.0,H,1.0,1.0,1.2463157894736843,1.1243093922651934
2024-08-04,Internacional,Palmeiras,1.0,1.0,D,0.0,2.0,1.2448036951501156,1.4771689497716896
2024-08-04,Athletico-PR,Gremio,0.0,2.0,A,2.0,2.0,1.2362385321100917,1.305045871559633
2024-08-04,Corinthians,Juventude,1.0,1.0,D,0.0,2.0,1.1890756302521008,0.9042553191489362
2024-08-04,Criciuma,Atletico-MG,2.0,1.0,H,1.0,3.0,1.0957446808510638,
2024-08-04,Atletico GO,Botafogo RJ,1.0,4.0,A,2.0,5.0,0.9666666666666667,1.1625
2024-08-04,Sao Paulo,Flamengo RJ,1.0,0.0,H,1.0,1.0,1.2605042016806722,1.4863157894736843
2024-08-06,Cruzeiro,Fortaleza,1.0,2.0,A,2.0,3.0,1.257617728531856,1.1626794258373205
2024-08-10,Fortaleza,Criciuma,1.0,0.0,H,1.0,1.0,1.1666666666666667,1.105263157894737
2024-08-10,Cuiaba,Gremio,1.0,3.0,A,2.0,4.0,0.9323308270676691,1.3066361556064072
2024-08-11,Juventude,Botafogo RJ,3.0,2.0,H,1.0,5.0,0.9052631578947369,1.1695760598503742
2024-08-11,Internacional,Athletico-PR,2.0,2.0,D,0.0,4.0,1.2442396313364055,1.2334096109839816
2024-08-11,Sao Paulo,Atletico GO,1.0,0.0,H,1.0,1.0,1.259958071278826,0.966824644549763
2024-08-11,Flamengo RJ,Palmeiras,1.0,1.0,D,0.0,2.0,1.4831932773109244,1.4760820045558087
2024-08-11,Vasco,Fluminense,2.0,0.0,H,1.0,2.0,1.058641975308642,1.245798319327731
2024-08-11,Cruzeiro,Atletico-MG,0.0,0.0,D,0.0,0.0,1.2569060773480663,
2024-08-11,Corinthians,Bragantino,1.0,1.0,D,0.0,2.0,1.1886792452830188,1.327485380116959
2024-08-11,Bahia,Vitoria,2.0,0.0,H,1.0,2.0,1.121212121212121,1.2132701421800949
2024-08-14,Internacional,Juventude,2.0,1.0,H,1.0,3.0,1.2459770114942528,0.9270833333333334
2024-08-17,Gremio,Bahia,0.0,2.0,A,2.0,2.0,1.3105022831050228,1.1236263736263736
2024-08-17,Atletico-MG,Cuiaba,1.0,1.0,D,0.0,2.0,,0.9328358208955224
2024-08-17,Bragantino,Fortaleza,1.0,2.0,A,2.0,3.0,1.3255813953488371,1.1658767772511849
2024-08-18,Athletico-PR,Juventude,1.0,2.0,A,2.0,3.0,1.235159817351598,0.9278350515463918
2024-08-18,Palmeiras,Sao Paulo,2.0,1.0,H,1.0,3.0,1.475,1.2594142259414225
2024-08-18,Botafogo RJ,Flamengo RJ,4.0,1.0,H,1.0,5.0,1.171641791044776,1.4821802935010482
2024-08-18,Atletico GO,Internacional,1.0,0.0,H,1.0,1.0,0.9622641509433962,1.2477064220183487
2024-08-18,Criciuma,Vasco,2.0,2.0,D,0.0,4.0,1.09375,1.0615384615384615
2024-08-18,Fluminense,Corinthians,0.0,0.0,D,0.0,0.0,1.2431865828092243,1.1882845188284519
2024-08-20,Vitoria,Cruzeiro,2.0,2.0,D,0.0,4.0,1.2075471698113207,1.2534435261707988
2024-08-24,Atletico GO,Juventude,2.0,1.0,H,1.0,3.0,0.9624413145539906,0.9387755102040817
2024-08-24,Palmeiras,Cuiaba,5.0,0.0,H,1.0,5.0,1.4761904761904763,0.9333333333333333
2024-08-25,Internacional,Cruzeiro,1.0,0.0,H,1.0,1.0,1.2448512585812357,1.2554945054945055
2024-08-25,Fortaleza,Corinthians,1.0,0.0,H,1.0,1.0,1.169811320754717,1.18580375782881
2024-08-25,Sao Paulo,Vitoria,2.0,1.0,H,1.0,3.0,1.2588726513569937,1.2112676056338028
2024-08-25,Bahia,Botafogo RJ,0.0,0.0,D,0.0,0.0,1.126027397260274,1.1786600496277915
2024-08-25,Atletico-MG,Fluminense,0.0,2.0,A,2.0,2.0,,1.2405857740585775
2024-08-25,Criciuma,Gremio,0.0,1.0,A,2.0,1.0,1.1030927835051547,1.3075170842824602
2024-08-26,Flamengo RJ,Bragantino,2.0,1.0,H,1.0,3.0,1.4811715481171548,1.323699421965318
2024-08-27,Vasco,Athletico-PR,2.0,1.0,H,1.0,3.0,1.0644171779141105,1.234624145785877
2024-08-28,Criciuma,Bragantino,1.0,0.0,H,1.0,1.0,1.0918367346938775,1.3218390804597702
2024-08-28,Cruzeiro,Internacional,0.0,0.0,D,0.0,0.0,1.252054794520548,1.2442922374429224
2024-08-31,Cuiaba,Criciuma,2.0,1.0,H,1.0,3.0,0.9264705882352942,1.0909090909090908
2024-09-01,Bragantino,Bahia,2.0,1.0,H,1.0,3.0,1.3142857142857143,1.1229508196721312
2024-09-01,Juventude,Internacional,1.0,3.0,A,2.0,4.0,0.9393939393939394,1.2414578587699316
2024-09-01,Fluminense,Sao Paulo,2.0,0.0,H,1.0,2.0,1.2421711899791232,1.2604166666666667
2024-09-01,Vitoria,Vasco,0.0,1.0,A,2.0,1.0,1.2102803738317758,1.0672782874617737
2024-09-01,Athletico-PR,Palmeiras,0.0,2.0,A,2.0,2.0,1.2340909090909091,1.4841628959276019
2024-09-01,Gremio,Atletico-MG,2.0,3.0,A,2.0,5.0,1.3068181818181819,
2024-09-01,Cruzeiro,Atletico GO,3.0,1.0,H,1.0,4.0,1.2486338797814207,0.9672897196261683
2024-09-01,Botafogo RJ,Fortaleza,2.0,0.0,H,1.0,2.0,1.1757425742574257,1.1690140845070423
2024-09-01,Corinthians,Flamengo RJ,2.0,1.0,H,1.0,3.0,1.1833333333333333,1.4822546972860124
2024-09-06,Cuiaba,Juventude,0.0,0.0,D,0.0,0.0,0.9343065693430657,0.94
2024-09-11,Internacional,Fortaleza,2.0,1.0,H,1.0,3.0,1.2454545454545454,1.1635514018691588
2024-09-14,Atletico GO,Vitoria,0.0,2.0,A,2.0,2.0,0.9674418604651163,1.2046511627906977
2024-09-14,Athletico-PR,Fortaleza,1.0,1.0,D,0.0,2.0,1.2312925170068028,1.1627906976744187
2024-09-15,Flamengo RJ,Vasco,1.0,1.0,D,0.0,2.0,1.48125,1.0670731707317074
2024-09-15,Cruzeiro,Sao Paulo,0.0,1.0,A,2.0,1.0,1.2534059945504088,1.2577962577962578
2024-09-15,Bahia,Atletico-MG,3.0,0.0,H,1.0,3.0,1.1226158038147138,
2024-09-15,Juventude,Fluminense,2.0,1.0,H,1.0,3.0,0.9306930693069307,1.24375
2024-09-15,Bragantino,Gremio,2.0,2.0,D,0.0,4.0,1.3181818181818181,1.308390022675737
2024-09-15,Botafogo RJ,Corinthians,2.0,1.0,H,1.0,3.0,1.1777777777777778,1.185031185031185
2024-09-15,Palmeiras,Criciuma,5.0,0.0,H,1.0,5.0,1.4853273137697518,1.09
2024-09-17,Internacional,Cuiaba,3.0,0.0,H,1.0,3.0,1.2471655328798186,0.927536231884058
2024-09-21,Corinthians,Atletico GO,3.0,0.0,H,1.0,3.0,1.1846473029045643,0.9629629629629629
2024-09-21,Vitoria,Juventude,1.0,0.0,H,1.0,1.0,1.2083333333333333,0.9411764705882353
2024-09-21,Fluminense,Botafogo RJ,0.0,1.0,A,2.0,1.0,1.2432432432432432,1.1798029556650247
2024-09-22,Gremio,Flamengo RJ,3.0,2.0,H,1.0,5.0,1.3099547511312217,1.4802494802494803
2024-09-22,Sao Paulo,Internacional,1.0,3.0,A,2.0,4.0,1.2572614107883817,1.251131221719457
2024-09-22,Vasco,Palmeiras,0.0,1.0,A,2.0,1.0,1.0668693009118542,1.4932432432432432
2024-09-22,Atletico-MG,Bragantino,3.0,0.0,H,1.0,3.0,,1.3220338983050848
2024-09-22,Cuiaba,Cruzeiro,0.0,0.0,D,0.0,0.0,0.920863309352518,1.25
2024-09-22,Fortaleza,Bahia,4.0,1.0,H,1.0,5.0,1.162037037037037,1.127717391304348
2024-09-23,Criciuma,Athletico-PR,0.0,0.0,D,0.0,0.0,1.0792079207920793,1.2307692307692308
2024-09-25,Bragantino,Internacional,2.0,2.0,D,0.0,4.0,1.3146067415730338,1.255079006772009
2024-09-25,Gremio,Criciuma,1.0,2.0,A,2.0,3.0,1.3137697516930023,1.0686274509803921
2024-09-28,Palmeiras,Atletico-MG,2.0,1.0,H,1.0,3.0,1.4921348314606742,
2024-09-29,Internacional,Vitoria,3.0,1.0,H,1.0,4.0,1.2567567567567568,1.207373271889401
2024-09-29,Cruzeiro,Vasco,1.0,1.0,D,0.0,2.0,1.2466124661246611,1.0636363636363637
2024-09-29,Bahia,Criciuma,1.0,0.0,H,1.0,1.0,1.127371273712737,1.0776699029126213
2024-09-29,Sao Paulo,Corinthians,3.0,1.0,H,1.0,4.0,1.2567287784679089,1.1884057971014492
2024-09-29,Atletico GO,Fluminense,1.0,0.0,H,1.0,1.0,0.9585253456221198,1.2406639004149378
2024-09-29,Juventude,Bragantino,1.0,1.0,D,0.0,2.0,0.9320388349514563,1.318435754189944
2024-09-29,Botafogo RJ,Gremio,0.0,0.0,D,0.0,0.0,1.1793611793611793,1.313063063063063
2024-09-29,Fortaleza,Cuiaba,1.0,0.0,H,1.0,1.0,1.1751152073732718,0.9142857142857143
2024-09-30,Flamengo RJ,Athletico-PR,1.0,0.0,H,1.0,1.0,1.4813278008298756,1.2279909706546275
2024-10-03,Criciuma,Atletico GO,2.0,0.0,H,1.0,2.0,1.0673076923076923,0.9587155963302753
2024-10-04,Fluminense,Cruzeiro,1.0,0.0,H,1.0,1.0,1.2380952380952381,1.2459459459459459
2024-10-05,Bahia,Flamengo RJ,0.0,2.0,A,2.0,2.0,1.127027027027027,1.4803312629399585
2024-10-05,Cuiaba,Sao Paulo,2.0,0.0,H,1.0,2.0,0.9078014184397163,1.2603305785123966
2024-10-05,Corinthians,Internacional,2.0,2.0,D,0.0,4.0,1.18801652892562,1.2606741573033708
2024-10-05,Bragantino,Palmeiras,0.0,0.0,D,0.0,0.0,1.3166666666666667,1.493273542600897
2024-10-05,Atletico-MG,Vitoria,2.0,2.0,D,0.0,4.0,,1.2064220183486238
2024-10-05,Athletico-PR,Botafogo RJ,0.0,1.0,A,2.0,1.0,1.2252252252252251,1.1764705882352942
2024-10-05,Gremio,Fortaleza,3.0,1.0,H,1.0,4.0,1.3101123595505617,1.1743119266055047
2024-10-06,Vasco,Juventude,1.0,1.0,D,0.0,2.0,1.0634441087613293,0.9326923076923077
2024-10-09,Atletico-MG,Gremio,2.0,1.0,H,1.0,3.0,,1.3139013452914798
2024-10-17,Fortaleza,Atletico-MG,1.0,1.0,D,0.0,2.0,1.17351598173516,
2024-10-17,Sao Paulo,Vasco,3.0,0.0,H,1.0,3.0,1.2577319587628866,1.0632530120481927
2024-10-18,Flamengo RJ,Fluminense,0.0,2.0,A,2.0,2.0,1.4814049586776858,1.237603305785124
2024-10-18,Atletico GO,Cuiaba,0.0,0.0,D,0.0,0.0,0.954337899543379,0.9154929577464789
2024-10-18,Corinthians,Athletico-PR,5.0,2.0,H,1.0,7.0,1.1896907216494845,1.2224719101123596
2024-10-19,Botafogo RJ,Criciuma,1.0,1.0,D,0.0,2.0,1.176039119804401,1.0761904761904761
2024-10-19,Cruzeiro,Bahia,1.0,1.0,D,0.0,2.0,1.2425876010781671,1.123989218328841
2024-10-19,Internacional,Gremio,1.0,0.0,H,1.0,1.0,1.2623318385650224,1.313199105145414
2024-10-19,Vitoria,Bragantino,1.0,0.0,H,1.0,1.0,1.2100456621004567,1.3093922651933703
2024-10-21,Juventude,Palmeiras,3.0,5.0,A,2.0,8.0,0.9333333333333333,1.4899328859060403
2024-10-22,Fluminense,Athletico-PR,1.0,0.0,H,1.0,1.0,1.2391752577319588,1.2242152466367713
2024-10-24,Vasco,Cuiaba,1.0,0.0,H,1.0,1.0,1.06006006006006,0.9090909090909091
2024-10-26,Atletico-MG,Internacional,1.0,3.0,A,2.0,4.0,,1.261744966442953
2024-10-26,Palmeiras,Fortaleza,2.0,2.0,D,0.0,4.0,1.4977678571428572,1.1727272727272726
2024-10-26,Bragantino,Botafogo RJ,0.0,1.0,A,2.0,1.0,1.3021978021978022,1.175609756097561
2024-10-26,Athletico-PR,Cruzeiro,3.0,0.0,H,1.0,3.0,1.221476510067114,1.2419354838709677
2024-10-26,Gremio,Atletico GO,3.0,1.0,H,1.0,4.0,1.3102678571428572,0.95
2024-10-26,Flamengo RJ,Juventude,4.0,2.0,H,1.0,6.0,1.4783505154639176,0.9528301886792453
2024-10-26,Vitoria,Fluminense,2.0,1.0,H,1.0,3.0,1.209090909090909,1.2386831275720165
2024-10-27,Criciuma,Sao Paulo,1.0,1.0,D,0.0,2.0,1.0754716981132075,1.2613168724279835
2024-10-28,Cuiaba,Corinthians,0.0,1.0,A,2.0,1.0,0.9027777777777778,1.1975308641975309
2024-10-29,Vasco,Bahia,3.0,2.0,H,1.0,5.0,1.0598802395209581,1.1236559139784945
2024-10-30,Internacional,Flamengo RJ,1.0,1.0,D,0.0,2.0,1.265625,1.4835390946502058
2024-11-02,Juventude,Fortaleza,0.0,3.0,A,2.0,3.0,0.9626168224299065,1.1764705882352942
2024-11-02,Fluminense,Gremio,2.0,2.0,D,0.0,4.0,1.2381930184804928,1.3140311804008908
2024-11-02,Bragantino,Cuiaba,0.0,0.0,D,0.0,0.0,1.2950819672131149,0.896551724137931
2024-11-02,Athletico-PR,Vitoria,1.0,2.0,A,2.0,3.0,1.2254464285714286,1.2126696832579185
2024-11-04,Corinthians,Palmeiras,2.0,0.0,H,1.0,2.0,1.1971252566735113,1.4988864142538976
2024-11-06,Bahia,Sao Paulo,0.0,3.0,A,2.0,3.0,1.126005361930295,1.2607802874743326
2024-11-06,Botafogo RJ,Vasco,3.0,0.0,H,1.0,3.0,1.1751824817518248,1.0656716417910448
2024-11-06,Internacional,Criciuma,2.0,0.0,H,1.0,2.0,1.265033407572383,1.074766355140187
2024-11-07,Atletico GO,Atletico-MG,1.0,0.0,H,1.0,1.0,0.9502262443438914,
2024-11-07,Cruzeiro,Flamengo RJ,0.0,1.0,A,2.0,1.0,1.2386058981233243,1.482546201232033
2024-11-08,Internacional,Fluminense,2.0,0.0,H,1.0,2.0,1.2666666666666666,1.2397540983606556
2024-11-09,Fortaleza,Vasco,3.0,0.0,H,1.0,3.0,1.1846846846846846,1.0625
2024-11-09,Juventude,Bahia,2.0,1.0,H,1.0,3.0,0.9537037037037037,1.1229946524064172
2024-11-09,Cruzeiro,Criciuma,2.0,1.0,H,1.0,3.0,1.2352941176470589,1.0648148148148149
2024-11-09,Palmeiras,Gremio,1.0,0.0,H,1.0,1.0,1.4955555555555555,1.3155555555555556
2024-11-09,Vitoria,Corinthians,1.0,2.0,A,2.0,3.0,1.2162162162162162,1.1987704918032787
2024-11-09,Botafogo RJ,Cuiaba,0.0,0.0,D,0.0,0.0,1.1796116504854368,0.8904109589041096
2024-11-09,Atletico GO,Bragantino,0.0,0.0,D,0.0,0.0,0.9504504504504504,1.2880434782608696
2024-11-10,Sao Paulo,Athletico-PR,2.0,1.0,H,1.0,3.0,1.264344262295082,1.2249443207126949
2024-11-13,Flamengo RJ,Atletico-MG,0.0,0.0,D,0.0,0.0,1.4815573770491803,
2024-11-16,Athletico-PR,Atletico-MG,1.0,0.0,H,1.0,1.0,1.2244444444444444,
2024-11-20,Cuiaba,Flamengo RJ,1.0,2.0,A,2.0,3.0,0.8843537414965986,1.478527607361963
2024-11-20,Corinthians,Cruzeiro,2.0,1.0,H,1.0,3.0,1.2004089979550103,1.2373333333333334
2024-11-20,Athletico-PR,Atletico GO,2.0,0.0,H,1.0,2.0,1.2239467849223946,0.9461883408071748
2024-11-20,Bragantino,Sao Paulo,1.0,1.0,D,0.0,2.0,1.281081081081081,1.2658486707566463
2024-11-20,Criciuma,Vitoria,0.0,1.0,A,2.0,1.0,1.0642201834862386,1.2152466367713004
2024-11-20,Bahia,Palmeiras,1.0,2.0,A,2.0,3.0,1.1226666666666667,1.4944567627494456
2024-11-20,Gremio,Juventude,2.0,2.0,D,0.0,4.0,1.312638580931264,0.963302752293578
2024-11-21,Atletico-MG,Botafogo RJ,0.0,0.0,D,0.0,0.0,,1.1767554479418887
2024-11-21,Vasco,Internacional,0.0,1.0,A,2.0,1.0,1.0593471810089021,1.2682926829268293
2024-11-23,Juventude,Cuiaba,1.0,1.0,D,0.0,2.0,0.9727272727272728,0.8851351351351351
2024-11-23,Botafogo RJ,Vitoria,1.0,1.0,D,0.0,2.0,1.173913043478261,1.2142857142857142
2024-11-23,Atletico GO,Palmeiras,0.0,1.0,A,2.0,1.0,0.9419642857142857,1.4955752212389382
2024-11-23,Fluminense,Fortaleza,2.0,2.0,D,0.0,4.0,1.2372188139059306,1.1928251121076232
2024-11-24,Sao Paulo,Atletico-MG,2.0,2.0,D,0.0,4.0,1.2653061224489797,
2024-11-24,Bahia,Athletico-PR,1.0,1.0,D,0.0,2.0,1.122340425531915,1.2256637168141593
2024-11-24,Corinthians,Vasco,3.0,1.0,H,1.0,4.0,1.2020408163265306,1.0562130177514792
2024-11-24,Internacional,Bragantino,4.0,1.0,H,1.0,5.0,1.2676991150442478,1.2795698924731183
2024-11-26,Fluminense,Criciuma,0.0,0.0,D,0.0,0.0,1.2387755102040816,1.0545454545454545
2024-11-26,Fortaleza,Flamengo RJ,0.0,0.0,D,0.0,0.0,1.1964285714285714,1.4795918367346939
2024-11-27,Atletico-MG,Juventude,2.0,3.0,A,2.0,5.0,,0.972972972972973
2024-11-27,Palmeiras,Botafogo RJ,1.0,3.0,A,2.0,4.0,1.4944812362030906,1.1734939759036145
2024-11-28,Cruzeiro,Gremio,1.0,1.0,D,0.0,2.0,1.2367021276595744,1.3141592920353982
2024-11-30,Cuiaba,Bahia,1.0,2.0,A,2.0,3.0,0.8859060402684564,1.1220159151193634
2024-11-30,Criciuma,Corinthians,2.0,4.0,A,2.0,6.0,1.045045045045045,1.2057026476578412
2024-12-01,Vasco,Atletico GO,2.0,2.0,D,0.0,4.0,1.056047197640118,0.9377777777777778
2024-12-01,Flamengo RJ,Internacional,3.0,2.0,H,1.0,5.0,1.4765784114052953,1.2737306843267109
2024-12-01,Gremio,Sao Paulo,2.0,1.0,H,1.0,3.0,1.3134657836644592,1.2668024439918533
2024-12-01,Athletico-PR,Fluminense,1.0,1.0,D,0.0,2.0,1.2251655629139073,1.2362525458248472
2024-12-01,Bragantino,Cruzeiro,1.0,1.0,D,0.0,2.0,1.2780748663101604,1.2360742705570291
2024-12-01,Vitoria,Fortaleza,2.0,0.0,H,1.0,2.0,1.2133333333333334,1.191111111111111
2024-12-03,Corinthians,Bahia,3.0,0.0,H,1.0,3.0,1.2113821138211383,1.1243386243386244
2024-12-04,Vitoria,Gremio,1.0,1.0,D,0.0,2.0,1.2168141592920354,1.3149779735682818
2024-12-04,Sao Paulo,Juventude,1.0,2.0,A,2.0,3.0,1.266260162601626,0.9910714285714286
2024-12-04,Vasco,Atletico-MG,2.0,0.0,H,1.0,2.0,1.0588235294117647,
2024-12-04,Criciuma,Flamengo RJ,0.0,3.0,A,2.0,3.0,1.0535714285714286,1.4796747967479675
2024-12-05,Atletico GO,Fortaleza,3.0,1.0,H,1.0,4.0,0.9424778761061947,1.1858407079646018
2024-12-05,Cruzeiro,Palmeiras,1.0,2.0,A,2.0,3.0,1.2354497354497354,1.4933920704845816
2024-12-05,Internacional,Botafogo RJ,0.0,1.0,A,2.0,1.0,1.275330396475771,1.1778846153846154
2024-12-05,Athletico-PR,Bragantino,1.0,2.0,A,2.0,3.0,1.224669603524229,1.2765957446808511
2024-12-05,Fluminense,Cuiaba,1.0,0.0,H,1.0,1.0,1.2357723577235773,0.8866666666666667
2024-12-08,Botafogo RJ,Sao Paulo,2.0,1.0,H,1.0,3.0,1.1774580335731415,1.2657200811359026
2024-12-08,Atletico-MG,Athletico-PR,1.0,0.0,H,1.0,1.0,,1.2241758241758243
2024-12-08,Bahia,Atletico GO,2.0,0.0,H,1.0,2.0,1.121372031662269,0.9515418502202643
2024-12-08,Bragantino,Criciuma,5.0,1.0,H,1.0,6.0,1.2804232804232805,1.0442477876106195
2024-12-08,Cuiaba,Vasco,1.0,2.0,A,2.0,3.0,0.8807947019867549,1.06158357771261
2024-12-08,Flamengo RJ,Vitoria,2.0,2.0,D,0.0,4.0,1.4827586206896552,1.2158590308370043
2024-12-08,Fortaleza,Internacional,3.0,0.0,H,1.0,3.0,1.1850220264317182,1.2725274725274724
2024-12-08,Gremio,Corinthians,0.0,3.0,A,2.0,3.0,1.3142857142857143,1.2150101419878296
2024-12-08,Juventude,Cruzeiro,0.0,1.0,A,2.0,1.0,1.0,1.2348284960422165
2024-12-08,Palmeiras,Fluminense,0.0,1.0,A,2.0,1.0,1.4945054945054945,1.2352941176470589
2025-03-29,Sao Paulo,Sport Recife,0.0,0.0,D,0.0,0.0,1.2651821862348178,1.0296052631578947
2025-03-29,Juventude,Vitoria,2.0,0.0,H,1.0,2.0,0.9912280701754386,1.219298245614035
2025-03-29,Fortaleza,Fluminense,2.0,0.0,H,1.0,2.0,1.1929824561403508,1.2348178137651822
2025-03-29,Gremio,Atletico-MG,2.0,1.0,H,1.0,3.0,1.3114035087719298,
2025-03-29,Cruzeiro,Mirassol,2.0,1.0,H,1.0,3.0,1.2342105263157894,1.0
2025-03-30,Flamengo RJ,Internacional,1.0,1.0,D,0.0,2.0,1.4838056680161944,1.269736842105263
2025-03-30,Palmeiras,Botafogo RJ,0.0,0.0,D,0.0,0.0,1.4912280701754386,1.1794258373205742
2025-03-30,Vasco,Santos,2.0,1.0,H,1.0,3.0,1.064327485380117,1.269736842105263
2025-03-31,Bahia,Corinthians,1.0,1.0,D,0.0,2.0,1.1236842105263158,1.2186234817813766
2025-04-01,Bragantino,Ceara,2.0,2.0,D,0.0,4.0,1.3,1.0263157894736843
2025-04-05,Corinthians,Vasco,3.0,0.0,H,1.0,3.0,1.2181818181818183,1.0670553935860059
2025-04-05,Ceara,Gremio,2.0,0.0,H,1.0,2.0,1.031413612565445,1.312910284463895
2025-04-06,Botafogo RJ,Juventude,2.0,0.0,H,1.0,2.0,1.1766109785202863,1.0
2025-04-06,Atletico-MG,Sao Paulo,0.0,0.0,D,0.0,0.0,,1.2626262626262625
2025-04-06,Fluminense,Bragantino,2.0,1.0,H,1.0,3.0,1.2323232323232323,1.3036649214659686
2025-04-06,Internacional,Cruzeiro,3.0,0.0,H,1.0,3.0,1.2691466083150984,1.236220472440945
2025-04-06,Mirassol,Fortaleza,1.0,1.0,D,0.0,2.0,1.0,1.1965065502183405
2025-04-06,Sport Recife,Palmeiras,1.0,2.0,A,2.0,3.0,1.0262295081967212,1.487964989059081
2025-04-06,Vitoria,Flamengo RJ,1.0,2.0,A,2.0,3.0,1.2139737991266375,1.4828282828282828
2025-04-07,Santos,Bahia,2.0,2.0,D,0.0,4.0,1.2691466083150984,1.1233595800524934
2025-04-12,Palmeiras,Corinthians,2.0,0.0,H,1.0,2.0,1.4890829694323144,1.221774193548387
2025-04-12,Juventude,Ceara,2.0,1.0,H,1.0,3.0,0.9913793103448276,1.0364583333333333
2025-04-12,Bragantino,Botafogo RJ,1.0,0.0,H,1.0,1.0,1.3020833333333333,1.1785714285714286
2025-04-13,Vasco,Sport Recife,3.0,1.0,H,1.0,4.0,1.063953488372093,1.026143790849673
2025-04-13,Bahia,Mirassol,1.0,1.0,D,0.0,2.0,1.12565445026178,1.0
2025-04-13,Gremio,Flamengo RJ,0.0,2.0,A,2.0,2.0,1.3100436681222707,1.4838709677419355
2025-04-13,Sao Paulo,Cruzeiro,1.0,1.0,D,0.0,2.0,1.2600806451612903,1.2329842931937174
2025-04-13,Fluminense,Santos,1.0,0.0,H,1.0,1.0,1.2338709677419355,1.2707423580786026
2025-04-14,Fortaleza,Internacional,0.0,0.0,D,0.0,0.0,1.1956521739130435,1.2729257641921397
2025-04-14,Atletico-MG,Vitoria,2.0,2.0,D,0.0,4.0,,1.2130434782608697
2025-04-16,Internacional,Palmeiras,0.0,1.0,A,2.0,1.0,1.2701525054466232,1.4901960784313726
2025-04-16,Corinthians,Fluminense,0.0,2.0,A,2.0,2.0,1.2193158953722334,1.233400402414487
2025-04-16,Sport Recife,Bragantino,0.0,1.0,A,2.0,1.0,1.0260586319218241,1.3005181347150259
2025-04-16,Ceara,Vasco,2.0,1.0,H,1.0,3.0,1.0362694300518134,1.0695652173913044
2025-04-16,Botafogo RJ,Sao Paulo,2.0,2.0,D,0.0,4.0,1.175771971496437,1.2595573440643864
2025-04-16,Mirassol,Gremio,4.0,1.0,H,1.0,5.0,1.0,1.3071895424836601
2025-04-17,Vitoria,Fortaleza,2.0,1.0,H,1.0,3.0,1.2164502164502164,1.1904761904761905
2025-04-17,Flamengo RJ,Juventude,6.0,0.0,H,1.0,6.0,1.4849094567404426,1.0
2025-04-17,Santos,Atletico-MG,2.0,0.0,H,1.0,2.0,1.2679738562091503,
2025-04-18,Cruzeiro,Bahia,3.0,0.0,H,1.0,3.0,1.2323759791122715,1.1253263707571801
2025-04-19,Corinthians,Sport Recife,2.0,1.0,H,1.0,3.0,1.216867469879518,1.0227272727272727
2025-04-19,Vasco,Flamengo RJ,0.0,0.0,D,0.0,0.0,1.069364161849711,1.4939759036144578
2025-04-20,Sao Paulo,Santos,2.0,1.0,H,1.0,3.0,1.2610441767068272,1.2695652173913043
2025-04-20,Fluminense,Vitoria,1.0,1.0,D,0.0,2.0,1.2349397590361446,1.2198275862068966
2025-04-20,Fortaleza,Palmeiras,1.0,2.0,A,2.0,3.0,1.1896551724137931,1.4891304347826086
2025-04-20,Atletico-MG,Botafogo RJ,1.0,0.0,H,1.0,1.0,,1.1777251184834123
2025-04-20,Gremio,Internacional,1.0,1.0,D,0.0,2.0,1.3065217391304347,1.267391304347826
2025-04-20,Juventude,Mirassol,2.0,2.0,D,0.0,4.0,0.9915254237288136,1.75
2025-04-21,Bragantino,Cruzeiro,1.0,0.0,H,1.0,1.0,1.2989690721649485,1.2369791666666667
2025-04-22,Bahia,Ceara,1.0,0.0,H,1.0,1.0,1.1223958333333333,1.041237113402062
2025-04-26,Internacional,Juventude,3.0,1.0,H,1.0,4.0,1.2668112798264641,1.0
2025-04-26,Ceara,Sao Paulo,1.0,1.0,D,0.0,2.0,1.035897435897436,1.2625250501002003
2025-04-26,Mirassol,Atletico-MG,2.0,2.0,D,0.0,4.0,1.8,
2025-04-27,Vitoria,Gremio,1.0,1.0,D,0.0,2.0,1.2188841201716738,1.3058568329718003
2025-04-27,Palmeiras,Bahia,0.0,1.0,A,2.0,1.0,1.490238611713666,1.122077922077922
2025-04-27,Cruzeiro,Vasco,1.0,0.0,H,1.0,1.0,1.2337662337662338,1.0662824207492796
2025-04-27,Flamengo RJ,Corinthians,4.0,0.0,H,1.0,4.0,1.4909819639278556,1.218436873747495
2025-04-27,Botafogo RJ,Fluminense,2.0,0.0,H,1.0,2.0,1.1749408983451537,1.2344689378757514
2025-04-27,Sport Recife,Fortaleza,0.0,0.0,D,0.0,0.0,1.022653721682848,1.1888412017167382
2025-04-28,Santos,Bragantino,1.0,2.0,A,2.0,3.0,1.2689804772234274,1.2974358974358975
2025-05-03,Sao Paulo,Fortaleza,0.0,0.0,D,0.0,0.0,1.262,1.1837606837606838
2025-05-03,Ceara,Vitoria,1.0,0.0,H,1.0,1.0,1.0357142857142858,1.2179487179487178
2025-05-03,Corinthians,Internacional,4.0,2.0,H,1.0,6.0,1.216,1.2705627705627707
2025-05-03,Fluminense,Sport Recife,2.0,1.0,H,1.0,3.0,1.232,1.0193548387096774
2025-05-04,Cruzeiro,Flamengo RJ,2.0,1.0,H,1.0,3.0,1.233160621761658,1.496
2025-05-04,Vasco,Palmeiras,0.0,1.0,A,2.0,1.0,1.0632183908045978,1.4870129870129871
2025-05-04,Bahia,Botafogo RJ,1.0,0.0,H,1.0,1.0,1.121761658031088,1.1768867924528301
2025-05-04,Gremio,Santos,1.0,0.0,H,1.0,1.0,1.3051948051948052,1.2683982683982684
2025-05-05,Bragantino,Mirassol,1.0,0.0,H,1.0,1.0,1.3010204081632653,1.8333333333333333
2025-05-06,Juventude,Atletico-MG,0.0,1.0,A,2.0,1.0,1.0,
2025-05-10,Fortaleza,Juventude,5.0,0.0,H,1.0,5.0,1.1787234042553192,0.9917355371900827
2025-05-10,Gremio,Bragantino,1.0,1.0,D,0.0,2.0,1.304535637149028,1.299492385786802
2025-05-10,Mirassol,Corinthians,2.0,1.0,H,1.0,3.0,1.5714285714285714,1.221556886227545
2025-05-10,Vitoria,Vasco,2.0,1.0,H,1.0,3.0,1.2127659574468086,1.0601719197707737
2025-05-11,Sport Recife,Cruzeiro,0.0,4.0,A,2.0,4.0,1.0192926045016077,1.2351421188630491
2025-05-11,Flamengo RJ,Bahia,1.0,0.0,H,1.0,1.0,1.4950099800399201,1.1214470284237725
2025-05-11,Atletico-MG,Fluminense,3.0,2.0,H,1.0,5.0,,1.2335329341317365
2025-05-11,Palmeiras,Sao Paulo,1.0,0.0,H,1.0,1.0,1.4859611231101513,1.2594810379241517
2025-05-12,Botafogo RJ,Internacional,4.0,0.0,H,1.0,4.0,1.1741176470588235,1.2721382289416847
2025-05-13,Santos,Ceara,0.0,0.0,D,0.0,0.0,1.2656587473002159,1.0355329949238579
2025-05-17,Ceara,Sport Recife,2.0,0.0,H,1.0,2.0,1.0303030303030303,1.016025641025641
2025-05-17,Vasco,Fortaleza,3.0,0.0,H,1.0,3.0,1.06,1.194915254237288
2025-05-18,Flamengo RJ,Botafogo RJ,0.0,0.0,D,0.0,0.0,1.4940239043824701,1.1807511737089202
2025-05-18,Juventude,Fluminense,1.0,1.0,D,0.0,2.0,0.9836065573770492,1.2350597609561753
2025-05-18,Bragantino,Palmeiras,1.0,2.0,A,2.0,3.0,1.297979797979798,1.4849137931034482
2025-05-18,Bahia,Vitoria,2.0,1.0,H,1.0,3.0,1.1185567010309279,1.2161016949152543
2025-05-18,Sao Paulo,Gremio,2.0,1.0,H,1.0,3.0,1.2569721115537849,1.3038793103448276
2025-05-18,Corinthians,Santos,1.0,0.0,H,1.0,1.0,1.2211155378486056,1.2629310344827587
2025-05-19,Cruzeiro,Atletico-MG,0.0,0.0,D,0.0,0.0,1.2422680412371134,
2025-05-19,Internacional,Mirassol,1.0,1.0,D,0.0,2.0,1.269396551724138,1.625
2025-05-24,Fluminense,Vasco,2.0,1.0,H,1.0,3.0,1.234592445328032,1.0655270655270654
2025-05-24,Sao Paulo,Mirassol,0.0,2.0,A,2.0,2.0,1.2584493041749503,1.5555555555555556
2025-05-25,Vitoria,Santos,0.0,1.0,A,2.0,1.0,1.2151898734177216,1.260215053763441
2025-05-25,Sport Recife,Internacional,1.0,1.0,D,0.0,2.0,1.012779552715655,1.2688172043010753
2025-05-25,Gremio,Bahia,1.0,0.0,H,1.0,1.0,1.303225806451613,1.1208226221079691
2025-05-25,Atletico-MG,Corinthians,0.0,0.0,D,0.0,0.0,,1.220675944333996
2025-05-25,Palmeiras,Flamengo RJ,0.0,2.0,A,2.0,2.0,1.4860215053763441,1.4910536779324055
2025-05-26,Fortaleza,Cruzeiro,0.0,2.0,A,2.0,2.0,1.1898734177215189,1.2390745501285347
2025-05-27,Bragantino,Juventude,1.0,0.0,H,1.0,1.0,1.2964824120603016,0.983739837398374
2025-05-31,Bahia,Sao Paulo,2.0,1.0,H,1.0,3.0,1.117948717948718,1.255952380952381
2025-06-01,Cruzeiro,Palmeiras,2.0,1.0,H,1.0,3.0,1.241025641025641,1.4828326180257512
2025-06-01,Flamengo RJ,Fortaleza,5.0,0.0,H,1.0,5.0,1.492063492063492,1.184873949579832
2025-06-01,Ceara,Atletico-MG,0.0,1.0,A,2.0,1.0,1.035175879396985,
2025-06-01,Corinthians,Vitoria,0.0,0.0,D,0.0,0.0,1.2182539682539681,1.2100840336134453
2025-06-01,Juventude,Gremio,0.0,2.0,A,2.0,2.0,0.9758064516129032,1.3025751072961373
2025-06-01,Mirassol,Sport Recife,1.0,0.0,H,1.0,1.0,1.6,1.0127388535031847
2025-06-01,Vasco,Bragantino,0.0,2.0,A,2.0,2.0,1.0653409090909092,1.295
2025-06-01,Santos,Botafogo RJ,0.0,1.0,A,2.0,1.0,1.259656652360515,1.1779859484777517
2025-06-02,Internacional,Fluminense,0.0,2.0,A,2.0,2.0,1.2682403433476395,1.2361111111111112
2025-06-05,Botafogo RJ,Ceara,3.0,2.0,H,1.0,5.0,1.1775700934579438,1.03
2025-06-12,Bragantino,Bahia,0.0,3.0,A,2.0,3.0,1.2985074626865671,1.1202046035805626
2025-06-12,Vitoria,Cruzeiro,0.0,0.0,D,0.0,0.0,1.205020920502092,1.2429667519181586
2025-06-12,Fortaleza,Santos,2.0,3.0,A,2.0,5.0,1.1799163179916319,1.2569593147751605
2025-06-13,Atletico-MG,Internacional,2.0,0.0,H,1.0,2.0,,1.265524625267666
2025-06-13,Sao Paulo,Vasco,1.0,3.0,A,2.0,4.0,1.2554455445544555,1.0623229461756374
2025-06-13,Gremio,Corinthians,1.0,1.0,D,0.0,2.0,1.3040685224839401,1.2158415841584158
2025-07-12,Flamengo RJ,Sao Paulo,2.0,0.0,H,1.0,2.0,1.499009900990099,1.2549407114624507
2025-07-12,Internacional,Vitoria,1.0,0.0,H,1.0,1.0,1.2628205128205128,1.2
2025-07-12,Vasco,Botafogo RJ,0.0,2.0,A,2.0,2.0,1.0677966101694916,1.1818181818181819
2025-07-13,Bahia,Atletico-MG,2.0,1.0,H,1.0,3.0,1.125,
2025-07-13,Corinthians,Bragantino,1.0,2.0,A,2.0,3.0,1.215415019762846,1.2920792079207921
2025-07-14,Cruzeiro,Gremio,4.0,1.0,H,1.0,5.0,1.239795918367347,1.3034188034188035
2025-07-14,Fortaleza,Ceara,0.0,1.0,A,2.0,1.0,1.1833333333333333,1.0348258706467661
2025-07-15,Juventude,Sport Recife,2.0,0.0,H,1.0,2.0,0.968,1.0095238095238095
2025-07-16,Ceara,Corinthians,0.0,1.0,A,2.0,1.0,1.0346534653465347,1.2149901380670611
2025-07-16,Palmeiras,Mirassol,1.0,1.0,D,0.0,2.0,1.4817987152034262,1.5454545454545454
2025-07-17,Bragantino,Sao Paulo,2.0,2.0,D,0.0,4.0,1.2955665024630543,1.252465483234714
2025-07-17,Fluminense,Cruzeiro,0.0,2.0,A,2.0,2.0,1.2376237623762376,1.2468193384223918
2025-07-17,Santos,Flamengo RJ,1.0,0.0,H,1.0,1.0,1.2606837606837606,1.5
2025-07-17,Botafogo RJ,Vitoria,0.0,0.0,D,0.0,0.0,1.1837209302325582,1.1950207468879668
2025-07-19,Fortaleza,Bahia,1.0,1.0,D,0.0,2.0,1.1784232365145229,1.1272264631043256
2025-07-19,Vasco,Gremio,1.0,1.0,D,0.0,2.0,1.064788732394366,1.302771855010661
2025-07-19,Mirassol,Santos,3.0,0.0,H,1.0,3.0,1.5,1.2601279317697227
2025-07-20,Flamengo RJ,Fluminense,1.0,0.0,H,1.0,1.0,1.4970414201183433,1.2351778656126482
2025-07-20,Palmeiras,Atletico-MG,3.0,2.0,H,1.0,5.0,1.4807692307692308,
2025-07-20,Vitoria,Bragantino,1.0,0.0,H,1.0,1.0,1.1900826446280992,1.2990196078431373
2025-07-20,Sport Recife,Botafogo RJ,0.0,1.0,A,2.0,1.0,1.0063291139240507,1.1809744779582367
2025-07-20,Internacional,Ceara,1.0,0.0,H,1.0,1.0,1.2622601279317698,1.0295566502463054
2025-07-20,Sao Paulo,Corinthians,2.0,0.0,H,1.0,2.0,1.2539370078740157,1.2145669291338583
2025-07-20,Cruzeiro,Juventude,4.0,0.0,H,1.0,4.0,1.248730964467005,0.9761904761904762
2025-07-23,Ceara,Mirassol,0.0,2.0,A,2.0,2.0,1.0245098039215685,1.6153846153846154
2025-07-23,Fluminense,Palmeiras,1.0,2.0,A,2.0,3.0,1.232741617357002,1.4840085287846483
2025-07-23,Corinthians,Cruzeiro,0.0,0.0,D,0.0,0.0,1.2121807465618861,1.2556962025316456
2025-07-24,Bragantino,Flamengo RJ,1.0,2.0,A,2.0,3.0,1.2926829268292683,1.4960629921259843
2025-07-24,Santos,Internacional,1.0,2.0,A,2.0,3.0,1.2574468085106383,1.2617021276595746
2025-07-24,Vitoria,Sport Recife,2.0,2.0,D,0.0,4.0,1.1893004115226338,1.003154574132492
2025-07-24,Juventude,Sao Paulo,0.0,1.0,A,2.0,1.0,0.968503937007874,1.2554027504911591
2025-07-26,Sport Recife,Santos,2.0,2.0,D,0.0,4.0,1.0062893081761006,1.256900212314225
2025-07-26,Mirassol,Vitoria,1.0,1.0,D,0.0,2.0,1.6428571428571428,1.1926229508196722
2025-07-26,Fortaleza,Bragantino,3.0,1.0,H,1.0,4.0,1.177685950413223,1.2912621359223302
2025-07-26,Botafogo RJ,Corinthians,1.0,1.0,D,0.0,2.0,1.1805555555555556,1.2098039215686274
2025-07-27,Palmeiras,Gremio,1.0,0.0,H,1.0,1.0,1.4851063829787234,1.3021276595744682
2025-07-27,Cruzeiro,Ceara,1.0,2.0,A,2.0,3.0,1.2525252525252526,1.0195121951219512
2025-07-27,Sao Paulo,Fluminense,3.0,1.0,H,1.0,4.0,1.2549019607843137,1.2322834645669292
2025-07-27,Bahia,Juventude,3.0,0.0,H,1.0,3.0,1.1269035532994924,0.9609375
2025-07-27,Internacional,Vasco,1.0,1.0,D,0.0,2.0,1.2632696390658174,1.0646067415730338
2025-07-28,Flamengo RJ,Atletico-MG,1.0,0.0,H,1.0,1.0,1.4970530451866404,
2025-07-30,Gremio,Fortaleza,2.0,1.0,H,1.0,3.0,1.2993630573248407,1.1851851851851851
2025-08-02,Mirassol,Vasco,3.0,2.0,H,1.0,5.0,1.6,1.0644257703081232
2025-08-02,Sport Recife,Bahia,0.0,0.0,D,0.0,0.0,1.0094043887147335,1.1316455696202532
2025-08-03,Fluminense,Gremio,1.0,0.0,H,1.0,1.0,1.231827111984283,1.3008474576271187
2025-08-03,Botafogo RJ,Cruzeiro,0.0,2.0,A,2.0,2.0,1.1801385681293302,1.251889168765743
2025-08-03,Corinthians,Fortaleza,1.0,1.0,D,0.0,2.0,1.2093933463796478,1.1844262295081966
2025-08-03,Atletico-MG,Bragantino,2.0,1.0,H,1.0,3.0,,1.289855072463768
2025-08-03,Ceara,Flamengo RJ,1.0,1.0,D,0.0,2.0,1.0242718446601942,1.496078431372549
2025-08-03,Vitoria,Palmeiras,2.0,2.0,D,0.0,4.0,1.1918367346938776,1.484076433121019
2025-08-04,Internacional,Sao Paulo,1.0,2.0,A,2.0,3.0,1.2627118644067796,1.258317025440313
2025-08-05,Santos,Juventude,3.0,1.0,H,1.0,4.0,1.2584745762711864,0.9534883720930233
2025-08-09,Flamengo RJ,Mirassol,2.0,1.0,H,1.0,3.0,1.4951076320939334,1.6875
2025-08-09,Sao Paulo,Vitoria,2.0,0.0,H,1.0,2.0,1.259765625,1.1951219512195121
2025-08-09,Bragantino,Internacional,1.0,3.0,A,2.0,4.0,1.2884615384615385,1.26215644820296
2025-08-10,Fortaleza,Botafogo RJ,0.0,5.0,A,2.0,5.0,1.183673469387755,1.1774193548387097
2025-08-10,Bahia,Fluminense,3.0,3.0,D,0.0,6.0,1.128787878787879,1.231372549019608
2025-08-10,Palmeiras,Ceara,2.0,1.0,H,1.0,3.0,1.4851694915254237,1.0241545893719808
2025-08-10,Vasco,Atletico-MG,1.0,1.0,D,0.0,2.0,1.0670391061452513,
2025-08-10,Cruzeiro,Santos,1.0,2.0,A,2.0,3.0,1.2537688442211055,1.26215644820296
2025-08-11,Gremio,Sport Recife,0.0,1.0,A,2.0,1.0,1.2980972515856237,1.00625
2025-08-12,Juventude,Corinthians,2.0,1.0,H,1.0,3.0,0.9538461538461539,1.208984375
2025-08-16,Vitoria,Juventude,2.0,2.0,D,0.0,4.0,1.1902834008097165,0.9618320610687023
2025-08-16,Sport Recife,Sao Paulo,2.0,2.0,D,0.0,4.0,1.0062305295950156,1.2612085769980508
2025-08-16,Fluminense,Fortaleza,2.0,1.0,H,1.0,3.0,1.2348336594911937,1.1788617886178863
2025-08-16,Ceara,Bragantino,1.0,0.0,H,1.0,1.0,1.0240384615384615,1.2870813397129186
2025-08-17,Corinthians,Bahia,1.0,2.0,A,2.0,3.0,1.2085769980506822,1.1335012594458438
2025-08-17,Atletico-MG,Gremio,1.0,3.0,A,2.0,4.0,,1.2953586497890295
2025-08-17,Santos,Vasco,0.0,6.0,A,2.0,6.0,1.2637130801687764,1.0668523676880224
2025-08-17,Internacional,Flamengo RJ,1.0,3.0,A,2.0,4.0,1.2658227848101267,1.49609375
2025-08-18,Botafogo RJ,Palmeiras,0.0,1.0,A,2.0,1.0,1.186206896551724,1.4862579281183932
2025-08-19,Mirassol,Cruzeiro,1.0,1.0,D,0.0,2.0,1.6470588235294117,1.2531328320802004
2025-08-20,Juventude,Vasco,2.0,0.0,H,1.0,2.0,0.9696969696969697,1.0805555555555555
2025-08-23,Cruzeiro,Internacional,2.0,1.0,H,1.0,3.0,1.2525,1.2652631578947369
2025-08-23,Bragantino,Fluminense,4.0,2.0,H,1.0,6.0,1.2809523809523808,1.236328125
2025-08-24,Juventude,Botafogo RJ,1.0,3.0,A,2.0,4.0,0.9774436090225563,1.18348623853211
2025-08-24,Fortaleza,Mirassol,0.0,1.0,A,2.0,1.0,1.1781376518218623,1.6111111111111112
2025-08-24,Gremio,Ceara,0.0,0.0,D,0.0,0.0,1.2989473684210526,1.0239234449760766
2025-08-24,Bahia,Santos,2.0,0.0,H,1.0,2.0,1.135678391959799,1.2610526315789474
2025-08-24,Vasco,Corinthians,2.0,3.0,A,2.0,5.0,1.077562326869806,1.2081712062256809
2025-08-25,Sao Paulo,Atletico-MG,2.0,0.0,H,1.0,2.0,1.2626459143968871,
2025-08-25,Palmeiras,Sport Recife,3.0,0.0,H,1.0,3.0,1.4852320675105486,1.0093167701863355
2025-08-26,Flamengo RJ,Vitoria,8.0,0.0,H,1.0,8.0,1.4990253411306043,1.1935483870967742
2025-08-30,Ceara,Juventude,0.0,1.0,A,2.0,1.0,1.019047619047619,0.9776119402985075
2025-08-30,Botafogo RJ,Bragantino,4.0,1.0,H,1.0,5.0,1.1876430205949657,1.2938388625592416
2025-08-31,Vitoria,Atletico-MG,1.0,0.0,H,1.0,1.0,1.1887550200803212,
2025-08-31,Mirassol,Bahia,5.0,1.0,H,1.0,6.0,1.5789473684210527,1.137844611528822
2025-08-31,Corinthians,Palmeiras,1.0,1.0,D,0.0,2.0,1.2116504854368932,1.4884210526315789
2025-08-31,Flamengo RJ,Gremio,1.0,1.0,D,0.0,2.0,1.5116731517509727,1.296218487394958
2025-08-31,Cruzeiro,Sao Paulo,1.0,0.0,H,1.0,1.0,1.254364089775561,1.2640776699029126
2025-08-31,Santos,Fluminense,0.0,0.0,D,0.0,0.0,1.2584033613445378,1.2378167641325537
2025-09-01,Internacional,Fortaleza,2.0,1.0,H,1.0,3.0,1.2647058823529411,1.1733870967741935
2025-09-01,Sport Recife,Vasco,2.0,3.0,A,2.0,5.0,1.0061919504643964,1.080110497237569
2025-09-13,Gremio,Mirassol,0.0,1.0,A,2.0,1.0,1.2955974842767295,1.75
2025-09-13,Fortaleza,Vitoria,2.0,0.0,H,1.0,2.0,1.1726907630522088,1.188
2025-09-13,Palmeiras,Internacional,4.0,1.0,H,1.0,5.0,1.4873949579831933,1.2662473794549267
2025-09-14,Sao Paulo,Botafogo RJ,1.0,0.0,H,1.0,1.0,1.2616279069767442,1.1940639269406392
2025-09-14,Juventude,Flamengo RJ,0.0,2.0,A,2.0,2.0,0.9777777777777777,1.5106796116504855
2025-09-14,Fluminense,Corinthians,0.0,1.0,A,2.0,1.0,1.235408560311284,1.2112403100775193
2025-09-14,Bragantino,Sport Recife,1.0,1.0,D,0.0,2.0,1.2924528301886793,1.0092592592592593
2025-09-14,Atletico-MG,Santos,1.0,1.0,D,0.0,2.0,,1.2557651991614256
2025-09-15,Vasco,Ceara,2.0,2.0,D,0.0,4.0,1.0853994490358128,1.014218009478673
2025-09-16,Bahia,Cruzeiro,1.0,2.0,A,2.0,3.0,1.1375,1.2537313432835822
2025-09-17,Botafogo RJ,Mirassol,3.0,3.0,D,0.0,6.0,1.1913439635535308,1.7142857142857142
2025-09-20,Vitoria,Fluminense,0.0,1.0,A,2.0,1.0,1.1832669322709164,1.233009708737864
2025-09-20,Botafogo RJ,Atletico-MG,1.0,0.0,H,1.0,1.0,1.1954545454545455,
2025-09-20,Ceara,Bahia,1.0,1.0,D,0.0,2.0,1.0188679245283019,1.1371571072319202
2025-09-21,Sport Recife,Corinthians,1.0,0.0,H,1.0,1.0,1.0092307692307692,1.2108317214700193
2025-09-21,Flamengo RJ,Vasco,1.0,1.0,D,0.0,2.0,1.5116279069767442,1.0879120879120878
2025-09-21,Internacional,Gremio,2.0,3.0,A,2.0,5.0,1.2656903765690377,1.292887029288703
2025-09-21,Palmeiras,Fortaleza,4.0,1.0,H,1.0,5.0,1.4926624737945493,1.176
2025-09-21,Mirassol,Juventude,2.0,0.0,H,1.0,2.0,1.7727272727272727,0.9705882352941176
2025-09-22,Cruzeiro,Bragantino,2.0,1.0,H,1.0,3.0,1.2555831265508686,1.2910798122065728
2025-09-22,Santos,Sao Paulo,1.0,0.0,H,1.0,1.0,1.2552301255230125,1.2611218568665377
2025-09-24,Gremio,Botafogo RJ,1.0,1.0,D,0.0,2.0,1.2964509394572026,1.1950113378684808
2025-09-24,Vasco,Bahia,3.0,1.0,H,1.0,4.0,1.0876712328767124,1.13681592039801
2025-09-27,Fortaleza,Sport Recife,1.0,0.0,H,1.0,1.0,1.1752988047808766,1.00920245398773
2025-09-27,Juventude,Internacional,1.0,1.0,D,0.0,2.0,0.9635036496350365,1.267223382045929
2025-09-27,Vasco,Cruzeiro,2.0,0.0,H,1.0,2.0,1.092896174863388,1.2574257425742574
2025-09-28,Bragantino,Santos,2.0,2.0,D,0.0,4.0,1.2897196261682242,1.254697286012526
2025-09-28,Fluminense,Botafogo RJ,2.0,0.0,H,1.0,2.0,1.2325581395348837,1.1945701357466063
2025-09-28,Gremio,Vitoria,3.0,1.0,H,1.0,4.0,1.2958333333333334,1.1785714285714286
2025-09-28,Atletico-MG,Mirassol,1.0,0.0,H,1.0,1.0,,1.7826086956521738
2025-09-28,Bahia,Palmeiras,1.0,0.0,H,1.0,1.0,1.1364764267990075,1.497907949790795
2025-09-29,Corinthians,Flamengo RJ,1.0,2.0,A,2.0,3.0,1.2084942084942085,1.5106382978723405
2025-09-30,Sao Paulo,Ceara,0.0,1.0,A,2.0,1.0,1.2586872586872586,1.0187793427230047
2025-10-01,Internacional,Corinthians,1.0,1.0,D,0.0,2.0,1.2666666666666666,1.2080924855491328
2025-10-01,Atletico-MG,Juventude,0.0,0.0,D,0.0,0.0,,0.9637681159420289
2025-10-01,Mirassol,Bragantino,1.0,1.0,D,0.0,2.0,1.7083333333333333,1.2930232558139534
2025-10-01,Palmeiras,Vasco,3.0,0.0,H,1.0,3.0,1.4947807933194155,1.095367847411444
2025-10-01,Sport Recife,Fluminense,2.0,2.0,D,0.0,4.0,1.0061162079510704,1.2340425531914894
2025-10-02,Fortaleza,Sao Paulo,0.0,2.0,A,2.0,2.0,1.1746031746031746,1.25626204238921
2025-10-02,Vitoria,Ceara,1.0,0.0,H,1.0,1.0,1.1778656126482214,1.0186915887850467
2025-10-02,Botafogo RJ,Bahia,2.0,1.0,H,1.0,3.0,1.1918735891647856,1.136138613861386
2025-10-02,Santos,Gremio,1.0,1.0,D,0.0,2.0,1.25625,1.2993762993762994
2025-10-03,Flamengo RJ,Cruzeiro,0.0,0.0,D,0.0,0.0,1.5115830115830116,1.254320987654321
2025-10-04,Fluminense,Atletico-MG,3.0,0.0,H,1.0,3.0,1.2355212355212355,
2025-10-04,Bragantino,Gremio,1.0,0.0,H,1.0,1.0,1.2916666666666667,1.2987551867219918
2025-10-04,Internacional,Botafogo RJ,2.0,0.0,H,1.0,2.0,1.2661122661122661,1.1936936936936937
2025-10-05,Juventude,Fortaleza,1.0,2.0,A,2.0,3.0,0.9568345323741008,1.1699604743083003
2025-10-05,Bahia,Flamengo RJ,1.0,0.0,H,1.0,1.0,1.1358024691358024,1.5086705202312138
2025-10-05,Vasco,Vitoria,4.0,3.0,H,1.0,7.0,1.0923913043478262,1.1771653543307086
2025-10-05,Sao Paulo,Palmeiras,2.0,3.0,A,2.0,5.0,1.2576923076923077,1.4979166666666666
2025-10-05,Corinthians,Mirassol,3.0,0.0,H,1.0,3.0,1.2076923076923076,1.68
2025-10-06,Ceara,Santos,3.0,0.0,H,1.0,3.0,1.013953488372093,1.2557172557172558
2025-10-06,Cruzeiro,Sport Recife,1.0,1.0,D,0.0,2.0,1.251231527093596,1.0091463414634145
2025-10-08,Atletico-MG,Sport Recife,3.0,1.0,H,1.0,4.0,,1.0091185410334347
2025-10-09,Mirassol,Fluminense,2.0,1.0,H,1.0,3.0,1.6153846153846154,1.2389210019267822
2025-10-11,Palmeiras,Juventude,4.0,1.0,H,1.0,5.0,1.501039501039501,0.9571428571428572
2025-10-15,Palmeiras,Bragantino,5.0,1.0,H,1.0,6.0,1.5062240663900415,1.2903225806451613
2025-10-15,Botafogo RJ,Flamengo RJ,0.0,3.0,A,2.0,3.0,1.1910112359550562,1.5057692307692307
2025-10-16,Gremio,Sao Paulo,2.0,0.0,H,1.0,2.0,1.2960662525879918,1.2591170825335893
2025-10-16,Santos,Corinthians,3.0,1.0,H,1.0,4.0,1.2531120331950207,1.2111324376199617
2025-10-16,Fortaleza,Vasco,0.0,2.0,A,2.0,2.0,1.1732283464566928,1.100271002710027
2025-10-16,Mirassol,Internacional,3.0,1.0,H,1.0,4.0,1.6296296296296295,1.2676348547717842
2025-10-16,Sport Recife,Ceara,1.0,1.0,D,0.0,2.0,1.009090909090909,1.0231481481481481
2025-10-16,Atletico-MG,Cruzeiro,1.0,1.0,D,0.0,2.0,,1.2506142506142506
2025-10-17,Fluminense,Juventude,1.0,0.0,H,1.0,1.0,1.2384615384615385,0.9574468085106383
2025-10-17,Vitoria,Bahia,2.0,1.0,H,1.0,3.0,1.184313725490196,1.1354679802955665
2025-10-18,Corinthians,Atletico-MG,1.0,0.0,H,1.0,1.0,1.210727969348659,
2025-10-19,Mirassol,Sao Paulo,3.0,0.0,H,1.0,3.0,1.6785714285714286,1.2567049808429118
2025-10-19,Internacional,Sport Recife,2.0,0.0,H,1.0,2.0,1.2670807453416149,1.0090634441087614
2025-10-19,Flamengo RJ,Palmeiras,3.0,2.0,H,1.0,5.0,1.5086372360844529,1.5134575569358177
2025-10-19,Cruzeiro,Fortaleza,1.0,0.0,H,1.0,1.0,1.25,1.1686274509803922
2025-10-19,Ceara,Botafogo RJ,0.0,2.0,A,2.0,2.0,1.023041474654378,1.188340807174888
2025-10-20,Bahia,Gremio,4.0,0.0,H,1.0,4.0,1.135135135135135,1.2975206611570247
2025-10-20,Juventude,Bragantino,1.0,0.0,H,1.0,1.0,0.9507042253521126,1.2889908256880733
2025-10-20,Vasco,Fluminense,2.0,0.0,H,1.0,2.0,1.1027027027027028,1.238003838771593
2025-10-21,Santos,Vitoria,0.0,1.0,A,2.0,1.0,1.2567287784679089,1.1875
2025-10-22,Bahia,Internacional,1.0,0.0,H,1.0,1.0,1.142156862745098,1.2685950413223142
2025-10-25,Fluminense,Internacional,1.0,0.0,H,1.0,1.0,1.235632183908046,1.265979381443299
2025-10-25,Fortaleza,Flamengo RJ,1.0,0.0,H,1.0,1.0,1.1640625,1.5114942528735633
2025-10-25,Sport Recife,Mirassol,1.0,2.0,A,2.0,3.0,1.0060240963855422,1.7241379310344827
2025-10-25,Vitoria,Corinthians,0.0,1.0,A,2.0,1.0,1.1867704280155642,1.2103250478011471
2025-10-25,Atletico-MG,Ceara,1.0,0.0,H,1.0,1.0,,1.018348623853211
2025-10-26,Sao Paulo,Bahia,2.0,0.0,H,1.0,2.0,1.254302103250478,1.1418092909535453
2025-10-26,Botafogo RJ,Santos,2.0,2.0,D,0.0,4.0,1.1901565995525727,1.2541322314049588
2025-10-26,Gremio,Juventude,3.0,1.0,H,1.0,4.0,1.2948453608247423,0.951048951048951
2025-10-26,Bragantino,Vasco,0.0,3.0,A,2.0,3.0,1.2831050228310503,1.105121293800539
2025-10-26,Palmeiras,Cruzeiro,0.0,0.0,D,0.0,0.0,1.5144628099173554,1.2493887530562346
2025-10-29,Fluminense,Ceara,1.0,0.0,H,1.0,1.0,1.2351816443594645,1.0136986301369864
2025-11-01,Mirassol,Botafogo RJ,0.0,0.0,D,0.0,0.0,1.7333333333333334,1.1919642857142858
2025-11-01,Cruzeiro,Vitoria,3.0,1.0,H,1.0,4.0,1.2463414634146341,1.182170542635659
2025-11-01,Santos,Fortaleza,1.0,1.0,D,0.0,2.0,1.2556701030927835,1.1634241245136188
2025-11-02,Flamengo RJ,Sport Recife,3.0,0.0,H,1.0,3.0,1.508604206500956,1.006006006006006
2025-11-02,Bahia,Bragantino,2.0,1.0,H,1.0,3.0,1.1390243902439023,1.2772727272727273
2025-11-02,Ceara,Fluminense,2.0,0.0,H,1.0,2.0,1.009090909090909,1.234732824427481
2025-11-02,Corinthians,Gremio,2.0,0.0,H,1.0,2.0,1.2099236641221374,1.2983539094650205
2025-11-02,Internacional,Atletico-MG,0.0,0.0,D,0.0,0.0,1.2633744855967077,
2025-11-02,Juventude,Palmeiras,0.0,2.0,A,2.0,2.0,0.9513888888888888,1.511340206185567
2025-11-02,Vasco,Sao Paulo,0.0,2.0,A,2.0,2.0,1.1102150537634408,1.2557251908396947
2025-11-05,Gremio,Cruzeiro,0.0,1.0,A,2.0,1.0,1.2956878850102669,1.2506082725060828
2025-11-05,Atletico-MG,Bahia,3.0,0.0,H,1.0,3.0,,1.1411192214111923
2025-11-05,Botafogo RJ,Vasco,3.0,0.0,H,1.0,3.0,1.1893095768374164,1.1072386058981234
2025-11-05,Sport Recife,Juventude,0.0,2.0,A,2.0,2.0,1.0029940119760479,0.9448275862068966
2025-11-05,Bragantino,Corinthians,2.0,1.0,H,1.0,3.0,1.2760180995475112,1.2114285714285715
2025-11-05,Vitoria,Internacional,1.0,0.0,H,1.0,1.0,1.1814671814671815,1.2607802874743326
2025-11-06,Sao Paulo,Flamengo RJ,2.0,2.0,D,0.0,4.0,1.2571428571428571,1.5114503816793894
2025-11-06,Fluminense,Mirassol,1.0,0.0,H,1.0,1.0,1.2323809523809524,1.6774193548387097
2025-11-06,Ceara,Fortaleza,1.0,1.0,D,0.0,2.0,1.0135746606334841,1.1627906976744187
2025-11-07,Palmeiras,Santos,2.0,0.0,H,1.0,2.0,1.5123456790123457,1.2551440329218106
2025-11-08,Internacional,Bahia,2.0,2.0,D,0.0,4.0,1.2581967213114753,1.1383495145631068
2025-11-08,Vasco,Juventude,1.0,3.0,A,2.0,4.0,1.1042780748663101,0.952054794520548
2025-11-08,Sport Recife,Atletico-MG,2.0,4.0,A,2.0,6.0,1.0,
2025-11-09,Sao Paulo,Bragantino,0.0,1.0,A,2.0,1.0,1.258555133079848,1.2792792792792793
2025-11-09,Corinthians,Ceara,0.0,1.0,A,2.0,1.0,1.2110266159695817,1.0135135135135136
2025-11-09,Cruzeiro,Fluminense,0.0,0.0,D,0.0,0.0,1.25,1.231939163498099
2025-11-09,Vitoria,Botafogo RJ,0.0,0.0,D,0.0,0.0,1.1807692307692308,1.1933333333333334
2025-11-09,Flamengo RJ,Santos,3.0,2.0,H,1.0,5.0,1.5123809523809524,1.2525667351129364
2025-11-09,Fortaleza,Gremio,2.0,2.0,D,0.0,4.0,1.162162162162162,1.2930327868852458
2025-11-09,Mirassol,Palmeiras,2.0,1.0,H,1.0,3.0,1.625,1.513347022587269
2025-11-12,Atletico-MG,Fortaleza,3.0,3.0,D,0.0,6.0,,1.1653846153846155
2025-11-15,Sport Recife,Flamengo RJ,1.0,5.0,A,2.0,6.0,1.0029761904761905,1.515209125475285
2025-11-16,Santos,Palmeiras,1.0,0.0,H,1.0,1.0,1.2540983606557377,1.5122950819672132
2025-11-16,Bragantino,Atletico-MG,2.0,0.0,H,1.0,2.0,1.2780269058295963,
2025-11-18,Botafogo RJ,Sport Recife,3.0,2.0,H,1.0,5.0,1.1906873614190687,1.002967359050445
2025-11-19,Palmeiras,Vitoria,0.0,0.0,D,0.0,0.0,1.50920245398773,1.1762452107279693
2025-11-20,Santos,Mirassol,1.0,1.0,D,0.0,2.0,1.2535787321063394,1.6363636363636365
2025-11-20,Juventude,Cruzeiro,3.0,3.0,D,0.0,6.0,0.9659863945578231,1.2469733656174333
2025-11-20,Fluminense,Flamengo RJ,2.0,1.0,H,1.0,3.0,1.2296015180265654,1.5218216318785578
2025-11-20,Bahia,Fortaleza,2.0,3.0,A,2.0,5.0,1.1404358353510895,1.1724137931034482
2025-11-20,Gremio,Vasco,2.0,0.0,H,1.0,2.0,1.294478527607362,1.104
2025-11-20,Corinthians,Sao Paulo,3.0,1.0,H,1.0,4.0,1.2087286527514232,1.256166982922201
2025-11-21,Ceara,Internacional,1.0,2.0,A,2.0,3.0,1.0134529147982063,1.2597137014314927
2025-11-22,Botafogo RJ,Gremio,3.0,2.0,H,1.0,5.0,1.1946902654867257,1.2959183673469388
2025-11-23,Flamengo RJ,Bragantino,3.0,0.0,H,1.0,3.0,1.5208333333333333,1.28125
2025-11-23,Palmeiras,Fluminense,0.0,0.0,D,0.0,0.0,1.506122448979592,1.231060606060606
2025-11-23,Bahia,Vasco,1.0,0.0,H,1.0,1.0,1.142512077294686,1.101063829787234
2025-11-23,Sao Paulo,Juventude,2.0,1.0,H,1.0,3.0,1.2556818181818181,0.9797297297297297
2025-11-23,Sport Recife,Vitoria,1.0,3.0,A,2.0,4.0,1.0059171597633136,1.1717557251908397
2025-11-23,Cruzeiro,Corinthians,3.0,0.0,H,1.0,3.0,1.251207729468599,1.2121212121212122
2025-11-24,Mirassol,Ceara,3.0,0.0,H,1.0,3.0,1.6176470588235294,1.0133928571428572
2025-11-25,Internacional,Santos,1.0,1.0,D,0.0,2.0,1.2612244897959184,1.2530612244897958
2025-11-26,Atletico-MG,Flamengo RJ,1.0,1.0,D,0.0,2.0,,1.5236294896030245
2025-11-26,Gremio,Palmeiras,3.0,2.0,H,1.0,5.0,1.2973523421588595,1.5030549898167007
2025-11-26,Bragantino,Fortaleza,0.0,1.0,A,2.0,1.0,1.2755555555555556,1.1793893129770991
2025-11-27,Fluminense,Sao Paulo,6.0,0.0,H,1.0,6.0,1.2287334593572778,1.2570888468809074
2025-11-28,Juventude,Bahia,1.0,1.0,D,0.0,2.0,0.9798657718120806,1.1421686746987951
2025-11-28,Vasco,Internacional,5.0,1.0,H,1.0,6.0,1.0981432360742707,1.260692464358452
2025-11-29,Vitoria,Mirassol,2.0,0.0,H,1.0,2.0,1.1787072243346008,1.6571428571428573
2025-11-29,Santos,Sport Recife,3.0,0.0,H,1.0,3.0,1.2525458248472505,1.0058997050147493
2025-11-30,Ceara,Cruzeiro,1.0,1.0,D,0.0,2.0,1.008888888888889,1.2554216867469878
2025-11-30,Corinthians,Botafogo RJ,2.0,2.0,D,0.0,4.0,1.2098298676748582,1.1986754966887416
2025-11-30,Fortaleza,Atletico-MG,1.0,0.0,H,1.0,1.0,1.1787072243346008,
2025-12-02,Vasco,Mirassol,0.0,2.0,A,2.0,2.0,1.1084656084656084,1.6111111111111112
2025-12-03,Juventude,Santos,0.0,3.0,A,2.0,3.0,0.98,1.2560975609756098
2025-12-03,Gremio,Fluminense,1.0,2.0,A,2.0,3.0,1.3008130081300813,1.2377358490566037
2025-12-03,Bragantino,Vitoria,4.0,0.0,H,1.0,4.0,1.2699115044247788,1.1818181818181819
2025-12-03,Fortaleza,Corinthians,2.0,1.0,H,1.0,3.0,1.178030303030303,1.211320754716981
2025-12-03,Bahia,Sport Recife,2.0,0.0,H,1.0,2.0,1.1418269230769231,1.0029411764705882
2025-12-03,Sao Paulo,Internacional,3.0,0.0,H,1.0,3.0,1.2547169811320755,1.2601626016260163
2025-12-04,Atletico-MG,Palmeiras,0.0,3.0,A,2.0,3.0,,1.5040650406504066
2025-12-04,Flamengo RJ,Ceara,1.0,0.0,H,1.0,1.0,1.5226415094339623,1.008849557522124
2025-12-04,Cruzeiro,Botafogo RJ,2.0,2.0,D,0.0,4.0,1.2548076923076923,1.2004405286343611
2025-12-06,Mirassol,Flamengo RJ,3.0,3.0,D,0.0,6.0,1.6216216216216217,1.5216572504708097
2025-12-07,Internacional,Bragantino,3.0,1.0,H,1.0,4.0,1.2576064908722109,1.2819383259911894
2025-12-07,Santos,Cruzeiro,3.0,0.0,H,1.0,3.0,1.2596348884381339,1.2565947242206235
2025-12-07,Fluminense,Bahia,2.0,0.0,H,1.0,2.0,1.2391713747645952,1.143884892086331
2025-12-07,Sport Recife,Gremio,0.0,4.0,A,2.0,4.0,1.0,1.3002028397565923
2025-12-07,Ceara,Palmeiras,1.0,3.0,A,2.0,4.0,1.0044052863436124,1.5070993914807302
2025-12-07,Botafogo RJ,Fortaleza,4.0,2.0,H,1.0,6.0,1.2021978021978021,1.181132075471698
2025-12-07,Atletico-MG,Vasco,5.0,0.0,H,1.0,5.0,,1.1055408970976253
2025-12-07,Corinthians,Juventude,1.0,1.0,D,0.0,2.0,1.2109227871939736,0.9735099337748344
2025-12-07,Vitoria,Sao Paulo,1.0,0.0,H,1.0,1.0,1.1773584905660377,1.2580037664783428
